Ft 0,Ft 1,Ft 2,Ft 3,Ft 4,Ft 5,Ft 6,Ft 7,Ft 8,Ft 9,Ft 10,Ft 11,Ft 12,Ft 13,Ft14,Ft15,Ft16,Ft17,mark
1.620967441147124,1.056247538599677,0.1142027558130869,6.175593118323691,5.62578865349519,0.581534732197375,7.360084909672007,68,male,very_low,535.0,True,5,5,0,,car,0,0
1.274493754028349,0.8142882858670298,0.7272095362084925,3.606358986903316,1.493780041320891,7.810749616410687,20.3143349646178,24,female,high,846.0,False,3,1,1,quite rich,car,1,0
0.5699311744689372,1.607169989850748,0.4795809893163463,3.521473851771754,1.663726487826803,2.297903396678516,12.83928196583632,67,male,high,782.0,False,0,0,0,moderate,furniture/equipment,1,0
0.5475604357620267,1.72439337920186,0.6823583885699033,1.809471912329094,10.14972052285897,2.999318904640972,49.10852951517463,42,male,medium,132.0,False,3,3,0,quite rich,car,0,0
1.798883775058423,1.748245352930713,1.045645857574172,1.560427302726273,1.269053255615883,1.403952499762197,5.270950817340907,84,male,very_low,708.0,False,0,0,0,,radio/TV,1,0
0.4708174672035844,1.321192053943911,0.5679418741833404,1.18657703297689,1.791226086920512,2.820070082972481,40.34822601878069,39,male,medium,951.0,True,2,2,0,,repairs,1,0
0.7670301409525563,1.319939752836195,1.590671489075467,0.8585455387945871,1.65479820650201,2.009757560270402,13.60561642339139,25,male,low,305.0,True,3,3,0,rich,car,0,0
1.272277021670103,1.991726340394536,1.026693928478947,0.3380620354101256,0.8548550235814033,0.6624045135790774,1.329155603170185,64,male,high,619.0,True,0,0,0,moderate,business,1,0
1.270759774642342,0.7222051093637675,0.7895439076882128,0.2856419348593279,0.1617092555165512,0.6683149987082606,2.896253013448296,35,male,medium,233.0,True,5,3,0,little,education,0,0
0.8378824784375993,1.165680309256481,1.257213619773969,0.2321416832518127,1.571603768054129,1.178976032018114,6.688588365272938,56,male,high,800.0,False,0,0,0,little,domestic appliances,1,0
1.365935730841522,0.8430437390713,1.317276633696392,4.170500205233991,4.331121585861323,2.348548323048797,7.077323531049833,37,male,medium,659.0,,4,3,0,little,radio/TV,0,0
2.149652372329361,0.7138411002557883,0.7883849181506476,2.676879290780164,4.90384503143716,1.863115660757946,14.50160412496465,46,male,medium,266.0,True,5,2,0,little,furniture/equipment,1,0
1.591560082772702,0.8024305476181373,0.8943619018692609,1.777029489454062,1.320205502284101,0.1730730261834192,7.222119169367348,22,male,high,279.0,True,3,5,0,little,furniture/equipment,1,0
2.138023646974171,0.6082387138914781,0.9183873562148439,0.6279196620549323,10.84305261414027,1.235223438226767,6.299789918776851,65,male,high,132.0,False,2,2,0,,domestic appliances,1,0
1.647218666903646,1.049924460030002,0.4520039114277309,0.3592336321389438,0.3217993265588175,1.116210826626251,5.803720511951362,52,male,very_low,649.0,False,3,3,0,rich,furniture/equipment,1,0
1.246983278403738,0.6550059515634771,0.6813476600744678,1.116768525866826,4.442930504810245,0.7368802295259617,12.78539249817122,31,male,low,266.0,True,3,3,0,little,repairs,1,0
1.258348007891225,0.6340458706918072,0.9227801239507384,0.7693705557398777,0.6694925208302817,0.3489268255717144,3.916439858745881,46,male,very_low,538.0,True,5,4,0,quite rich,education,0,0
1.456787370320337,1.435128144058436,0.403465272308676,0.4049137125417221,1.086150273862125,1.571479144427126,7.89641609168545,72,male,medium,449.0,True,5,4,0,moderate,business,1,0
0.9014153303469117,0.7429368242961948,0.364424852594424,0.2614794976487202,1.238839443244238,2.690765149421402,13.8142128349384,74,male,low,191.0,True,0,0,0,moderate,radio/TV,1,0
1.65892546173285,1.079589880209253,0.880566721784344,1.877243328749422,3.596037838248525,5.782861565779756,60.64667893021752,69,female,high,317.0,True,5,3,0,rich,vacation/others,0,0
2.164595214923229,1.017303240718761,0.6566538865502918,0.5089692663226596,0.5410164783589092,0.7920311817478387,11.59762988497927,28,male,high,524.0,True,5,2,1,quite rich,vacation/others,1,0
0.9293905732601371,1.17779662474366,0.2651060114312043,0.05755680224998767,0.1091430085732265,4.406316286358368,6.455287441377825,79,male,very_low,266.0,True,2,0,0,little,repairs,1,0
0.8643139310323585,1.350469977746316,0.1107441458036084,2.285677975438568,4.182720202639846,0.3579383737512567,7.911517902693191,48,male,medium,357.0,False,0,0,0,moderate,radio/TV,1,0
1.501770616086426,1.149049187377237,0.4950995972561403,1.85854321243969,3.085305399460373,2.399957681267006,19.87349907855115,44,male,very_low,151.0,False,0,0,0,little,car,1,0
1.395506707496702,1.136710300058022,0.8988560069853585,0.7140465132935393,1.887338237814049,0.5412416649953186,3.75318103603051,74,male,high,512.0,False,4,3,0,little,radio/TV,0,0
1.180013360739874,0.5280685930796234,2.783489689291034,0.1643282580919342,0.1330265032250508,1.376853289339382,3.914908030303804,30,male,high,768.0,True,2,1,1,little,repairs,1,0
2.9623889428965,1.591242940832594,0.6642477663625521,1.868990936140027,2.671724576655689,1.730481175110294,14.29962477124021,53,male,medium,822.0,True,2,2,0,moderate,vacation/others,0,0
0.9939314623911313,0.7548213875941194,0.8561181919148492,1.162136293953327,0.612726385002058,0.2363754741268421,8.15294602641467,35,male,high,300.0,True,2,2,0,rich,vacation/others,1,0
1.212809805899097,1.502155643095263,0.8221762363419202,0.0476501857360099,0.04833001008336307,1.998420464565323,4.2604928810524,66,male,high,478.0,False,0,0,0,rich,business,1,0
0.3554582668679097,0.469742031377633,0.7428339698361823,3.072647756694924,0.02153613454258439,0.01824996671113166,4.818874307288642,55,male,medium,266.0,,0,0,0,little,radio/TV,1,0
1.691210110293223,1.188082880838937,1.301472231360537,1.380646564343665,0.5807831990371692,3.064535950723011,7.39207627453642,61,male,medium,718.0,False,0,0,0,little,furniture/equipment,1,0
0.956167105114568,1.255773514309451,0.2206571814555376,0.5475118392790639,6.767671356895251e-06,0.1799273115258817,10.40591175646658,76,male,low,119.0,True,4,3,0,rich,repairs,1,0
1.05400246831522,1.394211160981047,1.67267749111177,0.4865632121122029,0.5464398725664906,0.8065093073792331,4.577172420637726,38,male,high,317.0,True,5,3,0,little,business,1,0
0.4253389566536726,1.161319437914236,1.11045706887798,0.4003935607135735,0.6292976391255259,1.832173842843168,15.10587128946334,35,male,high,565.0,False,2,3,0,quite rich,radio/TV,1,0
1.099777657929488,1.14295036269163,1.141546172995084,0.8870933899844907,0.5796035137330627,1.576866243531195,6.324540568810146,49,male,high,905.0,True,5,3,0,little,radio/TV,0,0
4.070900717223021,1.255480230089499,0.799961367514428,0.5492516303693569,0.3338890982659481,0.5096766265409136,11.76473735558116,82,male,high,542.0,True,2,2,0,quite rich,radio/TV,0,0
0.602745139414639,0.7866639796943885,0.3234837911328564,0.4934975603407634,0.05828391829489723,0.7320887845181298,10.94228708900923,72,male,very_low,689.0,True,4,1,0,moderate,radio/TV,1,0
0.8638441067594504,1.717391714495107,0.2842715712838378,2.857551868202457,4.054820451251181,1.774396992105073,19.27849585794205,40,male,medium,529.0,False,0,0,0,,repairs,1,0
1.151829273715644,0.9386083122562535,0.4119537838151594,2.290278589659069,3.440814073412593,2.649689017532116,29.50712642985174,54,male,medium,292.0,False,5,4,0,,furniture/equipment,1,0
1.445847524053082,0.4547633444894839,2.481008077579492,0.9768227156594527,1.141872056499337,2.615586126485894,9.184458610380963,19,male,low,266.0,False,5,3,0,quite rich,education,1,0
0.525742512220013,1.614333412721974,1.754459789500487,2.86678405215563,3.203458763012326,0.6286047732470424,1.505110136737028,22,male,high,748.0,False,5,2,1,quite rich,car,1,0
0.4241202723720665,0.5463127121271286,1.148306522076206,1.436365512054051,0.837335287362635,0.8566054700780615,3.021070863603323,77,male,medium,374.0,True,0,0,0,little,domestic appliances,1,0
0.360538683847157,0.7993811889150712,0.759718036517701,1.025247803603417,8.271850393869022,0.7713778879271124,5.001620266428812,65,male,medium,790.0,True,3,2,0,little,furniture/equipment,0,0
2.087976925057489,1.004167541166611,0.6479181148101186,0.8984445005265247,1.953225107032541,0.660847245836101,14.51824215822888,47,male,high,787.0,True,5,3,0,little,vacation/others,1,0
0.6296700245701272,1.00965272545709,0.7075678078689442,0.3082704086966144,0.04091005353298722,0.5958379474981308,9.418834315232745,30,male,high,151.0,True,5,2,0,quite rich,domestic appliances,0,0
0.7268753513387862,0.3323679054167312,0.3052330074624456,1.874352180588289,1.856269312534204,1.074876204887006,8.377006236309319,64,male,medium,266.0,True,3,4,0,moderate,business,1,0
0.9621435945652385,0.9226068185798604,1.05095217679822,1.427261111591546,0.3146652664465607,0.1232908374187683,10.94734655018287,39,male,medium,339.0,False,5,4,0,moderate,radio/TV,0,0
1.009356308412256,0.8058926045729486,0.5277438583936033,1.095240556429631,0.400856310777875,0.3784746828942619,10.62119277421574,61,male,medium,693.0,True,3,4,0,little,radio/TV,0,0
1.15763495779319,1.446919836837118,1.784886578291349,0.4270420466474316,0.2902882012429148,1.09173670372952,5.298777120421244,31,male,medium,841.0,True,3,3,1,moderate,education,1,0
0.660120137513892,1.682416464034742,1.461664434004502,0.3284199135599004,0.574743641333842,1.406025420524872,14.8410193216073,28,male,medium,371.0,True,0,3,0,quite rich,radio/TV,0,0
0.7656657550256287,0.6224915009170154,0.3918134469242414,0.2262885914004636,0.2746861311329104,1.487945081465064,1.143741240482014,26,male,very_low,266.0,True,5,2,0,rich,radio/TV,1,0
0.881714246336118,1.0963335179721,0.4581688367109114,0.1747051855987711,0.850693025435936,2.636676284666965,7.211966152314103,57,male,medium,261.0,True,3,2,0,little,car,1,0
0.7853487129533839,0.564801164513761,0.1505496841483424,5.628442881621173,4.585570472662754,3.067459475893596,16.05146430186328,47,male,high,916.0,,0,0,0,moderate,radio/TV,0,0
1.097705307468787,0.8987467776968863,0.4990273050345239,1.457972754852177,0.5218614563368413,2.282495844187966,13.66286841098666,67,male,high,549.0,False,4,2,0,quite rich,radio/TV,1,0
0.8261435046116394,1.130347268817669,2.112707776408711,0.4008306027313606,1.197050839375815,7.404819846444791,44.21613849056735,64,female,medium,309.0,False,2,3,0,quite rich,car,1,0
0.4350387056475434,0.7040110799377628,0.3294692196557193,0.2675936749649073,0.1655679153648755,1.515144793189277,6.273207153092003,25,male,high,623.0,True,5,3,1,moderate,repairs,0,0
0.5574113057368677,1.434053626990323,1.2616310366992,2.664643807006886,1.428806691395188,1.883930326408299,6.443021773218558,79,male,medium,596.0,True,3,3,0,quite rich,radio/TV,1,0
1.690684834129197,1.370304181106819,0.7017851768771683,0.8401840676938194,1.320109829274305,2.060577450611649,12.66651293657601,60,male,medium,958.0,True,5,3,0,,business,1,0
0.6523417506111897,0.6396070955886779,1.159317024992884,0.6679803632868562,0.4870412302000658,2.408483919267397,14.76197845477541,58,male,high,921.0,False,4,3,0,moderate,car,0,0
0.6426750673975852,0.7594470670228205,0.8429750193147638,0.6575059271367325,1.553912005372643,2.779657466009438,35.49647536126542,37,male,high,555.0,False,5,3,0,moderate,vacation/others,0,0
1.571749838836795,1.218961988669637,0.845155767782458,0.2414274908318721,0.1678950241656035,0.8437968948856728,6.976764352616875,66,male,very_low,180.0,True,5,3,0,quite rich,radio/TV,1,0
1.610899473896412,0.4740287602377764,0.8397631658385583,0.09907075808013951,0.1796477731667299,1.444118925577007,1.62762680127321,57,male,medium,741.0,True,5,3,0,moderate,radio/TV,1,0
1.194264513934912,0.3312302506659799,0.3296498135487017,4.092594477870233,13.13430995117924,2.307364890902204,27.42627868951345,23,female,medium,860.0,True,5,3,1,little,radio/TV,1,0
1.338144884297283,1.248244746622795,1.208941940230835,2.802086836438067,1.554984971424023,0.0747670270324609,8.195734223480573,63,male,high,266.0,True,5,3,0,little,education,1,0
0.8773536520529602,1.547817586265668,0.1625132153834096,1.773390815358294,2.233131369347613,1.725266594963707,38.51283546486034,59,female,medium,848.0,True,1,2,0,rich,repairs,0,0
0.7371051576452262,0.8170563096795651,0.9615906271986,1.744091708057398,1.274047926054401,2.200179998627344,3.871129014862233,61,male,medium,592.0,False,5,4,0,moderate,domestic appliances,1,0
1.250956714822265,0.8322160663065047,0.8093834847658709,1.743952197563486,0.1792698114757883,0.08889507236728673,6.817668291236179,19,male,high,247.0,True,5,4,0,moderate,car,1,0
0.5422597622139691,0.7208983437506494,0.6634021212864206,1.690986304393975,1.701503035786226,2.621273793789573,22.51715144651174,82,female,medium,396.0,False,3,2,0,moderate,radio/TV,1,0
1.587180092999112,1.25748907753995,1.257859680823927,1.321478122749734,5.336591877271487,3.52621415590129,45.99761106072135,50,male,low,266.0,False,0,3,0,little,radio/TV,1,0
0.5304638901035905,1.161421130514848,0.7852346649846809,0.7955674990453785,1.02099505323596,0.8364628072750713,4.436053168892697,68,male,medium,380.0,True,3,2,0,little,business,1,0
2.959203116248204,1.223768415186952,1.083829732586811,0.210502318050326,0.1560401459848122,0.6103239396166856,1.080165589476036,54,male,medium,218.0,False,5,3,0,quite rich,repairs,1,0
1.408975409165998,1.094775176912167,0.0919456170817228,4.102792369065341,14.73121886808975,2.783899602998806,47.22773012668503,39,male,low,568.0,True,4,1,0,quite rich,car,1,0
1.975136443126633,0.5962600547635463,1.063571996994078,1.580507946031084,1.231127698111556,1.16124805173968,2.764415248263473,83,male,high,868.0,True,5,3,0,little,car,1,0
2.745144429922579,0.897290858552422,0.6526619477624885,0.7582119329100042,2.762481084044236,0.7802944639184991,5.471307913804056,63,male,high,305.0,False,5,3,0,little,radio/TV,1,0
1.706166452152178,1.554419368026155,0.5584305136647081,0.1498623292484251,0.8456814084176626,2.074227495888458,0.4241980296489753,24,male,medium,619.0,True,5,3,1,little,furniture/equipment,0,0
1.221519777789456,1.197078595003289,0.4192382009357668,6.233833871499745,4.526911550795242,2.092741977580359,19.76443752776767,45,male,high,813.0,False,4,3,0,rich,car,1,0
0.597819740206038,0.8152907985644074,1.028513558436977,2.067510807692703,1.532256485141262,0.1461041503162298,16.13435238631049,41,male,high,786.0,True,5,4,0,moderate,education,0,0
1.675765666205484,1.064202252215771,0.4316605956637624,1.967019501478239,4.629926399478776,3.641320400803915,32.81474816167455,39,male,medium,144.0,True,2,3,0,little,furniture/equipment,0,0
0.7108124035855102,2.564655967562898,1.06889934596099,0.7905603550107846,1.185280129941968,1.408490502113323,11.63769246571002,80,male,very_low,582.0,True,1,1,0,,radio/TV,0,0
0.1870998151006813,1.011047857067328,0.5072550969561236,1.963436005640298,2.06807808999527,2.399996879980472,15.14169911618927,45,male,very_low,542.0,False,3,2,0,little,business,1,0
0.5535398524817586,1.051487719519449,0.3296352910559899,1.410642202723046,1.314228272969462,1.620221103039168,23.20768087325636,25,female,high,473.0,False,5,2,1,little,repairs,0,0
0.9673240336716569,1.303293318729847,1.198728150930754,1.143875430567713,2.52712598869,0.2818099190142068,7.518908794370359,24,male,medium,751.0,False,5,2,1,,radio/TV,1,0
2.250765499268058,1.133665450907479,0.948243806976681,0.5336610628906172,0.07846657165876066,0.3018248624868647,8.25418270884094,77,male,high,645.0,True,3,2,0,little,education,0,0
0.6775064456858199,1.384618098877856,0.985582667175127,0.05628971560570301,2.855428331829736,3.809578339048074,0.9850129847085026,81,male,very_low,853.0,True,3,2,0,rich,radio/TV,0,0
1.901503442955251,0.8120740989289235,1.437961024580677,2.449870751266659,1.361148378484728,2.095674654003398,6.496390814567042,50,male,very_low,228.0,False,4,3,0,,furniture/equipment,1,0
1.011893694609546,1.338226504039277,1.17201008388472,1.79553636737224,1.308026123886135,1.756006581217287,8.015077657859923,77,male,low,279.0,True,0,3,0,quite rich,radio/TV,0,0
1.125131037213105,1.561901218393785,1.262131166836891,0.8709608468821137,0.06805496405017071,0.1021421374093952,3.214751616717219,33,male,high,768.0,True,5,2,1,rich,car,1,0
2.341121706987099,0.7753940440393083,0.6442022895168236,4.324756683437498,9.575689719202298,0.1138939361349075,3.599854709017214,85,male,medium,837.0,False,5,3,0,little,domestic appliances,0,0
0.5452309992497196,0.9269089096126125,0.7686285610893363,0.9277889862730897,1.493592584597534,6.132845779774351,47.17891703909029,45,male,high,233.0,True,0,0,0,little,repairs,1,0
0.6294554163303352,1.826992271589389,0.3228947722259544,1.975859164785009,7.276416503285012,3.753943580738135,70.14092221025422,30,female,high,266.0,,0,0,0,,education,1,0
0.7022600314332507,1.110573723802522,0.4513879983071118,1.633250760140135,1.283345548937123,2.44046858001516,24.5780227556216,27,female,high,313.0,True,5,1,0,little,furniture/equipment,1,0
0.5180212939342629,1.619000443535171,1.148257611660453,0.3661063095601023,0.6239347305967078,0.5782293003019988,5.060575001458737,30,male,high,317.0,True,5,3,0,little,repairs,1,0
0.5376741981631364,1.402803953473123,1.276903777894669,0.2233348320121429,0.6278378240785925,1.47239286961431,20.21229068327914,48,male,high,522.0,True,3,3,0,little,education,0,0
1.269479915410528,1.138968792218641,0.4256831726368037,0.1754912496239061,13.62479274716049,6.144710859537356,3.30470958484096,25,male,high,266.0,True,0,2,0,,domestic appliances,1,0
2.028289323243192,0.9077412145664765,0.2737174598033926,0.1711643470482,0.1651221967722299,2.427036899515892,8.873013890042621,24,male,high,765.0,True,2,2,1,quite rich,vacation/others,1,0
0.8381516505942815,1.239834796415194,1.380142744635291,2.645200893535922,7.732165801381625,0.1223590080923887,7.818353444149,56,male,high,428.0,True,5,3,0,,education,0,0
0.8411943444021973,1.343175391639342,0.361802009740783,1.986352480967177,6.912310672829841,2.268054195261402,56.24503067484176,20,female,medium,871.0,True,5,3,1,quite rich,car,1,0
1.737060588350719,0.6408263016048639,0.6199471494420831,1.825206470193166,3.712016243225371,1.122641503826999,15.53817450230425,79,male,very_low,417.0,True,5,3,0,moderate,business,0,0
0.6000535297793563,1.235893346019178,0.1538819912506242,2.173543087197379,0.1283472453310112,0.3732126725594917,40.82358857253843,20,female,medium,106.0,True,3,3,0,little,car,1,0
2.311243317090562,1.477870417467913,2.511609789355436,0.5914712641450103,0.3683234462513469,2.241763458005556,5.186217166414772,27,male,high,827.0,True,4,3,1,,furniture/equipment,1,0
1.16303642083817,1.065442314080479,0.8983833540822512,0.1359178062962879,1.109346734729711,2.482748525558205,15.2447802750686,45,male,medium,691.0,True,3,4,0,quite rich,domestic appliances,0,0
1.05746851804599,0.9993509833294908,0.6016909658539735,1.296263055422431,2.914112697462684,1.86876044517134,27.71261923254322,83,female,high,907.0,True,1,3,0,rich,car,1,0
0.5275281094262122,1.091711347714876,0.4052710059029592,1.186270969320004,0.3586698125459475,0.4257727975125385,13.65869748869765,77,male,high,174.0,False,0,3,0,little,car,0,0
2.004051164734598,0.7508308019395391,0.4004577301393977,0.777858841462281,0.01429636931069824,0.2991082275082828,19.02794333059229,37,male,high,829.0,False,4,3,0,rich,business,1,0
0.4133011901493959,1.005686815114044,1.500446496525758,0.2372201509537881,0.8211712567916337,2.545958427991538,19.39056990203885,25,female,high,163.0,False,5,4,0,moderate,radio/TV,0,0
0.8599989072997368,0.7247456998287566,0.3057124126365819,1.503344144398054,2.533149544253179,2.182677714759573,35.96189562737818,62,female,high,698.0,True,3,3,0,moderate,vacation/others,0,0
0.3143221435004451,1.468861185499241,1.801566923246524,0.5031886168891433,0.2121410662644445,0.8133089695570046,4.29469338766739,23,male,high,691.0,True,4,3,1,rich,radio/TV,1,0
0.4337600933401508,1.532614968176974,0.874686108634276,0.1912142146855482,0.2354023113701173,1.070451023995408,5.126801616315194,61,male,high,106.0,False,0,0,0,,education,1,0
0.826966744215628,1.143533082693026,0.4773550210181794,3.009395408291688,2.259478207040084,3.579098180442705,25.39864234406389,54,male,high,688.0,True,5,1,0,,domestic appliances,0,0
2.056016790920054,0.8241778156671773,0.3418151015438162,2.296300024753311,2.681946623025838,0.4525424316892316,4.95751242909421,56,male,high,542.0,True,5,3,0,rich,car,0,0
1.296041885943846,1.454336989382122,0.2129613869230713,2.203987999819274,3.682753755991999,0.3762183730872359,3.732216069534411,66,male,high,502.0,False,4,3,0,rich,education,1,0
0.6004772409472919,2.024505459073235,0.7051095093180252,1.526800663989959,1.060457434291222,2.355376153414592,15.73917312466777,61,male,low,266.0,True,0,0,0,,business,1,0
1.114590786275107,0.802055569588946,0.5050821076740721,1.248889013884586,1.122012079056991,1.921536790274313,20.3395907102629,81,female,medium,408.0,True,5,3,0,quite rich,repairs,1,0
2.118003812573714,0.772035320124314,0.356583988351342,1.238196761942532,0.04483582396807882,0.1823634841011927,4.568343847080895,53,male,high,703.0,False,0,0,0,rich,vacation/others,1,0
0.1426458863549379,0.6708231132364568,0.9562002997354243,0.668638640440912,0.01197897010384765,0.1222148328693435,4.636986022433324,56,male,high,504.0,True,5,3,0,rich,car,1,0
0.9958787933253406,0.9441339859409184,1.162758357195346,0.6530038537697053,5.807971912917003,0.7656943801851915,6.549388013815295,42,male,high,151.0,False,5,3,0,little,radio/TV,1,0
0.6800991036413382,1.034125120471766,0.4043892768890698,4.216957753434707,0.6033568056730162,0.07610504172841033,16.09678711786363,81,male,high,292.0,True,5,3,0,rich,repairs,1,0
1.778620081787415,1.079073725457143,0.5215128065165452,2.474474600562785,4.843406434469834,2.389076854151706,25.77538547797693,42,male,medium,417.0,True,1,1,0,moderate,repairs,0,0
0.736847053317551,1.50311194856161,1.821973381954806,1.470792616612444,1.462509056054315,1.794153819982392,3.796609991239838,41,male,medium,163.0,True,2,2,0,moderate,car,1,0
0.971076764080751,0.667663167232495,0.8924233105549492,1.347365392294041,4.458677081970748,0.376826603224984,5.71769747752028,53,male,medium,812.0,True,5,1,0,,business,0,0
0.5028894307232542,0.8542193745004559,0.75654821863654,1.160323635962649,2.011731449662017,3.703054072900354,21.90238523434028,79,female,high,266.0,,0,0,0,moderate,domestic appliances,1,0
0.8476436374470192,0.9740965453821113,0.4496011067873402,2.348174680461381,4.826124089677509,2.41395833693342,24.54732431103255,36,male,high,918.0,True,2,3,0,moderate,radio/TV,1,0
1.960044352858527,0.68917255592183,0.5310368358521833,1.870900400739032,4.391611438010925,2.198024344233,14.62710156416693,22,male,high,910.0,True,2,2,1,little,repairs,0,0
1.798348698120471,0.9732710031367263,0.3974262056672473,1.56116859009801,0.3171150350802502,0.2656633322210172,11.680082858394,58,male,high,806.0,True,1,2,0,little,education,1,0
0.7722917150635582,0.5078990932088973,0.6438217406156178,1.511266265967451,3.124421865521264,2.313624006130919,25.3239969745385,33,female,high,792.0,True,5,3,1,quite rich,furniture/equipment,1,0
1.385839804543742,1.420639693395004,0.6018252525526309,1.178847734536217,2.630562434649826,3.63650506382498,29.85840429773241,41,male,high,871.0,True,5,1,0,little,radio/TV,0,0
0.707064275446711,0.9647927457917828,0.6591830126235884,0.7241566627176443,1.044987812186124,0.7862949240617861,6.480699012353938,24,male,high,643.0,False,0,0,1,rich,car,0,0
0.9501485812338816,1.511338130208842,0.8815023871735976,0.628543941767037,0.5142103077372517,0.4788022440037932,9.656449511251802,20,male,high,801.0,True,4,3,1,,domestic appliances,1,0
0.9053716515816359,0.671471789144888,2.021508826334892,0.5254118678096965,0.9294633743367585,1.219149109941303,4.319445435111693,72,male,high,466.0,False,3,3,0,quite rich,radio/TV,1,0
0.8650771628574451,0.7015480303009483,0.4753517932631729,0.2666507771617239,0.2080645101139868,1.367945895970637,6.042593240373398,26,male,medium,751.0,True,1,2,1,little,radio/TV,1,0
1.749935816584504,1.291354039804669,0.311459695188888,2.533891471756327,4.106819930893423,6.421366241472342,61.25297946024457,68,female,high,396.0,True,5,4,0,little,vacation/others,1,0
0.9309899833117131,0.7717957181586613,0.4583645362523758,1.905842214336151,0.02670505765740908,0.08491752702049926,13.96730764848721,35,male,low,876.0,True,5,2,0,moderate,vacation/others,1,0
0.7639914883912243,1.823173243245812,0.5051586256213804,1.425538552461661,3.363484888648338,3.367444078007494,45.53973538086174,44,male,high,656.0,False,5,2,0,moderate,education,0,0
0.6550409107385796,0.8365377706365472,0.6222128350781917,1.20826483325092,10.39102254363914,0.7770480833540565,3.829163131271149,58,male,high,180.0,True,1,3,0,quite rich,car,1,0
0.5703428032371634,0.9045406536380632,1.578841117084567,1.024800510531706,0.7571029270054194,2.951036070047345,8.236096286922475,84,male,high,599.0,True,5,3,0,,furniture/equipment,1,0
1.015198992221609,1.122630119000764,0.9315894049656974,0.9845183127103777,2.250673960648697,0.3705529612659647,3.743592792409372,62,male,medium,456.0,True,1,4,0,rich,repairs,1,0
0.48622558310472,1.212727248408179,0.7410490422222138,0.2664720007589292,2.228922441700011,1.847829433110835,7.512984557031681,36,male,medium,796.0,True,3,2,0,moderate,furniture/equipment,1,0
3.806285929924245,1.054343372047349,1.13755894376299,1.237938754299176,1.123834358779689,4.795864902864158,25.13939578184609,29,male,high,320.0,False,5,3,0,,car,0,1
0.7417553041927355,0.7031230794877833,0.633948301799912,1.940621214792038,1.460224180037323,8.5316896213633,43.67362762256751,35,male,medium,760.0,True,3,3,0,moderate,car,1,0
0.2583839181497192,1.061341088984761,1.401493348472545,1.469461270918839,0.7243777409251522,1.467076810345826,5.36813396851448,79,male,high,817.0,True,1,2,0,moderate,furniture/equipment,1,0
1.038206514816415,0.848126179879992,0.8570757455263532,0.8932495626823828,2.088314108389216,0.964009409371633,11.2148171240358,76,male,high,869.0,True,5,3,0,rich,radio/TV,1,0
1.25410760908039,0.9723333861936725,1.386460713399866,0.8654053917829175,1.291590148332717,1.361126882405375,7.236106840361174,54,male,high,866.0,True,5,3,0,moderate,repairs,0,0
0.6472513313696018,1.576864441453491,1.60854330813531,0.6317842980581891,5.205441509679103,0.5003651130446698,3.026831681835707,73,male,medium,601.0,False,0,0,0,little,car,1,0
0.7497297645481963,0.9914337274514515,0.9069909115515986,0.4618126080384873,0.5992408261664219,0.4463597725168915,0.5118983040821482,73,male,medium,641.0,False,5,3,0,rich,car,0,0
1.374829124994121,1.573400997442673,1.035018834471843,1.809348973870824,2.378973496107048,1.608676074003164,5.695247782410497,68,male,high,266.0,True,0,0,0,little,repairs,1,0
0.5262455411919015,0.9558672679389552,0.3285634671437318,1.637848350668177,4.794039893226371,1.964365135120046,48.18520947176378,45,male,very_low,266.0,True,1,3,0,,car,1,0
1.616529678792667,0.9667411085235239,0.5762750628146753,0.3668346321171863,6.420077153645699,2.847527826746162,19.12831123004274,80,female,medium,243.0,True,5,4,0,moderate,car,1,0
0.2572801013806628,2.437589108869734,0.4193020064460366,2.790278998046205,4.681505714197356,0.6665562724956309,5.618873897095117,23,male,medium,,True,5,4,1,little,vacation/others,1,0
1.20328042428258,1.027803458844034,0.8308208661008311,2.612746591317634,3.047510279015951,2.173799399959366,15.8037509661446,50,male,low,207.0,True,4,2,0,moderate,education,1,0
0.2261834900920185,1.02364140234199,0.4252273682208508,2.220252597672183,3.339313471319061,2.627549476416772,16.18181057634525,27,male,low,218.0,True,5,3,0,little,radio/TV,1,0
1.221551907531992,1.066696556196324,0.5557045392507863,1.895166083111388,3.389503327968798,3.131836727106677,25.91354463368532,19,female,high,275.0,False,3,3,0,little,furniture/equipment,1,0
0.9182975963210941,1.638099539516625,0.5866160249261114,0.9126887891134318,2.709463762717752,2.072339861971212,35.7911676453262,69,female,high,317.0,True,5,3,0,moderate,education,0,0
1.929390586814643,0.669502389081187,0.6813067002814274,0.8420326039397348,0.6747117577626762,0.5354963332021316,12.61194217785394,78,male,medium,573.0,True,5,3,0,quite rich,radio/TV,1,0
1.409383809344941,0.5589673210540372,0.6610606412957988,0.1833011532228354,2.584932628194311,2.985434724781845,9.031062664285468,74,male,high,324.0,True,0,0,0,quite rich,business,0,0
1.018085859002645,0.709195997497809,0.6771645679393485,0.06790345107932817,0.5163072931224555,2.888668213622402,1.596408656218822,52,male,high,751.0,True,4,2,0,little,furniture/equipment,1,0
0.424470019557153,0.6159999998093637,0.7410801431842022,6.074664540512274,2.574978914604773,1.115881065700953,2.351341719589098,58,male,medium,673.0,False,5,0,0,quite rich,education,1,0
1.796867431000029,0.8876088926599777,0.5576571902435502,2.347462204668292,0.4548917495455913,0.1361725909164506,15.26881686775579,54,male,medium,343.0,True,3,4,0,moderate,furniture/equipment,1,0
0.6182954024550643,1.699535883142968,0.3386335419460506,2.233646834929731,2.049222700628054,2.140719514277737,15.89814954548724,71,male,high,874.0,False,5,3,0,,radio/TV,1,0
1.143206869331692,1.00957978778174,1.227173009772637,1.659327645457874,1.497818097324271,6.019589020664809,25.8200185530107,26,female,high,875.0,True,1,3,1,quite rich,repairs,1,0
0.8486135599493602,1.059666553717064,0.4708125034097417,1.577404674376644,5.13831782366137,1.088597311974193,13.83544149708638,45,male,high,957.0,True,4,3,0,quite rich,vacation/others,1,0
0.1200438062437275,1.312607020841707,0.7268496979983331,1.191926393915064,0.2155295797712511,0.2105322815331905,10.80782609774922,24,male,high,422.0,True,5,3,1,little,business,1,0
1.391946528544367,1.357504567865222,1.695848148430883,0.1553743001296963,0.3354793578525663,0.6030642787583135,3.37581270900144,43,male,medium,417.0,True,5,2,0,quite rich,radio/TV,1,0
0.207126023191817,1.134077597341522,0.4486669494388661,3.635589889931234,1.85916606511742,1.62435434913149,4.421184797978308,55,male,very_low,612.0,False,3,2,0,rich,education,1,0
0.580947578032069,2.118897347532067,0.5169484689560783,2.053657410880116,5.837863431268045,1.145249640601326,9.387352601590155,21,male,high,266.0,True,0,3,0,moderate,radio/TV,0,0
0.2562358261146352,1.750265767283508,0.4271176306085054,1.6733504382959,0.3055193673411978,0.2505244388026376,14.16996516537976,67,male,high,586.0,True,0,0,0,moderate,radio/TV,1,0
2.135920087442633,0.9636797900275305,1.238094882487915,1.189631481996427,0.06093077749492488,0.09190931912744445,20.94110777466687,85,female,medium,433.0,False,5,3,0,,repairs,1,0
0.9920766028978001,0.6760684660742421,0.2434690080163357,0.8982502994901403,4.780550395739092,3.545046739668454,99.78396408966923,32,female,low,364.0,True,5,4,0,quite rich,vacation/others,1,0
1.402287722378466,1.242287353876841,0.195654153279016,6.765757715741113,5.134945948961798,2.900044767216348,23.51294243766053,33,female,high,568.0,True,5,3,1,moderate,vacation/others,1,0
0.6574696065552251,1.671684630950623,0.8439030714367421,1.7983900163185,2.894930077563169,4.162384960408408,35.7023482265712,62,female,high,827.0,True,0,3,0,moderate,car,1,0
1.615908617113941,0.5761196389004087,1.079932271516563,1.327025469853903,1.617851312220721,4.319184550850927,24.05763187168607,75,female,high,928.0,False,0,0,0,little,car,1,0
1.963540210202797,0.9475334447559343,0.3774297179841757,4.941497328509492,5.831673287111656,2.948116488693826,29.26233069906451,53,male,high,238.0,False,5,3,0,quite rich,furniture/equipment,0,0
0.2716801903518918,2.096408857100565,0.1316532319732076,2.966463655959344,3.859053792949616,0.686060270012229,10.70829912909448,20,male,low,126.0,True,0,0,0,little,business,1,0
1.201599686521797,0.2885498704170684,1.498271059598009,0.244356202858349,1.350433771459984,0.7061020443046342,1.079143156948887,60,male,high,119.0,False,5,4,0,quite rich,repairs,0,0
0.6520616569001174,0.6479342008098108,0.5539696814276435,0.2210513570572142,0.1343477423919899,1.243049463127357,8.494581076018578,69,male,medium,774.0,True,3,2,0,,furniture/equipment,1,0
0.2836492195052485,1.106932472655609,0.7776760233058975,0.4831408172540191,0.423750853858016,1.672778581709542,41.52619062784056,20,female,medium,347.0,False,5,3,0,moderate,furniture/equipment,1,1
0.7602878023071977,0.9451206831125907,0.2883657127870731,5.054346338042019,10.25188458928816,0.6733986170863513,20.92937694331297,67,female,very_low,157.0,False,5,3,0,rich,business,1,0
1.580405123500095,0.8800211721675262,0.4876178381360904,1.947563509647089,0.9243386795826039,0.1988630248785788,4.522767565308556,43,male,very_low,279.0,True,5,4,0,quite rich,car,1,0
1.034540679301786,0.8891990593344997,1.108407825755595,1.732866707688811,0.02455016902032865,0.04415721871794026,12.87998272171053,31,male,high,489.0,True,5,4,1,,repairs,0,0
0.9654245280845549,1.092963124082787,1.252790374989228,1.731497969891058,1.183260074813423,2.788720025637738,11.57965767812389,76,male,medium,914.0,True,5,3,0,moderate,education,0,0
1.816745504329458,0.723815824569995,0.6260154038760222,0.8567865234364826,1.326968128447723,0.4501865645472486,0.9024810846863102,56,male,medium,343.0,False,5,3,0,quite rich,repairs,0,0
1.064947365668643,0.6874811990500853,0.1980274450253802,0.7827268429791233,0.1816919529460999,0.8671035059231342,15.19360017358283,83,male,very_low,336.0,False,5,3,0,moderate,domestic appliances,1,0
1.433731118485097,0.6663816963718486,0.9064913465826648,0.7770045443729356,0.2699178322012178,0.3506764890963569,20.27009948843244,60,female,high,655.0,True,5,4,0,little,car,1,0
1.224854051690279,2.052466999604865,0.7829549601353484,0.7666433975041667,1.75367882487006,0.760656843863039,7.912517723576723,37,male,medium,554.0,True,5,3,0,little,radio/TV,0,0
1.085253010760544,0.5795659612593,1.305036384208526,0.5506149589281203,1.850332123946007,1.084615192412385,15.58323482812806,34,male,medium,512.0,True,2,2,1,quite rich,radio/TV,1,0
0.3959202146893326,0.7489701039147659,1.132192404879179,0.4095235070028356,4.421442568174891,1.049340678309864,4.270701883009893,53,male,medium,336.0,True,5,2,0,moderate,car,0,0
2.276260313569877,0.654779253103148,0.6519129338025691,0.2682217725659482,0.2822683304352296,1.029532692221945,3.250727040805644,45,male,low,935.0,False,5,3,0,moderate,furniture/equipment,1,0
1.244809154085545,0.8065174508235622,0.9192315920197688,0.1941958901199625,0.08206742222835395,0.7552175508779173,4.152879902003562,59,male,high,791.0,False,0,0,0,quite rich,car,1,0
1.058694585851563,1.722529019510533,0.3948849668740104,2.722087906880229,6.915898195825834,0.9487397689907792,15.58657116650917,24,male,low,292.0,False,0,0,0,,vacation/others,1,0
0.8174562438861276,1.077494122120732,0.9496889230385468,2.179944163258399,2.387553657699113,0.1482254447474413,5.915488750760858,41,male,high,364.0,False,5,4,0,rich,repairs,1,0
0.9247168765897805,1.388569558885567,1.30273601117049,1.562694597223342,1.354158941234127,1.8547207022935,10.70862192718859,68,male,medium,,False,0,0,0,moderate,radio/TV,1,0
1.626696573541937,0.7510084719839041,0.8738484039385532,1.161732532964299,1.684891466841267,1.116555151245912,13.68945782459388,47,male,medium,228.0,True,5,3,0,little,car,1,0
0.4222155417610207,3.219883875181036,0.6732501631411935,0.6449689373166831,1.701860050273764,0.9966782821634137,22.20635954660979,57,female,medium,839.0,True,4,3,0,quite rich,radio/TV,1,0
1.615563610644321,1.059574933031417,1.257616788682508,0.2609683644932266,2.826988330622499,1.268471433260062,4.324983570268822,82,male,high,266.0,,0,0,0,moderate,car,1,0
2.131917538514089,1.533304014537825,0.86877441790116,2.393945879143172,4.082359234607144,0.1785532443303091,7.824272190442451,53,male,high,943.0,False,5,3,0,,furniture/equipment,0,0
0.753515421622822,1.47443273841585,1.390462197993246,1.908301290817521,0.8586337696704602,0.05761457479775004,1.006715846504682,24,male,high,721.0,True,5,4,1,little,car,1,0
0.8964446526957697,1.309921481691777,1.066155474161702,1.043751003031524,1.170056133327273,0.7421339238913809,4.039795155481531,70,male,high,867.0,True,0,2,0,little,car,0,0
2.325508392359127,0.7957043660959303,1.706215013358356,0.3096556392524218,0.3658199440380275,0.7961171638383568,2.14614808932463,39,male,high,797.0,True,1,0,0,little,car,0,0
0.7459892116888391,2.01537174012836,1.393696478911958,2.006159963090495,3.342739924413328,1.445189386876613,8.634958030227443,22,male,high,823.0,True,4,3,1,little,business,0,0
1.411646011271792,0.9395582884198831,1.0296911138219,1.109393268436016,0.01298694702987281,0.06519335647819198,5.179107865880376,25,male,very_low,207.0,True,3,3,0,moderate,furniture/equipment,1,0
2.49379237744382,0.9784537947739826,0.5957871293892639,0.7186355348677657,3.624517421556901,1.104332451073402,8.806896459348897,60,male,high,411.0,False,5,3,0,,radio/TV,1,0
1.185413602556305,0.7643122623251615,0.7558483570933009,2.423484159451003,15.4444562512213,7.920100367335198,76.5459843668795,77,female,low,180.0,True,2,3,0,moderate,repairs,0,0
1.103425192695189,0.8219454870765486,0.9402806932704137,1.962967865637763,3.897934200320757,3.401312014305383,22.06842740134816,33,female,medium,771.0,True,3,3,1,little,repairs,1,0
0.5080987898285236,0.5553401648530175,2.839694130419162,1.372654276841805,0.8066078318434848,0.8858708401011517,0.8937428223283116,35,male,high,377.0,True,3,3,0,little,education,0,0
0.3135527719753702,0.8090572315435184,0.8080413695632789,0.9493368261569392,10.07898336680703,0.9462623034100027,5.732031578409345,57,male,medium,266.0,True,5,2,0,rich,radio/TV,1,0
1.894750195415907,0.7377286282194532,0.9900772767068168,0.9008035036035519,1.792756234644093,1.692195317827983,7.833470225608144,19,male,low,266.0,True,5,1,0,rich,domestic appliances,1,0
1.227667944985465,0.7959309241952566,1.096226707386086,0.2656503039324337,0.1070579980146642,0.3818967781059521,0.920864814839588,45,male,very_low,924.0,True,5,3,0,moderate,repairs,1,0
0.5507133927294889,0.5043024657504075,0.3113158345699769,5.167100048379708,6.101334490681146,6.363128072498906,40.07686048992903,80,female,high,726.0,False,3,4,0,little,car,0,0
2.903327109591603,1.486747791765722,0.5635603779810084,2.836546967377966,2.874568527241335,1.725007406137074,14.15109562358904,51,male,high,799.0,,0,0,0,little,repairs,0,0
0.4133795166886312,1.059415064059105,0.5820938606308292,2.10550004387604,2.341335052552629,3.364712470384642,17.39230755573895,23,male,high,704.0,False,4,3,1,quite rich,vacation/others,1,0
1.01995748803727,0.4229457288163128,0.4648098019302658,1.804251183661395,0.9786312776851023,2.942557210580603,12.49168019367493,77,male,high,405.0,False,5,4,0,,radio/TV,0,0
0.7574666216204056,0.6038065929852067,0.8094019514694115,1.107972660801697,4.987869325872835,0.8540135214279583,14.42720620127799,82,male,high,712.0,False,3,3,0,little,business,0,0
1.033074412749939,1.257729921826814,0.834048496420112,0.9962704243719316,2.299374248690251,1.081373619485889,10.25533769532536,76,male,high,261.0,False,3,2,0,quite rich,vacation/others,1,0
0.7324437971366948,1.079005104042565,0.6171668070468038,0.392613443617567,0.0840469757672652,0.5050147102445378,2.751081878944378,65,male,high,613.0,True,5,3,0,quite rich,car,0,0
1.113572978603857,1.172657660529796,0.9559994782792347,0.0955768779948502,0.1768460960196369,1.342094428609909,1.643386999806418,33,male,high,266.0,True,5,3,0,,radio/TV,1,0
0.4067444939279174,1.217933292616933,0.7578890779957929,0.9709232318972256,2.358681839979057,1.359068071932812,17.56141848636152,41,male,high,207.0,True,5,3,0,little,car,1,0
1.417016109216488,0.8640024436916949,0.4158517194650359,1.301957191310365,0.08848192504011661,0.2001853579521238,3.13682308720154,51,male,very_low,223.0,False,3,3,0,moderate,radio/TV,0,0
0.6954069555753661,0.5689873393693305,0.2681557620167197,1.297690497433993,0.0139941700375365,0.2001746540902929,12.39585723766332,56,male,medium,940.0,True,5,4,0,rich,education,1,0
1.002182387826858,0.7909606674050623,1.86175242008374,1.095528115956678,0.7386373613130467,2.045755684388918,6.468015164321079,19,male,medium,877.0,True,5,3,1,,repairs,1,0
1.777830906480639,0.5945236593130482,0.5387210283425907,0.9327614205027928,2.456128345909721,1.453776716557212,26.06991379060279,61,female,medium,266.0,False,3,3,0,rich,vacation/others,1,0
1.367260318739037,1.419724078010998,0.6620085809329175,0.8918237456916038,0.4193047166222241,1.495873248144231,6.756758973920491,20,male,medium,689.0,True,4,2,1,moderate,education,1,0
2.133917725148944,1.751626674019269,0.5716099991224254,0.7148556339379558,0.003056625715845707,0.152901399645682,7.852255526276836,51,male,medium,649.0,True,3,3,0,rich,vacation/others,1,0
1.737826663848036,0.8514733467478157,1.852187786889898,1.282570561582551,0.7795066698544184,8.308507652831272,20.37765561166259,28,female,low,468.0,True,5,3,1,little,education,1,1
1.211474644375346,0.5097963489874074,0.9342275253784599,1.910979590869015,3.236526936039029,8.540194202631682,66.0882509038098,41,male,low,840.0,True,4,3,0,rich,radio/TV,1,0
0.2659432859410812,0.8605562199583141,0.40017678927712,1.754621764587284,2.473930602520243,3.789094768465319,22.13285106249962,53,male,high,332.0,False,4,2,0,,radio/TV,1,0
1.290648916239509,1.336362111288501,0.7513210686093446,1.409063243539719,0.3188611357958056,0.1655785758095769,9.059790260737508,32,male,high,555.0,True,0,0,1,little,furniture/equipment,1,0
0.7922365653025506,1.56526002464259,1.053686470024112,1.406280639508366,0.7711247385720185,1.101252593235783,3.525720832987679,73,male,high,871.0,False,4,2,0,moderate,vacation/others,1,0
1.661434278846043,0.54888796652943,1.463667094374761,1.323335056251171,1.372617844970581,2.680316498082668,9.96033164396073,59,male,high,939.0,True,4,2,0,,car,1,0
1.75011799962274,0.4482326850011177,1.022326146584457,5.617354519331549,3.563253081722465,3.967935808425689,17.57415117567772,56,male,high,750.0,False,4,2,0,quite rich,car,1,0
0.5435338461400195,1.388184472536613,0.4113353129019666,0.9662979090991319,6.306192523954193,1.034015211317498,32.29759070115156,53,male,medium,544.0,True,0,2,0,little,car,1,0
1.298328215645097,1.03934593871295,0.5446149096468161,0.8581501567158991,3.875451019977536,1.160227711648411,16.73680358157113,24,male,high,510.0,True,5,3,1,quite rich,radio/TV,1,0
0.6413828319490169,0.8877637913660384,0.7950081080921098,0.8401815660911262,0.5636797646930238,0.3704263331792918,11.54794028478298,45,male,high,677.0,True,0,2,0,little,furniture/equipment,1,0
0.5667070482462514,1.02349138347119,0.3903853177060987,4.822922432446418,8.446341944629463,4.849823983810929,48.01118120077291,55,male,high,132.0,True,5,2,0,little,radio/TV,0,0
0.177350212177819,0.2960045493318421,0.8693100436135425,3.029870907818755,0.2723359370203629,0.04108389077382549,8.56478109680972,63,male,high,917.0,True,4,3,0,little,domestic appliances,0,0
0.868596721161033,0.8588876574832955,0.8262972833301548,1.349797543682377,3.792171379045848,2.010122528089318,16.08584732583327,29,male,medium,967.0,True,3,2,1,quite rich,domestic appliances,1,0
3.236903495959065,1.012579278079369,0.3149448543544249,0.3845245179773451,0.1639999754741965,1.258601800915021,10.82922062987335,81,male,medium,854.0,True,4,4,0,quite rich,car,0,0
1.461159672470736,1.565762898706632,1.019220061298513,0.3068182672607257,2.895999414845513,1.274279956728861,4.931813197434146,18,male,high,944.0,False,0,0,1,moderate,radio/TV,1,0
0.8182399339848785,1.213004301367495,1.259369955979438,0.1489242987336587,0.2555999201709971,1.044262301194183,9.825796357658977,49,male,medium,284.0,False,5,3,0,moderate,furniture/equipment,1,0
0.9842877154830606,0.8702754284304659,2.417754857045352,4.254968900618719,1.088921214629579,3.26263236369269,3.578097425711141,27,male,high,288.0,True,5,3,0,little,business,0,0
1.255074832494884,0.7345690346196059,0.4597798480069019,0.8038832946573542,0.0506693707459043,0.3189822181583403,10.20170688775073,47,male,medium,901.0,True,3,3,0,quite rich,radio/TV,0,0
0.955836161827262,1.336414328438101,0.6520816006837412,0.0685758982420183,0.5358188752662721,3.44982172167388,5.442068148646138,51,male,high,476.0,True,5,2,0,little,repairs,1,0
1.673947366691109,1.328410766222122,0.592037347652452,2.146994432939474,2.111385967868757,1.838848608864934,9.374727876817534,75,male,high,,True,4,3,0,moderate,domestic appliances,0,0
1.981396413361236,0.8543684237629359,0.8087744344956632,1.847434037720881,1.793505952940105,1.471789106054125,12.62813702370076,47,male,medium,774.0,True,2,3,0,moderate,car,1,0
0.8322260118367242,0.3740661721608372,1.507618535174886,1.797821785018344,1.319626072857617,1.445012027155725,4.867778322107869,41,male,very_low,266.0,True,0,0,0,,furniture/equipment,1,0
0.3874668438205475,1.458197673683718,1.200204827031667,1.066124909794693,3.113164781577569,3.779974095915969,25.32729076890368,55,male,high,371.0,True,0,0,0,moderate,domestic appliances,0,0
1.0658852509661,1.039937899356023,0.7292754638079415,0.3238291918528193,2.261841541555126,1.641092962363822,5.776919069069942,64,male,high,408.0,True,1,1,0,rich,education,1,0
1.185667640679978,1.956441481438429,0.4178520077247942,0.271598657158274,2.16776588408732,2.471168471177277,2.823045801237531,83,male,high,741.0,True,5,3,0,little,radio/TV,1,0
0.647902328174176,0.9011900856161348,0.1812888739343314,2.890843327544743,5.582881490365698,5.787618654879195,83.5105434190609,25,female,high,959.0,True,0,0,1,little,furniture/equipment,1,0
0.5284396343868517,1.312996450167046,0.9704888046361481,1.791722542743412,1.547530473835233,1.09781775604613,5.597374119410112,40,male,medium,266.0,True,0,2,0,rich,domestic appliances,0,0
0.4838085892977258,0.5744050137616131,1.87450332779103,1.437990236836093,1.273338918827132,1.151431476774475,3.754318296538905,18,male,high,640.0,True,5,3,1,,radio/TV,1,0
1.591836867878549,1.252730949913969,1.244557471744978,1.097443214585281,1.139990529135716,2.27980960008993,18.84075896046937,84,female,medium,832.0,True,5,3,0,moderate,radio/TV,0,0
1.257155250383992,0.5851599702294064,2.342038992828094,0.8086442097933572,1.404525518338957,3.708582938373857,11.62798513066273,36,male,high,882.0,False,0,0,0,rich,radio/TV,1,0
1.138243264527742,1.168359984580614,1.899324369113701,0.6062086480225839,0.1322129825509464,2.544405838531011,4.771846355559951,42,male,medium,907.0,True,3,3,0,little,radio/TV,0,0
1.808843014518015,2.583454926578989,1.595757449221993,0.4398738771889688,0.1189842574930618,0.2123504646631892,4.60458106731466,70,male,high,449.0,True,5,3,0,,vacation/others,0,0
0.4763054482710259,0.8164007101264416,0.83637016868187,0.2672926596296859,0.04185591845490372,0.5133700227541479,3.659466227780933,67,male,very_low,384.0,True,0,1,0,little,repairs,1,0
0.2841474875638225,1.419637871844806,1.000011838349359,2.510040912538422,3.721311535994062,0.1121862507665212,1.341161555018783,85,male,medium,174.0,False,3,2,0,moderate,business,1,0
2.422742852105583,0.722278026751511,0.3998269413186443,1.795022261866489,0.1103031709806683,0.141938173040171,4.822428464266287,61,male,very_low,870.0,True,4,4,0,little,business,0,0
2.029156100628696,0.8527352306564108,0.8394210490413297,0.2476189799676093,5.115922121865291,2.350863786539759,12.98849629907413,28,male,high,708.0,True,2,2,1,little,domestic appliances,1,0
1.63509040332308,0.4754516265897633,1.460008442833979,4.639514007359643,1.38196687543299,0.0217736211631952,15.85731839418499,32,male,medium,576.0,True,3,3,1,little,business,1,0
1.441556714827283,0.6085822136252691,0.9379442146645324,1.783750456045732,0.8289831255761612,2.435880841507819,10.48963793327534,51,male,high,233.0,True,5,3,0,rich,car,1,0
0.7947888698666365,1.669025703931146,1.097855306011114,1.740928667583128,0.4911263164854264,0.08308402603663136,3.298774186677525,18,male,medium,144.0,True,5,3,0,little,repairs,1,0
0.6650344966626661,1.278010976505624,1.392174635343888,1.535641564365971,0.04831830236871854,0.04441726798905603,10.80860301336251,77,male,high,723.0,True,2,3,0,rich,domestic appliances,0,0
0.4707451225849312,1.165456516791499,0.5419280210762402,1.510691373398776,1.281596052978977,0.4037573770891865,20.76237202329775,73,female,high,938.0,True,0,0,0,little,education,1,0
0.6428747210873125,0.6442160703345091,0.6788615154144024,1.326144758300688,1.038280017276645,1.916733823756389,13.06173670060547,65,male,high,552.0,True,5,4,0,,car,0,0
0.5666125216396372,1.060015595539378,0.3573518410426763,2.767955207649171,0.04988092792907065,0.06820204008695102,9.064458792546493,71,male,high,324.0,True,3,1,0,little,furniture/equipment,1,0
1.20794376031419,0.8073394639763228,1.465520265619259,2.290220642377335,0.1219634252215968,0.02706073902161331,10.22789429241456,34,male,high,972.0,True,2,2,1,,car,1,0
1.590565393773538,1.047438106566165,0.97741336836348,2.19059812204994,1.558111748106566,1.851230245077785,10.31697805348779,74,male,very_low,757.0,True,1,4,0,,radio/TV,1,0
0.5712829792494236,0.9415253686001868,1.027365866255149,1.247922895652259,0.7857569874576456,0.217219582020517,13.38353225711037,26,male,medium,737.0,False,0,0,1,moderate,radio/TV,0,0
1.056344840340878,1.470665164213613,0.8571293649966552,1.628090688819284,2.510199601780433,4.389541654810457,38.15528183929966,61,female,medium,648.0,False,5,2,0,,repairs,0,0
1.757090422972631,0.8970984498213008,1.084058075372162,0.3229675933089713,0.633591735364828,1.487455541707016,12.3602523120916,43,male,very_low,270.0,True,2,2,0,,furniture/equipment,1,0
2.914845504253893,0.9936255590842135,0.6593137040989361,0.07898199590922493,0.02427529002097602,1.739554386756172,11.52767691601973,51,male,high,735.0,True,5,3,0,rich,radio/TV,0,0
0.9196810702365121,1.019660151760498,1.003050430801608,2.589978583733424,0.780653100592441,0.06541583729084047,8.213162011936623,76,male,medium,119.0,True,3,1,0,rich,radio/TV,1,0
0.9590930087222952,1.314076466417383,1.566564162344605,1.492483320043598,1.785600885659465,4.243645654474302,20.9934776582718,49,male,high,500.0,True,5,1,0,little,vacation/others,1,0
0.6683923338268095,0.3254717729982545,0.584257064705913,1.166384642349268,5.618969814730506,2.480782448326747,68.15596927590727,34,female,very_low,493.0,True,0,0,1,quite rich,domestic appliances,0,0
1.711944102657529,1.277422550600537,0.585498205643576,0.821383924477758,2.600626163642693,2.925146216076768,32.7056897496163,75,female,high,464.0,True,5,2,0,,radio/TV,1,0
1.026439728902164,1.463601179292529,0.8564277512287182,0.4777560175329654,1.537988379251499,0.6997676724138923,9.909692035911704,82,male,high,796.0,False,5,3,0,little,radio/TV,1,0
0.925195259450851,1.101409335931354,0.5077140883732989,0.1474278673215207,0.175298328233314,1.77408568947604,7.961013617810709,56,male,medium,969.0,True,5,3,0,,furniture/equipment,1,0
0.1885659785815042,1.787902733303876,0.7784597646232974,0.01166169615983301,0.00648319985167912,3.460437110575821,11.94358742758584,58,male,medium,439.0,True,3,2,0,little,radio/TV,0,0
1.916578679533467,0.6357465610459205,0.5785529611896756,3.278242624538518,3.113495981724785,1.696050374520299,14.42411527931279,55,male,high,339.0,True,5,3,0,little,business,1,0
1.659027418104175,1.113738204460565,0.6749939288108747,1.406825175760049,2.145130563162467,0.3796918761657022,9.585493409520234,24,male,medium,266.0,True,1,1,0,quite rich,radio/TV,1,0
0.7024287188835872,0.8531933435300287,1.193400449859631,0.5647182823970252,2.091555639826124,1.373648125578635,14.50812082107105,85,male,medium,953.0,True,0,3,0,little,car,1,0
0.7108790771344725,0.9659920471769153,0.9764234449841306,0.1553125813435965,16.40720536547403,4.527502313155859,5.85469662888751,70,male,very_low,339.0,True,3,3,0,little,car,0,0
0.7478227256779871,0.8724706133633364,1.104185825654536,0.1217494071361385,0.3023543826525977,1.168745767823208,1.841413098414387,68,male,high,688.0,False,3,3,0,little,car,0,0
0.7108618745625142,0.8381680161015401,0.4879900028899419,3.366226054013936,3.708150669630782,1.381626076832873,14.46631823246252,28,male,high,571.0,False,5,2,1,rich,radio/TV,1,0
1.241614848742536,0.7784590712217933,0.7728112425674065,1.213363607532204,0.1693912295668479,0.1773071386789123,8.309585948210964,57,male,high,417.0,False,0,0,0,,furniture/equipment,1,0
0.9266807306878142,2.506255538852001,0.9691407343991937,0.9516672032716345,1.311276061746362,1.486680343883176,9.070916781245929,82,male,high,688.0,False,5,2,0,rich,education,1,0
0.3794922360408709,1.007745251018806,0.489339895087838,0.8381154527065329,0.2082387597319968,0.4567988566763148,20.91309723535179,30,female,high,266.0,True,3,2,0,little,education,1,0
0.3505355676297905,0.8041354220015091,0.628000982580296,0.4570543789721402,3.190019379515701,1.228931689155542,1.821852835137044,47,male,medium,266.0,True,5,3,0,little,vacation/others,1,0
0.9343192121125807,0.763980005110295,0.8320423124856349,2.739336227630862,0.7928354160684445,0.08748151733039615,9.265320862081946,39,male,medium,473.0,True,5,3,0,moderate,car,0,0
1.119954084303248,1.527810672325034,0.8382498975557627,1.714343341349988,1.009183484892266,1.362823707799334,2.719788941697568,44,male,low,482.0,True,4,3,0,,business,1,0
1.428888963253844,1.618799852792605,0.7401523753476795,1.683693908809305,0.7569101322632075,0.8594136449172424,3.146571199287791,71,male,medium,875.0,True,3,4,0,moderate,repairs,1,0
1.306724900956779,0.4783275110145322,0.5664800213475546,1.682845952216335,0.1496556052653369,0.1113338454965828,2.304669173518762,72,male,high,550.0,True,5,3,0,quite rich,education,1,0
0.6785927604107604,1.016753581859053,1.279007869051319,1.669315315580896,2.626124056484143,6.511665863290127,28.04911458911194,50,male,high,247.0,False,5,3,0,moderate,repairs,0,0
1.542305312919721,0.8337520847432511,0.2246671903496918,1.632959997571873,0.00413768832241659,0.1193412083336486,10.55630923929923,49,male,medium,732.0,True,4,2,0,little,vacation/others,1,0
2.631655579304762,0.8674094703560922,0.2889302417814202,2.77709310136957,6.251600042489617,2.004310369410076,30.11952002835442,55,male,medium,478.0,True,0,2,0,rich,furniture/equipment,1,0
0.5816582214143834,1.097568309213159,0.8415666023872277,2.317259839227436,1.714555945950617,1.54791681192092,6.168105562844241,75,male,high,791.0,True,5,3,0,little,repairs,1,0
1.291922955566446,1.033501408918704,1.057521910361168,0.7231963666500288,0.9020484322047878,2.724976137049962,33.53436250933525,46,male,medium,919.0,True,0,0,0,little,vacation/others,1,0
0.7050569318118368,0.8900971191460951,0.2911548335951249,4.134038716690824,3.398018743735239,0.8816146223621903,6.441773670284336,85,male,high,680.0,True,4,3,0,rich,radio/TV,0,0
0.7841879533776532,1.383487967214393,0.7985077296898782,1.847197779432992,1.965958821022422,2.429551521613842,15.25122179062209,28,male,high,854.0,True,4,3,1,,furniture/equipment,1,0
1.702713899071871,1.182954663512053,0.3319459320370139,1.388365163176069,2.828905828052397,2.553313397507916,24.5252927862672,32,female,low,454.0,True,5,4,1,moderate,car,1,0
1.050484693644757,0.7543852825504687,0.24691030109531,1.051107004806247,1.805372470768371,1.197880486114418,21.77667005475769,84,female,medium,498.0,True,5,1,0,moderate,radio/TV,0,0
1.809765420962363,1.235295548125582,1.320545829032104,0.9469851342043396,0.3184452771543065,0.118480420662501,0.7455278641393169,34,male,high,157.0,True,5,3,0,rich,radio/TV,1,0
0.5389960267106908,0.8413563591668389,1.188804894890318,1.828407684011301,2.41379524436378,3.59927117146563,12.57658508575688,21,male,low,658.0,False,5,3,1,moderate,domestic appliances,1,0
0.8220960424466952,0.6573276152585689,0.5271629311996799,1.788640850986769,5.12968357385611,2.818426798214259,51.75867967690546,33,female,high,798.0,True,5,4,1,rich,repairs,0,0
0.8516322794040772,1.148479625475648,0.4803970777380889,0.3908477044277793,4.403457272055216,2.013223775958161,3.039064807942557,53,male,high,350.0,True,4,2,0,little,business,1,0
0.7170623627619246,0.2715151047269359,0.602129234591411,0.2777611424763956,0.1125000705868192,0.810761880249233,4.668257938749967,31,male,medium,243.0,True,5,2,0,moderate,business,1,0
0.5486436600904562,1.000356969979436,0.6714862469194111,0.1047136341728818,1.521725791138082,3.472470928989529,6.260222238655553,74,male,medium,207.0,True,3,3,0,,business,0,0
1.220587113754006,1.255581600338647,0.05075282545961005,10.45573937086707,8.764261285497597,1.975458638740743,34.24281729048072,53,male,high,679.0,False,4,1,0,little,car,0,0
0.354206270109692,0.7163842088276263,0.9768305707985844,2.787460340804512,3.078888233062,1.645640223395906,6.87176373296015,68,male,very_low,266.0,True,1,1,0,quite rich,car,1,0
1.275673193184186,1.652879727575245,0.446105650652321,1.763668055987329,0.1355991566710852,0.162900464930311,10.68214783808157,36,male,high,480.0,True,5,3,0,quite rich,furniture/equipment,1,0
1.044807887461931,1.57470029002319,1.727293938520547,0.4012584114162761,0.5987143839141058,0.7484513029734712,4.170650146650379,83,male,high,662.0,True,0,0,0,moderate,repairs,1,0
0.8047885023086622,0.6143997116420039,0.07280884676331044,4.72804657579062,7.456719704765104,3.812748888170448,48.01298788059433,38,male,very_low,721.0,True,0,0,0,rich,repairs,1,0
1.191589447694053,0.5763753789292931,0.6603100911679156,3.601129476114174,6.264109468374437,7.297271555184709,42.74923322594755,21,female,high,393.0,True,5,3,0,,education,0,0
0.7343805900816754,1.640948200667548,1.009014372489351,2.683063908446867,2.116445175207472,0.1052119191577004,10.90454989438635,38,male,medium,771.0,True,5,3,0,quite rich,vacation/others,1,0
0.4425145183192317,1.127558955278291,1.044591736549592,2.469311711871958,0.1328794959530883,0.03793616308725939,8.855426847506319,52,male,high,583.0,False,5,3,0,rich,education,0,0
0.4413934571517841,0.8223724098192731,0.5133962944052896,2.296060508125703,0.5826117491559654,2.19108348028481,9.76928625144494,44,male,high,309.0,True,1,1,0,,car,1,0
1.69728451661733,1.045103942318649,0.7727498794046119,1.930157834390928,0.3192878609396217,0.1025763136395196,10.70684362953348,76,male,high,449.0,False,5,4,0,quite rich,radio/TV,1,0
0.7485351460201022,0.752426549166454,0.3097445602303371,3.389814095960928,2.639868688083892,1.092210233581138,11.66098535954173,54,male,high,955.0,True,1,3,0,quite rich,business,1,0
0.2829037371053655,1.384509979687894,0.9778728758798578,0.8473917212619787,1.806313627456756,0.3235805175461257,0.79964992734307,46,male,low,918.0,True,0,1,0,rich,furniture/equipment,1,0
1.127026902379848,1.063426983968274,1.175700960191909,0.7016433054958264,0.5367592260148186,0.3265948398102501,8.75514985432287,58,male,medium,396.0,True,1,1,0,little,car,0,0
0.7694990740965213,0.5092605663462478,2.041606701368721,0.07468766956519382,1.876857673339957,1.490636768198636,1.018361655719765,55,male,medium,619.0,False,4,2,0,little,repairs,1,0
0.8762767174428,0.695868739766486,0.9910076069542593,2.464293809465217,2.144676405135981,3.759692755849376,11.70579639311975,81,male,high,631.0,False,5,4,0,,radio/TV,0,0
0.423395653566694,1.263502324862863,0.4932813024949552,1.924351140499851,0.1147925686724304,0.151033670935544,28.52361347523171,66,female,high,266.0,False,0,0,0,,car,1,0
2.400795008899975,0.4992276606626888,0.8840498196241701,1.462516055941292,0.1322557498204951,0.09662207740605092,8.414047471419472,28,male,high,552.0,True,0,0,1,moderate,car,0,0
1.248498939288593,0.9732883714148789,0.7572477549071457,1.113716672189668,0.1237439444540026,0.2188424897587598,25.47823890896693,79,female,high,860.0,False,2,2,0,rich,business,1,0
0.4709501669741056,1.083105282650541,1.425819125577283,1.106022334021628,0.7501168660146225,1.677569008713621,6.30411648470286,61,male,high,454.0,True,1,2,0,quite rich,vacation/others,1,0
3.091406414556773,1.885028371662996,1.166227148534547,0.4936048796877059,2.937917864932754,0.6031883693276853,1.539726630875676,46,male,high,554.0,False,4,3,0,moderate,repairs,0,0
1.133873003079122,0.8261936315986267,0.1576742402437596,3.025054302920837,5.049052247297433,1.949785500757494,23.7031159361867,79,female,low,202.0,True,4,2,0,rich,repairs,1,0
0.5932692640458853,1.244256781355129,1.077339534968239,0.7222979638514787,0.002693577064328884,0.08007207254845751,15.60697034201286,36,male,very_low,168.0,True,1,2,0,moderate,education,1,0
1.113364170764418,0.7408313531834427,1.070446610112509,0.6284002816501002,1.244712615389575,0.4591235740265224,2.209740877471172,34,male,high,213.0,True,5,2,0,rich,furniture/equipment,0,0
0.9026635994459709,1.406534066719063,1.01544328172683,0.4213489218137367,0.1444021194755824,0.3840066105209882,3.589950439833101,65,male,medium,917.0,True,5,4,0,,repairs,0,0
0.9308443331655832,0.9719388353527341,0.5749018735824996,0.341122171009568,0.007714393230745393,0.3347983437197807,2.25564995351704,45,male,very_low,417.0,False,3,2,0,little,education,1,0
3.445690439771921,0.8739806588225837,0.5642909683274545,0.2394788221658483,0.6583947843854955,1.51536570503184,5.272687263907144,64,male,low,846.0,True,5,4,0,little,domestic appliances,1,0
0.9596888249099352,0.2946180313029881,0.2228258352346111,8.08129145701733,7.455528441337104,8.61146484728648,34.81329650231457,29,female,high,436.0,True,5,3,1,quite rich,domestic appliances,1,0
1.276835699974196,1.071024945644268,1.231719277672898,1.968853820931714,2.971409769935797,2.516758577665227,17.47181001085661,65,male,medium,441.0,True,0,0,0,little,car,0,0
1.868022505631755,1.10851379607849,1.159431090020304,1.678386367631783,0.5967219768635943,0.1210279412272262,18.83896305629888,72,female,high,396.0,False,4,3,0,quite rich,car,1,0
0.8998981572967983,1.122985953563085,0.4766012145937985,1.556575911327514,1.523145072318332,2.561909802875418,37.17240499530446,66,female,medium,454.0,True,5,2,0,moderate,car,0,0
1.190139900759454,0.840709043857762,1.224613686093804,0.5277350170518347,0.7497592436685724,4.094744681341989,29.84781275440657,59,female,very_low,510.0,False,3,3,0,moderate,repairs,0,0
0.2187259715543151,1.044378305678106,1.172702467289582,0.4854404175734862,1.6240577719302,0.5982657541898322,7.906974293614991,77,male,medium,851.0,False,0,0,0,quite rich,radio/TV,1,0
0.834306604107124,0.9847634899571514,1.119753257483911,2.178595194962178,1.990230030354523,0.1240524821676403,11.80754483588053,62,male,medium,612.0,False,5,3,0,quite rich,car,0,0
1.892825036623881,1.140787845498104,0.696552377168742,1.989558256236921,3.796479738850071,0.2927417647949979,8.837736782240217,24,male,high,218.0,True,3,2,0,,radio/TV,0,0
1.96385622637094,0.7798849986983493,0.7584507517956224,1.466084130475737,0.8219358884978141,1.434568415411508,7.081836616012,71,male,high,417.0,True,0,1,0,little,radio/TV,0,0
0.9584293419745842,1.062705236517322,1.68196232087814,0.7025447425555933,1.215342151654856,2.316780247363308,11.98068372418222,83,male,very_low,374.0,True,2,2,0,little,business,1,0
1.564333027368868,0.8673124208626758,1.399002854566743,0.4841042165194522,1.735882334830033,2.239059347069147,18.50057685880736,80,female,high,436.0,True,5,3,0,little,radio/TV,0,0
1.509675082652551,0.9547872101246497,0.380967809191207,3.871875063364997,6.360755230595336,1.357797590566563,21.3790677013623,31,female,medium,144.0,False,5,4,0,rich,car,0,0
0.5617517241964137,1.099546481871617,1.401612460108611,1.609481704710555,18.12265733522518,0.3651313272124319,5.901012629982882,47,male,high,228.0,False,4,2,0,,car,1,0
0.5850527603431559,1.599817544561684,0.4869650678450599,0.4686346980888944,0.2857137337847448,0.7895539334255074,3.784115767328622,48,male,low,317.0,False,5,2,0,little,furniture/equipment,0,0
1.2059601816611,1.605082749630231,0.6953745263344389,0.4649050509223719,2.38567992152886,1.117127866811193,4.135086955201472,36,male,high,838.0,True,5,2,0,little,radio/TV,1,0
1.222537836214314,1.346114326354523,1.531516949668956,0.198050859665226,0.3163087168878988,1.071617339146984,9.66431646810914,66,male,high,512.0,True,3,3,0,little,radio/TV,0,0
1.140847086564505,1.976008112059809,3.195079017563929,0.1653030387144922,0.3383092611282566,0.9793255681154154,4.033986492653563,54,male,high,825.0,True,1,0,0,little,car,0,0
1.091348828387577,0.4148731319865723,0.7789222627990209,0.03822026611406322,0.02948554633041454,2.088977128207233,4.173865823094748,26,male,high,180.0,False,5,3,0,moderate,car,1,0
1.249781387745527,0.9303953135852524,0.3661845011238864,1.932130208632349,0.02836626758379528,0.1263065002643427,25.65717410564755,56,female,high,238.0,False,0,0,0,little,radio/TV,1,0
0.4502261136616643,0.9086355680285679,0.9467702795222703,1.903144263923231,1.177998311635726,1.353462158114914,7.932228497198022,27,male,very_low,931.0,True,5,4,1,little,furniture/equipment,1,0
3.423290144925892,1.98763902605384,0.4768042968473654,0.7658912067810643,0.3744426231249821,0.6640337766742458,3.732256520044031,83,male,medium,682.0,True,2,4,0,moderate,radio/TV,0,0
0.6663927061880073,0.6906410102892611,0.7061922092422301,0.2612106096061164,0.2685290201853691,1.11032467473607,9.793110087290447,45,male,medium,309.0,True,0,0,0,little,business,1,0
0.9751665579455395,0.7853457618206708,0.3697702415986078,6.143982477350467,3.421206984292744,3.008179284639132,16.37050439127909,70,male,very_low,771.0,True,0,1,0,moderate,car,0,0
1.11346720027103,2.66075587835629,0.9994726473895258,1.962736643287966,1.641698865008899,4.980715737818683,18.48578849479138,25,female,high,332.0,False,0,0,0,moderate,radio/TV,1,0
0.6415473592082339,0.7631305370057603,0.3943488246288437,1.529314028612607,1.729735977469847,3.477174604260051,18.14739858114751,85,male,very_low,284.0,False,5,4,0,little,domestic appliances,1,0
0.758756263959913,2.038487775513928,0.8914020435651705,1.193499001213582,0.1530920243916842,0.1233993614324931,6.681737625206058,84,male,high,891.0,False,4,2,0,little,radio/TV,1,0
2.414222352791358,0.6722765895643523,0.2739035342756051,0.240940818110669,0.2665877943242565,2.4213093869514,19.87123837937155,32,female,medium,527.0,True,5,3,1,moderate,car,0,0
0.8256782805752759,0.8051531604324891,0.5749679443089492,0.1679469251219361,0.3236718749036385,1.51611671318358,2.293215946069402,78,male,high,731.0,True,5,1,0,little,car,1,0
1.374695140946229,0.8527271714060057,0.6389354613864923,4.758933782284012,16.82724404100472,0.1743965052671505,11.13399590115359,33,male,medium,856.0,True,3,3,1,,car,1,0
0.5907724148386618,0.7135183138554466,1.079011000708523,1.647388741838486,0.7866623746897534,5.244201575355382,11.98969352605636,85,male,high,266.0,True,3,3,0,moderate,radio/TV,1,0
1.25569603849587,1.753038889735277,0.5964689790760338,1.243550820747833,1.745765349341066,0.5299582530106601,4.10334988918212,58,male,high,816.0,False,5,3,0,moderate,car,1,0
0.7664951384045522,0.9654005772499887,1.138227590062483,1.02440330461233,2.1579738064124,1.512708501209742,11.20376315065301,68,male,very_low,678.0,True,0,0,0,quite rich,radio/TV,0,0
1.51411755471405,1.901264108739854,1.593682168328308,0.1832553459953383,0.2367284043665947,0.6610540001632583,4.146519076824644,19,male,high,801.0,True,3,3,1,,car,1,0
0.1537655444240513,1.585606657705034,0.8782090668199106,0.02589973641513995,2.297697528013061,8.119728892595228,21.1742065861411,34,female,high,912.0,True,3,1,1,rich,repairs,0,0
0.5939538508696309,1.129061293858503,1.09774181159928,1.688273765594357,2.504672363774178,1.164050033606369,6.841147709402014,83,male,high,682.0,True,4,4,0,quite rich,radio/TV,0,0
1.23874689628217,1.06061691447016,0.8925377990070601,1.520577846675062,1.918069990113248,1.85747946368789,13.04307038818374,28,male,medium,916.0,False,5,2,1,,radio/TV,0,0
0.9547839132930829,0.7557375229306211,0.1818017302496924,0.8346240059321656,3.551101669796668,1.328865187037991,43.83943675469706,56,female,high,266.0,True,5,3,0,rich,radio/TV,1,0
0.6148073719240924,1.473143960514883,1.526787930356222,0.3864537121925137,0.1819368256743812,1.360283195029361,2.133322103896768,20,male,high,174.0,True,2,2,0,quite rich,domestic appliances,0,0
1.588089860737145,1.308640488228508,0.6866560009808303,0.3241536333884603,1.293599214069516,1.482825080518686,8.264861259329985,42,male,high,797.0,True,5,4,0,quite rich,radio/TV,0,0
0.8455957196286631,0.9302863901965039,0.5359175529121863,0.2151150773667755,0.7309637282267855,1.858450342622641,3.349455449448571,41,male,high,784.0,False,0,0,0,moderate,furniture/equipment,1,0
1.021909665646268,0.5751625987958877,0.5782877726681481,0.1047082769506019,3.191825400984038,5.02499357849128,10.56703436626674,68,male,medium,380.0,True,3,3,0,moderate,vacation/others,0,0
1.809019922197578,0.9826092728058364,0.9757322691230741,0.05357490826518258,0.5265781910202371,2.954099103096901,5.649607737458993,77,male,medium,354.0,False,5,3,0,little,education,0,0
1.349568816644855,1.121279904540566,0.3042719377574095,2.542341261955494,1.553152601932056,0.2876477449212058,6.82240401122776,85,male,medium,636.0,False,4,3,0,quite rich,furniture/equipment,1,0
0.5041930345029834,1.487817569568798,0.7298353507122701,1.631749482603489,0.06288177732180893,0.09473266742638002,12.71458103635913,44,male,high,816.0,True,5,3,0,,car,1,0
0.3229643769034298,1.282502378732402,0.6553913583696237,1.563694221833847,1.772598794079863,1.741191825937312,6.142153749245129,27,male,medium,691.0,True,3,3,1,little,car,1,0
0.7773201868918764,1.647570268576981,0.6843717720089086,1.242866902571129,0.6639710799272307,0.2604834983833552,5.563565487262236,63,male,high,593.0,True,5,3,0,little,business,1,0
1.375299493623019,0.8918234831399393,0.5280535960217282,0.3269532133648506,0.04009055120957553,0.6816153713907125,7.283279872690585,21,male,medium,266.0,True,2,3,0,rich,vacation/others,1,0
1.307918433757697,1.535686208976753,0.3889169571465863,1.03938701140961,0.4786376554653719,0.6393695532095585,37.71363325249619,39,male,very_low,233.0,True,2,3,0,quite rich,business,1,0
0.6322607368927978,0.4513133426675667,0.2623490095795806,4.136849898758209,3.542465242745974,1.215583846298869,10.67281317369449,79,male,low,138.0,False,5,4,0,moderate,domestic appliances,1,0
1.671795796710203,2.143617455582961,0.8810547698687454,1.916262876433786,2.643226118583073,0.2177032942307297,9.775682057900879,62,male,medium,939.0,True,5,3,0,rich,vacation/others,1,0
0.8756767982953602,1.807847331789766,0.9881445181639757,1.057613468867679,4.212012032462147,2.831386849604015,23.71669234978112,30,female,high,693.0,False,0,0,1,moderate,car,0,0
3.050111634662813,1.373199984867627,0.2949072359642118,0.2624189670472743,0.1420053691169668,1.966156376755929,16.5188235810842,79,female,high,393.0,False,5,4,0,little,business,0,0
1.879330672507169,1.772450209969046,0.8910804934379086,0.2601775825544798,0.4257853882506399,1.050847011246536,10.61640221806908,22,male,medium,487.0,True,4,3,1,,radio/TV,0,0
1.424337329700042,1.912769795956168,0.3940189892487609,2.88113484637171,0.07064207181928366,0.07146068401896055,8.213864509139107,40,male,medium,339.0,True,4,3,0,little,domestic appliances,1,0
0.9252795353222653,0.8841832439976004,2.030624623568733,1.75626659706685,0.5861482647330475,1.607312011276732,1.28421317516591,73,male,high,535.0,True,5,3,0,little,repairs,0,0
2.726784184377324,0.8505764201643448,0.9838856615062804,1.367023212120399,2.968000393301378,3.009517147629248,26.57779417058653,20,female,high,772.0,True,5,3,1,moderate,domestic appliances,0,0
0.5626282235392549,1.165221605825377,0.8024495898760861,0.7478095785859197,4.338592282817203,0.8765935358148015,15.7533829729764,65,male,high,428.0,True,5,4,0,moderate,education,0,0
0.5000242540345056,1.089668243973647,1.102588415741557,1.398278621569006,0.1255303609884996,0.07037868291597707,3.293871927791274,85,male,high,686.0,True,2,2,0,little,radio/TV,1,0
1.149012256385413,1.224166121781086,1.824447958391099,0.9424108240705088,1.309895150009165,2.647203380331508,8.806382710682467,78,male,medium,512.0,True,5,1,0,rich,repairs,0,0
1.397724408085977,2.158295852270406,1.489390021060112,0.8629386301656509,2.263688184961433,0.3120550444030119,10.73053351489006,64,male,high,186.0,False,0,0,0,,education,1,0
0.9641779183251457,0.6813292974602552,0.5219787005873835,0.106031977140258,0.05187865323140297,1.496359214319707,1.936737591519828,39,male,high,504.0,False,0,0,0,rich,furniture/equipment,0,0
1.175375913893605,0.8443969468704281,0.520246468348752,1.373604646402204,0.3058874397429712,0.2980024999362544,30.64110555081858,73,female,high,574.0,True,0,0,0,quite rich,education,0,0
1.385839216120895,1.844095570434378,1.365710454591213,3.075470686716437,2.564286214333269,3.582094821142503,10.85229613525173,62,male,medium,243.0,False,5,3,0,little,car,0,0
0.5675998967902437,1.290260123278239,0.194743730197928,2.922980948321443,2.433576028683397,2.303576441413937,14.56704968500462,55,male,low,275.0,True,0,5,0,,vacation/others,0,0
1.42035377239913,0.79438758088656,0.9922651141160008,1.875207784406649,1.046005054502102,0.127490087699399,6.197524065475712,38,male,medium,678.0,True,5,3,0,moderate,radio/TV,0,0
0.5321434459829447,1.403576471528746,0.58554494875524,1.759984900823456,1.197499914539556,1.652318104755169,12.06818717786009,70,male,high,770.0,True,1,2,0,little,vacation/others,1,0
1.030845499298777,0.8053035695740263,0.3998958996076009,1.48592540520172,0.1335060934596097,0.2096393204848147,4.79471754697618,49,male,medium,469.0,False,4,3,0,moderate,car,1,0
0.5095666801067026,0.7904015102743173,0.8020931183059061,0.6666249485978833,0.1150952405929491,0.3248228047134966,9.584381760280241,26,male,medium,873.0,False,0,0,1,little,vacation/others,0,0
0.6165570794095531,0.4833470388194283,2.006592908902679,0.5456015187773209,0.704457959480389,0.4712777754268199,2.269335325009899,20,male,high,628.0,True,0,0,1,moderate,radio/TV,1,0
1.045500664212854,1.080577552660476,2.377591017617102,0.3934400451293167,0.9738901299687421,1.372897011863873,7.926468613181154,61,male,high,266.0,,0,0,0,,furniture/equipment,1,0
0.6204346202734566,2.117219058239604,0.419657900672686,0.2865600102403665,0.08143638307319064,0.9690351869738861,4.161737960922908,64,male,low,915.0,True,5,3,0,little,radio/TV,1,0
2.662023026785468,0.7049475275725399,0.5044819483397142,0.2093811838934583,0.05127230232108843,0.91822719723847,3.247655093090556,66,male,medium,420.0,True,2,2,0,,furniture/equipment,0,0
0.9245704519395143,1.30187691143398,0.749658166392514,2.436743254034087,1.788188846639798,3.389550233097734,11.66023921474469,72,male,medium,873.0,False,5,3,0,little,furniture/equipment,1,0
0.2910489396428375,1.285987719605922,0.8035600670902382,0.632590196738935,3.078347615754895,0.7538201389597272,3.044993234221272,67,male,low,516.0,True,4,3,0,moderate,education,1,0
2.002441810659741,0.8293275873713452,0.6826654208170504,0.6256879720878851,0.691297765887154,0.6527712455437561,12.45779762898991,83,male,medium,399.0,False,2,3,0,rich,radio/TV,1,0
3.378808230481073,0.6206252131805741,2.901256059500218,0.4323880548106441,0.3981384165210624,0.6759711741213633,2.972997062416164,38,male,medium,266.0,True,0,0,0,,car,1,0
2.297875653558243,0.6078512116845612,0.4096084546439668,1.413861595504223,0.510585270322838,0.312412693600164,3.95406141105453,59,male,high,482.0,True,5,1,0,,car,0,0
1.967949018830685,0.5500549506104684,0.5076978505692159,0.3666880514136197,0.235634749906439,0.8521689855997661,2.10135348964149,24,male,high,482.0,True,3,3,1,rich,radio/TV,1,0
2.148733708585648,1.171370057420359,0.3302474283966181,2.861955893492107,8.875461098081184,7.118582321567218,93.83996591893613,20,female,high,747.0,False,5,3,1,,furniture/equipment,0,0
2.260770829339127,1.19203433965861,0.3157088003932402,2.697771304054971,2.315707875153525,7.65577887717965,81.0908099021697,63,female,medium,163.0,False,5,3,0,little,repairs,0,0
0.7949959010715598,0.7562188396461921,0.3577905462821885,1.434698367753204,2.126996377103649,3.343201999119549,26.15351156081998,43,male,medium,374.0,True,5,3,0,rich,radio/TV,1,0
0.4821104048804345,0.7007813199575783,1.182646882164297,0.6101263761394169,0.4341716478752272,0.3065894534314855,3.771306844755594,43,male,high,292.0,True,2,1,0,little,domestic appliances,1,0
0.6453298220853119,1.663404708676303,0.4250878599004104,0.5394276467819401,0.0468214331974675,0.5262885110749083,13.24735696419513,77,male,medium,785.0,False,5,3,0,,business,1,0
1.665463452011896,0.5717581466612908,0.5092771583048057,0.1031254643104391,0.486614063214428,3.293481318256143,8.655068089246873,19,male,high,144.0,True,0,0,0,quite rich,vacation/others,1,0
2.031360767079766,1.563235047757456,1.277138598256598,4.168098810157483,1.235718337111601,3.110701167883687,4.550455415385277,22,male,very_low,874.0,False,5,2,1,quite rich,education,1,0
0.8316082015008205,1.961174523585455,0.7212188769082769,1.223798559449354,2.343673973627656,0.4264979937912821,7.025195789384671,74,male,medium,745.0,True,0,0,0,rich,furniture/equipment,0,0
0.7401852297087899,1.658259848018832,1.050435081784892,0.5985253552908937,0.808591393414531,0.3747898897282257,1.575154692543789,51,male,low,661.0,False,3,3,0,little,repairs,0,0
0.5139066655592192,0.835533891704325,1.580260640655283,0.2805602992112324,2.577276317436002,1.108228771559393,24.22829422841471,74,female,medium,300.0,True,0,0,0,rich,domestic appliances,0,0
1.386593382006688,0.4591687713550173,0.6351884242414229,0.2269865724741469,6.177509043211796,3.044863686829798,3.85045888699669,85,male,high,428.0,True,3,1,0,quite rich,car,0,0
1.258722733667904,0.8435671223284112,1.209734119461388,1.066639004105447,2.291883931589385,4.79634839477714,22.98937291466703,28,female,low,438.0,True,3,3,1,little,education,1,1
0.5549781808795142,1.134477430122297,0.4158740771967125,3.477288043360617,5.687238859781787,2.172879694558085,26.31259448614183,40,male,medium,809.0,True,5,4,0,quite rich,radio/TV,0,0
1.833056786123176,1.742902939498499,0.145896332572491,2.699137701389729,14.8980335041121,1.810762500989613,65.90646698919015,44,male,high,288.0,True,1,2,0,little,car,1,0
0.950465899757624,0.9669892319631513,0.7491069230317369,2.517477262673152,3.272924970817273,5.389762075444088,30.47557043932155,42,male,high,807.0,True,0,3,0,little,radio/TV,1,0
1.248298613519407,1.175280820961199,0.9783640126395917,2.021879670617067,0.7821269550601887,0.09041596938038791,5.182576961544512,84,male,high,336.0,True,2,1,0,,car,1,0
0.5239076275586473,0.9060739374020862,1.107329550212653,1.981530569673628,4.398274573770863,0.190297737799024,6.778929267434428,41,male,very_low,500.0,False,5,3,0,moderate,radio/TV,0,0
1.228281094241006,0.8235918474373475,0.2209608169807478,1.323232599347644,3.916915412073529,0.4808234857786999,13.8139485856253,42,male,low,573.0,True,0,0,0,quite rich,radio/TV,1,0
0.7974389250099083,1.151411919039482,0.3875032443393585,0.6695155845959725,0.4036822590398108,0.6761604505496166,3.44301388168779,20,male,high,144.0,False,0,0,0,little,repairs,1,0
1.059417208595632,1.595509870132046,0.2617063677806034,0.1776365463600845,0.1090114644433221,2.198245295963628,6.843125735419969,50,male,high,487.0,True,5,3,0,moderate,radio/TV,0,0
0.4687819859337267,0.6858285599232256,0.660482135089747,0.07350663599052738,1.903133450268128,4.346052406870885,4.492170774537123,72,male,high,905.0,True,5,1,0,little,domestic appliances,1,0
1.771329677736959,1.007795582804496,0.0919879366410601,6.097584843925945,7.713946957478864,2.005051703407966,24.93792770743314,19,female,high,726.0,False,5,3,1,rich,education,0,0
1.523864682837966,0.7227378979751452,0.9312797279683226,1.648206614586013,0.1448039401328789,0.09420996169367199,13.92667825599686,30,male,low,292.0,False,0,0,0,little,education,0,0
0.6416445332473656,1.147318249204319,0.1825248233119126,1.581520870685925,0.1560446551113402,0.3561437255441129,10.39704425158084,55,male,low,531.0,True,5,3,0,moderate,car,0,0
1.324160187074717,1.162077288273125,1.186711263863001,1.197218032994041,1.067439140881239,1.582670773196593,8.157224794788286,76,male,medium,266.0,True,0,0,0,little,business,1,0
0.9372505165435105,1.624349174013414,0.7992915431368272,2.319485802906338,5.964329708854181,4.203780501009438,37.75193959136376,73,female,medium,930.0,False,5,2,0,quite rich,radio/TV,1,0
0.9556667002481868,1.514057398680898,0.3552563688703776,2.052222605423091,1.550147717078642,2.032042965747262,14.33515956474502,36,male,medium,973.0,False,0,0,0,,car,1,0
0.278553436838649,0.8118471392716332,1.54635651023577,1.973184779492125,0.4687843307842611,0.04039099197348101,2.24251399918276,21,male,medium,493.0,True,2,3,1,rich,furniture/equipment,0,0
1.878666265533804,0.7435628839187342,1.325971992088996,0.9636299970718853,0.9231506416829918,1.068744303333711,3.066212761718222,71,male,medium,922.0,True,5,4,0,moderate,vacation/others,1,0
1.358532069061787,0.6735963943159752,0.6652363941801486,0.8465880428605956,1.99608112941386,1.519199650832451,16.55917689160205,55,male,low,132.0,True,1,3,0,rich,repairs,1,0
0.9285807841143724,1.037803101836552,0.9333546648769768,0.5580959713404096,0.003614560273726453,0.1205048298147108,5.06754203922723,18,male,low,296.0,False,0,0,0,little,radio/TV,1,0
2.308153113153434,0.4935377669271964,0.8927312786014674,0.4486893950112237,3.059489854240187,1.58900078451556,37.49639104778785,25,female,low,367.0,True,5,3,0,little,radio/TV,1,0
4.039520141987644,1.317165701327683,0.2413695472704609,0.1357974413036684,0.6723610638105526,4.596988157454839,12.36704871301581,37,male,high,657.0,True,0,0,0,rich,education,0,0
0.7417298189402842,1.004635424418932,0.5591364862096896,0.09973691468878448,0.09033075896068961,2.018738465737278,7.224826437228517,47,male,medium,722.0,False,5,4,0,moderate,car,1,0
0.737428453505014,1.22954439410899,0.5591636094940208,3.14420639270846,0.07851406628382677,0.03908575647853352,5.734035184522607,66,male,very_low,390.0,True,5,4,0,little,vacation/others,1,0
1.973109156379773,0.7781559924038368,0.1526368790312484,2.669329414297998,11.16031410686086,2.645554542829232,58.3800954317993,32,female,high,439.0,True,5,3,1,quite rich,radio/TV,1,0
1.582895759254535,1.875544308087427,0.4785609383929864,2.017375691200221,0.07803261401867778,0.1065897427453658,8.868813394168722,55,male,low,243.0,True,2,4,0,little,business,0,0
0.9109643385756798,0.9645013059906117,0.1680523269348228,1.706577702560342,8.881844961029332,0.877460164686448,36.65832333253106,81,female,very_low,721.0,True,3,3,0,little,vacation/others,1,0
1.204657016443922,1.718961562157248,3.708119268775413,1.086925990404327,1.010642744418509,3.760536601904336,8.940967837058619,54,male,high,313.0,True,3,3,0,little,furniture/equipment,0,0
2.121402555217683,0.9701154096040048,1.101141493015069,0.264883307311981,0.6170521123572383,0.6517598902104302,1.498930579235723,50,male,medium,739.0,True,5,4,0,little,education,0,0
1.260118362684686,0.7466114837834364,0.5720130605143792,4.717371503721234,1.170061938082857,1.84372786952851,3.40553738062243,37,male,high,886.0,False,4,2,0,rich,radio/TV,1,0
1.979540178160562,0.7104238907030422,0.3387080715907306,2.906410990190874,3.585535897578989,3.800991122419848,27.99758114945292,84,female,high,791.0,True,5,3,0,,business,0,0
0.3922749927958383,0.9547802581687329,0.3064995361091329,2.137962287267099,4.21478102135481,1.97105729767059,28.094654354373,34,female,medium,266.0,True,4,3,0,,vacation/others,1,0
0.2015556722955376,0.5747068062094017,0.560599549287935,1.14113502019804,2.343235441153928,2.533996697101237,20.29692344001322,69,female,low,711.0,True,3,2,0,rich,repairs,0,0
0.4738123207362445,0.4135451088832869,0.9094851839103173,0.7209336470850937,2.018197831658433,1.034777894354898,13.56287278914628,45,male,high,535.0,False,5,0,0,little,vacation/others,1,0
0.4626074812676373,1.111395608693959,0.5740720291485307,0.3446229598519779,0.4740765407220441,1.275351696794486,9.009551892062866,20,male,medium,920.0,True,4,2,1,quite rich,car,1,0
1.520151350043676,0.5373869393307549,0.6644593066588533,0.2834433513804914,4.790083211849797,2.400239365492116,5.335182367147767,39,male,high,849.0,True,5,2,0,rich,business,0,0
2.540844567771649,0.7678180488951125,0.461794686017784,0.06497985525125874,0.08188902940979886,2.88887706146616,6.071955247652523,30,male,medium,878.0,True,5,3,1,,furniture/equipment,0,0
0.3031171496753577,0.9723784905162759,0.775446034897718,1.766086886393343,1.482938366465767,2.677501741193483,8.957638466584527,41,male,high,247.0,True,5,2,0,quite rich,repairs,0,0
0.6042692229194983,0.9915112028808205,0.8622061090987329,1.666260307601072,0.8161342808304906,0.922328469157331,4.658401162008238,37,male,very_low,266.0,True,5,3,0,,domestic appliances,1,0
1.415135102266488,0.4297170733051667,1.358226448823323,1.403179114899193,3.702412649004209,1.269537192709829,18.79512574295507,82,female,medium,371.0,True,3,3,0,moderate,radio/TV,0,0
0.7548666619907263,0.8745231129100834,0.8562934158622746,1.153661928922587,2.07132903568499,1.470530339653387,17.99439562000434,33,male,high,305.0,False,5,3,0,moderate,business,0,0
0.4315359531221887,1.027716577751921,0.5185598378094297,1.062942702310679,0.8574341551865934,0.5232001201212737,16.40718149308805,63,male,high,783.0,False,5,3,0,quite rich,furniture/equipment,1,0
1.334102873544407,0.8655803869350761,0.4780576110927953,0.64659487434641,2.376360933923855,1.15021634104966,6.106985831879578,36,male,high,157.0,True,3,2,0,,radio/TV,0,0
1.134436092630255,1.181688916877624,2.63513258677079,0.2918910892533467,0.3369271681812271,1.154315085411095,4.730513767383488,45,male,high,907.0,True,2,3,0,little,repairs,1,0
2.581936352104168,1.451318903800721,0.3472987515712666,4.364507333225345,4.501096796839029,6.096689613267713,29.51978859900791,36,male,high,724.0,True,3,2,0,moderate,car,0,0
1.008114934978028,1.078855746253543,1.030849795874676,3.567988554862692,5.566376052052459,13.2908169830873,62.41769079246656,61,female,medium,243.0,True,2,2,0,little,furniture/equipment,1,0
0.5562672779420497,0.410316020144126,2.128287585923282,1.514384686582657,1.869646026216815,2.384611856713816,7.392347999360542,35,male,medium,875.0,True,5,3,0,little,car,0,0
1.877638604810933,0.8942050502462653,0.7249329276208116,0.85545154257893,0.5085320782273912,0.3965930779230207,10.44936868787638,44,male,high,157.0,False,4,3,0,rich,furniture/equipment,0,0
0.8315579110507538,1.650161981004657,0.2730626853229599,4.656349205367745,3.980478944626793,5.595807040615546,34.186322814311,68,female,high,853.0,True,3,2,0,,education,1,0
0.3221957289270826,0.5199449499994275,0.6388184336994606,3.239038339501341,2.842031171195838,2.566255534687623,10.7620367283902,45,male,low,775.0,True,0,0,0,,radio/TV,0,0
1.027818555051099,1.210142366449783,0.3580887473445894,2.453108654739509,4.284643453013559,3.232885401398249,28.70757190482282,84,female,high,157.0,True,4,2,0,rich,vacation/others,1,0
1.087414862006267,0.9892697781745473,1.347920460185691,1.465718233414286,1.424301409093891,0.1172813126666449,2.195759210215639,38,male,medium,782.0,False,1,4,0,moderate,radio/TV,1,0
0.8004364169748237,0.7398852078765304,1.836704404792656,3.334498908822387,2.086720962831553,1.512184087566825,3.35190751092607,31,male,medium,266.0,True,0,0,0,moderate,vacation/others,1,0
0.7036044715578958,1.093584506527607,0.4849840069603542,2.779936615230592,1.813148743923941,1.512990752006974,8.89212846617552,54,male,high,500.0,False,5,3,0,moderate,vacation/others,0,0
1.081735827456924,1.83083654058199,0.4616115491668262,1.756439485732709,4.263524446344608,2.002471244904018,26.43270483727133,57,female,medium,643.0,False,4,3,0,moderate,vacation/others,1,0
1.619626312117008,0.7714736868170019,0.2290725178207047,3.18296753236003,1.656071502512742,2.724212248742171,25.02798005262644,68,female,high,266.0,True,5,3,0,,education,0,0
0.2158150496619263,1.174692111439609,0.5716288579503931,2.011802857027281,2.183657936081258,0.2772545944203232,8.811199774584438,64,male,medium,860.0,True,5,3,0,,domestic appliances,1,0
1.070171066085461,0.864698061420826,1.356122360899316,1.887719481560487,0.5404783167104236,0.06971719230688123,9.481262032054703,18,male,low,975.0,True,3,0,1,quite rich,domestic appliances,1,0
1.522527866065779,0.7521172105505926,1.066802940992955,0.7739925772802706,0.5061405595947902,0.2740825251160965,4.729220590295888,69,male,high,573.0,False,1,3,0,little,business,0,0
0.9658998103290858,0.7852694431444391,0.390222447308018,0.2979593566731228,0.06388614755735676,1.341733706286296,31.29440443555247,65,female,medium,518.0,True,5,4,0,moderate,business,0,0
0.6690221951585149,1.089424273085081,0.1545758095663463,3.120544657682143,2.588391294051878,2.749725010396739,41.16414174657127,29,female,high,899.0,False,5,3,1,little,radio/TV,0,0
0.6225933198137883,0.5868676111868691,2.563628064885255,2.100177764936831,1.267620081122664,0.02546412974805514,1.588199031849115,44,male,very_low,408.0,False,5,3,0,moderate,domestic appliances,0,0
1.194567811186175,1.127258665936652,0.42725633135565,1.628394959562412,1.977580664584234,2.074606377697711,16.00267082874688,19,male,very_low,512.0,True,3,2,1,quite rich,furniture/equipment,1,0
2.153774955039991,2.118963571211281,0.7315100278774505,0.1938060544997127,0.7738974478256616,2.250062804078723,36.6759005021028,52,male,high,818.0,True,2,0,0,quite rich,education,1,0
1.115174639242929,1.271173193247058,0.68447338857191,0.156949231487693,1.03837346760612,2.453555284435655,8.983062887204845,60,male,medium,780.0,True,0,0,0,,education,1,0
2.108316965831091,0.8801424006416768,0.7412781792662344,3.086276065698293,0.3748489016693434,0.06343442091248867,15.37110662574326,24,male,high,799.0,False,5,4,1,quite rich,repairs,0,0
2.17721048142799,0.7936551050346359,1.559406664067258,1.105081697067117,1.207642331847958,3.690128207926121,15.89836419467276,37,male,medium,163.0,True,5,3,0,little,radio/TV,0,0
1.908150023068709,1.613579259535834,0.5131202267454731,1.012561520398769,1.255962908696483,0.4754839069397843,3.310669912361641,30,male,medium,668.0,False,5,3,1,little,furniture/equipment,0,0
1.442300338934419,1.24835992375238,1.31160932840713,0.6494131081707841,0.5821736685322424,2.186338422006264,11.41028394303949,53,male,low,284.0,True,-1000,-1000,0,moderate,repairs,0,0
0.8582134841887339,1.10120970550176,2.480402692819267,0.3054884075830371,2.179119747004175,3.553211823894284,40.49347082857298,78,female,very_low,247.0,True,1,2,0,moderate,furniture/equipment,1,0
1.190862375035706,2.374840328698694,0.5672649203667107,0.2688645283258304,0.6462722335210737,1.526649812722806,6.828199915364216,73,male,high,695.0,False,5,3,0,little,domestic appliances,1,0
2.756670353536232,0.7961992073390142,0.8291412398875658,0.1883733179861226,0.2764411856865114,1.023745740028346,1.35560863299777,80,male,high,812.0,True,5,3,0,little,radio/TV,0,0
0.6629476578376228,1.9988148511905,0.3873843629033445,4.705098548265307,1.404542878357358,2.854679719836928,9.086680428070036,42,male,medium,824.0,False,5,3,0,little,radio/TV,0,0
0.5694553663656624,1.48251990601738,0.0940563843371484,4.467100907651426,6.508068163350393,1.500976372130018,30.7490739040578,22,female,high,877.0,False,3,3,1,moderate,business,1,0
1.374755298423312,0.5230118876576714,1.22228296307051,2.137534504766393,1.602599886358548,6.758166144763138,29.31231319411363,63,female,high,901.0,True,5,2,0,moderate,radio/TV,1,0
0.9535441711656669,1.117566620127652,0.3487388247257054,1.647763351391178,2.268631687838593,1.250005055913044,15.50482195798222,38,male,medium,651.0,True,5,3,0,little,radio/TV,0,0
1.604951759696041,1.535928067896301,2.369452458429981,0.8719860083396545,1.092337619141941,1.062434478208059,4.739519212802101,72,male,high,552.0,False,1,3,0,,business,1,0
1.162013343456968,1.069376175963603,0.8136151048756155,0.8387405234321428,0.6410757948846519,0.8769276583901519,5.53412648003759,25,male,very_low,531.0,False,5,3,1,little,radio/TV,1,0
1.176303921210459,0.7016040047467016,0.900584567589471,0.6823440042381951,2.062953171454874,1.982525897746811,23.7499776607777,48,male,high,879.0,True,0,2,0,moderate,radio/TV,0,0
2.223088358889894,0.7822637846152038,0.5316079318345337,0.4304118710120219,0.4492866783066676,1.124730568795986,16.48121457014264,31,male,high,818.0,True,0,0,1,rich,education,0,0
0.4552114600150077,0.6450939373196223,0.571766397025185,0.1590841927114235,5.011367182720996,3.913886931810391,4.476301251286128,25,male,high,266.0,True,1,3,0,quite rich,education,1,0
0.8020036653050219,0.5672668972169643,1.062849085105837,0.6864874225675976,0.5579036617591668,0.3167760138945274,3.988312207457037,21,male,medium,126.0,True,2,3,0,quite rich,furniture/equipment,1,0
1.453736339044377,1.127819993415586,0.1761365184416997,7.313664767809195,6.118308450972206,1.405270026781988,13.85377393500667,19,male,medium,510.0,False,5,3,1,moderate,radio/TV,0,0
0.302252861107562,0.8738010402840833,0.505325860698591,1.452170628163023,2.623461721660215,1.000458271545746,9.428006929817172,30,male,medium,168.0,True,0,0,0,rich,business,0,0
0.5442889733881806,0.9445299062535515,1.559691104621804,0.7942024831437478,0.363971470311093,0.9126383221833788,1.665335666533681,24,male,high,238.0,False,5,3,0,rich,radio/TV,0,0
1.289238006319121,1.270297876595484,1.964069734792505,0.7001949676970896,0.7220223253520173,0.5296671783926619,1.725949477821645,56,male,low,300.0,True,0,0,0,moderate,vacation/others,1,0
0.9760740125582712,1.533700698242046,0.9266487562998971,0.6380594065350643,1.085548450795991,2.270260344256622,16.44156587395854,20,male,low,648.0,False,5,4,1,quite rich,domestic appliances,0,0
0.6787811295286904,2.599292747101063,0.9482397234161853,0.4770277338763073,4.30114802743748,0.9961634425754247,3.894387237745617,71,male,high,266.0,False,5,3,0,little,vacation/others,1,0
1.345835579444523,1.085198982546923,1.440445712764451,0.210570268381585,1.393227891690404,0.9895150624223787,4.452925418841977,50,male,high,144.0,True,1,4,0,,education,1,0
2.279717430226114,0.943221478155407,0.5954215813833027,2.688881421689254,0.9521761575116088,1.59017144192884,10.17027563509381,25,male,high,670.0,False,5,3,1,rich,education,1,0
1.462382821647364,0.427902945128515,0.7242375979764517,1.67476815493436,1.614614944252569,0.7018309328143435,10.59676463894936,58,male,high,243.0,False,5,3,0,moderate,vacation/others,0,0
0.946291886318009,0.5348844964386998,0.5069694384653485,0.2510980696228226,0.003739574873349381,0.4780075291055143,3.636603989774621,47,male,medium,257.0,True,0,0,0,moderate,business,1,0
0.6431365640232557,1.355510936834226,1.162189086863665,5.567856982010851,0.830186408102509,0.01622944020619873,11.79491522914456,41,male,very_low,446.0,True,3,4,0,quite rich,business,1,0
0.2065137651293396,1.121489128346947,1.54345837675372,0.6160581021114042,0.8990191169719075,0.685501081221628,3.262017513544238,21,male,high,948.0,True,5,3,1,quite rich,education,0,0
0.4163278965406348,0.826946441397619,0.4024596641655733,0.3031688191083087,0.1171850110486787,1.165144806724867,9.695277864821715,27,male,very_low,732.0,True,4,3,1,,furniture/equipment,1,0
1.025089318477822,1.073491403040633,0.604149219459839,0.1663148773513381,0.03256766023758523,0.9273162571516421,2.989443465778883,66,male,high,939.0,True,5,3,0,quite rich,repairs,0,0
0.6434501623098511,1.05814349392155,1.559529402951563,2.880865240181144,2.059886236905983,1.80155442516045,3.211579270255844,61,male,low,779.0,True,3,3,0,moderate,domestic appliances,1,0
2.027329439405828,0.835648352367389,0.3881502156517966,2.363275949432952,7.040934395800386,1.527684826444206,23.35170957394115,18,female,low,661.0,True,3,0,1,moderate,furniture/equipment,1,0
2.254515857556175,1.101292957320162,0.3252273282136349,1.192629509715947,3.589709040012064,1.123989748357122,25.54758315095287,51,male,medium,612.0,False,3,4,0,moderate,car,1,0
1.262790669960137,0.9976534367481602,0.3812288332865983,0.9138397644551116,0.06702077143881474,0.3523649731633334,11.96701823460778,42,male,high,168.0,False,5,3,0,moderate,business,1,0
0.7715917312106663,0.5229461511651288,0.5391618607403925,0.4617035151934621,0.52003662026879,1.062869362305247,15.64243675014975,32,male,high,252.0,True,2,4,0,quite rich,radio/TV,0,0
1.7897412793501,1.002942336435116,1.327786276967425,0.4004294787071602,0.0612431551474408,0.2158282847725803,2.730998675459631,56,male,high,266.0,True,2,3,0,little,radio/TV,1,0
3.092158759241634,0.8349670629499513,0.8599958186915984,7.819735038284056,1.942057249471557,2.734187214340832,3.830773206124707,85,male,high,643.0,True,3,2,0,quite rich,radio/TV,1,0
0.5982204201372054,0.99193467543543,0.4923682069318017,3.782987717132395,5.392434966119311,2.368859266374827,21.85312364629955,46,male,very_low,364.0,True,0,0,0,moderate,education,1,0
0.6677620166703105,1.271212481304224,0.5051345116885885,0.8934360329015592,1.08474249663995,1.258672236684895,6.326482485850891,24,male,very_low,390.0,True,4,3,0,moderate,vacation/others,1,0
0.4871581793366355,0.9081845440115104,0.3625560518411299,0.6921275595475266,0.07038088728782468,0.6346290815449317,34.35340794074151,35,male,high,680.0,False,5,3,0,,education,1,0
1.064721322810661,0.7719167690717674,0.1008267291909188,10.90823050930073,8.760988550926568,8.102055860441375,73.05778323615421,58,female,high,510.0,False,5,3,0,quite rich,repairs,1,0
0.9875486493182356,1.033398608287442,0.4852887689616083,2.020253572857303,1.323119072042696,0.2420127900993605,8.222989355854356,22,male,low,518.0,False,5,3,1,little,car,0,0
0.7348839526427362,0.6832289337401177,0.9241167198420495,1.866759095255067,1.535509481070778,4.545280027412606,21.80591780682269,66,female,high,343.0,True,0,0,0,little,car,1,0
1.778325803551876,1.474153171523058,0.4712141310686291,1.456668084339365,1.790288866456864,2.370866173033462,22.08934243617253,49,male,medium,813.0,True,5,3,0,quite rich,car,1,0
2.419410239025699,1.592399962391927,1.086640625814451,1.156400785595749,0.2558365161528525,0.1276673716730926,3.916696251948924,39,male,medium,801.0,True,5,4,0,quite rich,furniture/equipment,0,0
3.968690516860553,1.036062380702468,0.4509037582776189,0.7148068566908024,1.496045238156189,0.4031252170557239,8.810003608180503,26,male,high,367.0,True,2,2,0,quite rich,furniture/equipment,1,0
0.4965140632145386,0.7901227265736125,1.301915887403758,0.4731729433584283,1.610038283155841,1.888586645741458,20.20035853745077,32,female,high,522.0,True,0,0,1,,vacation/others,1,0
2.461556446633137,1.176717168576547,0.7690356121621762,0.3433464988522031,1.466252987186315,2.432476040538829,35.0551073059996,21,female,medium,769.0,True,0,0,1,,business,0,0
0.7099659041140673,1.464954266561134,0.3668837753711384,0.2905554402439978,0.1546502875852791,1.084193312861799,1.597924359350418,70,male,high,792.0,False,2,3,0,moderate,domestic appliances,0,0
0.7709482853871789,0.7531391274784406,0.1409821262785689,0.2353159345617167,0.001685716947065679,1.073095079944746,7.196579513315831,19,male,high,380.0,True,3,3,0,rich,education,0,0
0.7930454515362237,1.315642738348382,0.5085323748536431,0.2012871931659251,0.0634370870109166,1.034480432250991,2.29697180292046,55,male,high,913.0,True,0,0,0,little,radio/TV,1,0
0.5250037142194912,0.7457498808625774,0.8421409195088135,0.1287998500555795,2.160860074019125,2.220137855245779,1.08077528185692,31,male,high,801.0,False,5,3,1,moderate,repairs,1,0
0.3515676871302612,0.8097401673315469,0.5525496302361922,2.669841454670267,1.045519149522969,3.639410970909865,11.52335958943794,39,male,very_low,339.0,True,5,3,0,little,repairs,0,0
0.5623720027577306,0.754322784703883,0.8422726101928748,1.854170638918812,1.43815188423263,3.300200230741926,14.79503932362072,80,male,very_low,482.0,True,5,2,0,little,car,1,0
0.7706288239974847,0.9027729453424971,1.087120767054749,0.8339689846751693,0.01317557335381267,0.1035473223350707,12.74344511731107,61,male,high,906.0,True,5,3,0,little,radio/TV,1,0
0.6585477457383405,2.87756197080785,0.9845798395543957,3.551339802123473,1.585061975579489,0.06203567218650286,9.75748301784783,28,male,medium,568.0,True,2,3,1,rich,furniture/equipment,1,0
0.9237103401906976,0.3640284548401475,1.238300897594149,1.390072167878668,0.560439431322896,2.535199627465895,3.454113127978724,55,male,low,724.0,True,0,0,0,moderate,vacation/others,1,0
1.296622845207536,0.8640527793227639,0.9036938786052723,0.9667412850301206,1.065296495614457,3.131311237579673,23.49358112020323,82,female,high,266.0,False,0,0,0,moderate,car,1,0
1.772156219505341,1.5194119114546,1.271958972865852,0.7959685277067745,0.1534367563096458,0.1553873102927811,6.956827634975175,54,male,medium,380.0,False,0,0,0,moderate,repairs,1,0
0.1670091236120869,0.7200883629119578,1.654132720232715,0.3679908627934342,0.716777913869287,3.130320762830584,19.80596419483446,54,male,high,422.0,False,0,0,0,little,business,1,0
1.399422656827338,0.8040745924151486,0.448090998198357,3.6711669908679,2.647451049361826,0.9378779956472979,9.44728065191797,65,male,high,266.0,False,4,3,0,quite rich,repairs,1,0
1.812073766754248,0.9937110633976781,0.2371786345050976,2.216973805973802,2.863089113633277,2.308171879547185,34.60588810992165,48,male,low,606.0,False,3,3,0,,car,0,0
1.070131401973432,0.6995249140062325,0.3330589791011545,1.715375900929191,2.468235971187611,1.476452641320476,15.85028119135046,60,male,medium,854.0,True,5,4,0,,car,0,0
0.2899715029459072,1.5866172725422,0.8557474407900465,1.143213946907796,1.729369467939261,3.473872771569684,36.781888290148,85,female,high,981.0,True,1,3,0,little,repairs,1,0
1.216567855553149,1.284977113654266,0.6725743374439972,0.8090379349803462,0.01490632727431097,0.182360391247284,11.44106011594026,63,male,medium,420.0,True,5,3,0,little,domestic appliances,0,0
0.9876648788436024,0.6713501370267718,0.4198340167571795,0.1161403922080549,0.6425747073838174,3.259852714637413,4.979108613125394,19,male,high,583.0,False,5,2,1,little,furniture/equipment,1,0
1.574644475656414,0.884829512152147,0.9302242675873381,0.07068550860486948,0.1944562121017291,1.379749569328356,0.2476380133428781,22,male,high,292.0,False,3,2,0,,car,1,0
0.8516154364213033,1.258707987215362,1.120781144684161,1.860001715031924,2.585530663228355,1.018914092258227,2.854179780899471,56,male,high,856.0,True,5,3,0,,radio/TV,0,0
0.7450622574812934,0.9247363698624954,0.4696831676522112,1.449432976298804,0.0583888131435958,0.1704955113302576,15.01014976639265,64,male,medium,266.0,False,5,3,0,little,car,0,0
1.252896436504847,0.8433000783025764,0.3773393225087626,1.212484906871314,1.970971725491441,0.7480434902709006,14.26013667821353,47,male,medium,213.0,False,5,3,0,little,car,1,0
1.474655343720946,0.50392380532467,1.417731095505959,0.2061084768813188,0.1265718927749551,0.5167279344585465,3.659828507712748,18,male,high,908.0,True,0,0,1,,vacation/others,1,0
2.526895928605892,0.6470156387307244,0.9134604490722968,2.716601718740356,2.958438983182267,1.168273637177129,5.193449087049373,22,male,high,623.0,False,3,4,1,quite rich,repairs,0,0
0.6222214838775715,0.5948973864151992,0.3065908341451813,2.584856449867211,2.279020097473139,1.639440423705922,17.78013505603255,58,male,medium,579.0,True,5,2,0,little,car,1,0
0.4002321464844509,1.683533745189019,0.4374923727531474,2.055764285852356,0.5873816870334364,1.341970311564475,7.145649686055346,42,male,high,590.0,True,5,3,0,little,business,0,0
0.9504447387221959,1.176957306641396,0.6645437903794035,1.386340123222094,0.2518295776555252,1.670407311034991,5.543320357199776,33,male,medium,851.0,False,5,3,1,little,domestic appliances,1,0
0.7074366082298593,0.369996193633893,0.5294362706404313,1.039600829895107,1.287142483306115,1.013654632186584,7.631882539240694,75,male,high,328.0,True,5,4,0,rich,vacation/others,0,0
0.622878536257938,1.541692726657925,0.986231378723519,0.7837015590181576,0.9359549503927258,1.608089878242791,9.694635836242247,55,male,high,266.0,False,0,0,0,quite rich,car,1,0
1.347014704324817,0.7297394410343896,1.021753670543146,0.6524579048928801,1.708158242509789,0.4727488517485491,2.208693345865498,33,male,high,266.0,True,0,0,0,,domestic appliances,1,0
0.1259994167483098,0.6391454722042063,1.042350512705842,0.4055192119704341,0.6690012116910905,0.665542513302245,9.451342626997933,36,male,medium,963.0,True,0,0,0,moderate,education,0,0
0.5983398499655117,0.702381759930127,0.4033867112227105,0.1897394552469218,0.4191656447774663,2.266096876688193,5.368525364127096,32,male,medium,687.0,True,0,0,1,,furniture/equipment,1,0
1.286074615385887,0.967714190309081,2.786750587886591,1.014700948777934,1.017505134855099,2.865777887067683,4.779744481442211,67,male,medium,766.0,True,4,3,0,moderate,radio/TV,1,1
1.228855292825138,1.179638996047337,0.7948133217827825,2.407510057492316,2.293661263617329,2.038286067621844,12.89051668649246,80,male,very_low,452.0,True,5,3,0,moderate,repairs,1,0
1.23420128501012,0.5799005354135166,0.6691763884516655,1.80087996564803,3.511551948454242,4.009097646354398,29.07729775636139,63,female,very_low,801.0,True,4,3,0,,furniture/equipment,1,0
0.9333410208319572,0.4639966088797837,1.371121461160512,1.510870394595453,0.1912488852645868,0.06593904151051781,5.382796729705422,43,male,high,725.0,True,3,1,0,,vacation/others,1,0
0.5331177400737286,0.7742989919009476,1.07734098832301,0.7710664603553659,3.002894296286692,0.5442091944276188,4.684953473969136,24,male,very_low,821.0,False,5,3,1,little,furniture/equipment,1,0
0.9331438482645464,1.169215980892687,0.5758637406953673,0.653465549856796,0.9372178790283101,0.6027809657183753,3.117762621335223,60,male,medium,821.0,False,0,0,0,quite rich,education,1,0
1.677529359964882,0.5219501500506659,3.41434857139222,0.5017736170445196,0.1966989897579712,2.341285846193029,4.937618589864615,56,male,medium,938.0,True,5,2,0,moderate,car,0,0
0.2356843644039699,0.4765512801435355,2.285718784542444,3.028402100180435,1.426764495288219,3.450444626860899,3.969184826117679,54,male,very_low,750.0,False,3,3,0,rich,business,1,0
0.6557194807263388,0.4768150641983648,1.234574271681993,2.997848636411503,3.01822663377087,1.658348320565235,9.404474336426036,67,male,medium,,True,5,3,0,moderate,repairs,1,0
1.788383964306229,0.7024043780794762,1.106588703025502,0.4906260447786679,0.01899827761531335,0.1802716204354537,7.188609698666958,27,male,low,832.0,True,2,2,1,,car,0,0
1.248218325272357,0.8874002234305063,0.6627920687927275,0.1630460231504374,2.668660215105152,3.223492818300506,11.08686745889633,65,male,medium,544.0,True,5,3,0,quite rich,radio/TV,0,0
0.4228763359640418,1.098857700298723,1.301675212255663,0.0349618085589059,0.1726001487754736,1.898074359798644,1.74111060933552,46,male,high,243.0,True,0,0,0,,business,0,0
0.8998945235825564,0.8173929051694492,0.7856965102911948,2.86374373823911,3.352148198470499,1.794162983051461,8.38588179321954,64,male,very_low,261.0,False,0,0,0,moderate,car,0,0
0.7573587372758666,1.12895755107493,1.155270546626744,1.184440240410584,0.8895967919314758,2.704798099185014,15.2900978164558,65,male,medium,491.0,True,3,4,0,quite rich,business,0,0
1.541852227507735,1.063495651382543,0.661680398417797,0.6033056717828863,1.086050375190558,1.955256959253675,18.11480158705682,78,female,high,243.0,True,3,5,0,moderate,car,1,0
1.282777864051359,0.9971979087758044,0.3122863088763048,6.146553614951962,4.297295256861333,0.9027934437335849,6.042807702503787,51,male,high,787.0,True,0,0,0,quite rich,car,0,0
1.297323219986823,1.094872975901401,0.9145924239133069,1.676338693513575,0.917589316147234,3.28515469795537,20.51069856470055,78,female,low,823.0,False,5,2,0,,car,1,0
1.186704929282593,0.9132052452395027,0.3637449291541027,1.189921755633772,5.03603953347834,1.996338428735682,37.50395179054178,26,female,medium,524.0,False,0,0,1,little,education,1,0
0.7230648197925191,0.7231409879304983,1.470636693296869,0.6159068021548144,0.9889465370198806,0.4140616433144918,19.72962644408829,26,female,high,943.0,True,0,0,1,rich,furniture/equipment,1,0
0.973389267981763,1.115061890000586,0.8122496798254045,0.549111271492937,0.07466479200231561,0.3116664848810277,5.857596696881843,23,male,very_low,796.0,True,3,3,1,moderate,car,1,0
1.180387321669362,1.639998692928514,0.4999496638358663,0.3924767837390212,0.03282911178970029,0.5823033956528995,6.878281872772867,39,male,high,439.0,True,4,1,0,rich,radio/TV,1,0
2.365008778688107,0.5679308752629132,2.772549929824953,0.3305292847537753,1.44953778484016,0.747472380815929,5.4140540546581,68,male,high,659.0,False,5,3,0,little,radio/TV,0,0
1.435567905748789,0.9867698535232486,0.4071340202883176,2.75561661338768,3.775231529184889,2.561549362130521,20.7101846922168,75,female,medium,350.0,True,0,2,0,quite rich,radio/TV,1,0
1.13842335417265,1.76885376545435,0.8233068518904407,2.546422292113566,1.12593733393057,1.393216439886876,4.809503718239802,43,male,low,616.0,False,5,3,0,little,furniture/equipment,0,0
0.2512232617333884,0.6620850808318524,0.8333783473911709,2.492726021755895,0.7325845989593377,0.08260772390163691,4.305968687287058,19,male,high,266.0,False,3,3,0,moderate,domestic appliances,1,0
0.8731173255120008,0.7747438572053632,1.671489294216289,1.769276792077708,1.899220466662449,3.508494816233501,11.17564206404806,79,male,high,704.0,True,1,2,0,rich,business,1,0
0.920456386498949,1.046777905775663,0.2828687762034767,1.066518960177855,3.181776609927375,1.811075671015019,40.72574649374165,76,female,high,163.0,False,5,4,0,rich,radio/TV,1,0
2.193559081097395,0.8577261208986945,2.106864174381415,0.6796317154304615,0.3655868579429394,4.999213826092542,13.68918173168866,41,male,high,243.0,False,5,3,0,moderate,car,1,0
1.378200806943256,0.9871282775129965,0.6699182155165483,0.2112667473986107,1.143172318007149,2.006589342534613,9.764485996916646,83,male,high,898.0,False,5,2,0,quite rich,car,1,0
1.105081024341898,1.310008720508797,1.009770392323991,0.9565464491698977,0.03620363477054692,0.1053448225025937,4.58588005454989,19,male,high,233.0,True,2,4,0,little,radio/TV,0,0
1.578353392261432,0.4444529365336943,0.896542530598835,0.5890247278665198,1.189779945906869,0.5914254486018379,6.222140599395289,26,male,medium,749.0,False,5,3,1,little,domestic appliances,0,0
0.6791696079671892,0.6591751438102077,0.9814896875484181,0.4514383764811181,3.970789164643917,1.174834250550075,9.383138934369663,56,male,medium,270.0,True,0,2,0,,car,0,0
1.196347215601886,1.544445207273749,1.202953862826188,1.027777689456705,2.980685309236935,2.654034874230496,14.15137185474718,51,male,medium,324.0,True,0,0,0,quite rich,education,1,0
1.852202429705567,0.6672920757729242,0.7148500235783337,0.669262368634378,1.291579409204085,1.599150431581436,19.6398838708385,50,male,high,627.0,True,5,2,0,quite rich,furniture/equipment,1,0
2.224144974440557,0.5364530605491307,0.4269898151174047,0.6070258288765344,0.03356219927379595,0.5067066707057605,25.13344869964094,48,male,high,848.0,False,0,0,0,moderate,car,0,0
0.2884111489479776,1.373706700447204,0.6494300647315164,0.1694868338432936,0.3177901018538426,1.334943693958236,2.155951060544551,84,male,medium,544.0,True,5,3,0,rich,furniture/equipment,1,0
1.864682666331565,0.5475652026574125,1.610890000514207,0.1410780579518472,0.8678227477753689,1.027592461673317,1.499681683900207,33,male,medium,958.0,True,4,1,1,little,repairs,0,0
1.339753056285638,0.9835579127370664,0.6943696383857743,4.910147409980088,1.174777027327695,2.052619596445602,2.296128437324675,80,male,low,899.0,False,4,4,0,little,domestic appliances,1,0
0.5059514229755487,1.030669781718261,1.246097749539622,2.431831768154869,2.3047618444536,2.824845462225761,9.365789682489451,50,male,low,228.0,True,0,0,0,little,vacation/others,0,0
3.003444191063853,1.914520588067719,0.6357616244701656,1.407824120398637,1.574934024260624,1.718944041732262,7.637403897384276,76,male,high,466.0,True,0,0,0,quite rich,radio/TV,1,0
0.4271983029572427,1.455015063004256,1.395974035405665,1.055613815412338,0.9499093233006417,0.1532695875821613,2.205553095364373,33,male,high,939.0,False,0,0,1,moderate,radio/TV,1,0
2.20255310314422,0.5757755841523938,0.4848259102513589,0.7141966645737898,1.248364652329144,0.7879871643631354,4.748456330209018,32,male,high,422.0,True,4,2,1,rich,education,1,0
3.4523365136174,1.096240732658637,3.876938773227753,0.2299442408691777,0.1038273956373961,3.186705305940407,9.925711057938184,42,male,high,971.0,True,5,4,0,moderate,radio/TV,0,0
1.935987316429907,0.9022939247120093,0.2131284061945059,4.151448825740522,4.045473392833154,2.092740763355242,16.02497539733572,56,male,medium,950.0,True,5,3,0,quite rich,vacation/others,1,0
1.350590946799528,0.9209626429600265,1.226320853173999,1.98964743128411,1.856099644765733,1.758993674842864,8.046218493596992,36,male,medium,644.0,True,5,3,0,little,car,0,0
1.008034237570373,1.072553627583791,0.7198849113584787,1.595675102017393,0.3307484094443854,0.1998822411592531,28.72012614856132,61,female,high,596.0,True,0,3,0,little,car,1,0
1.015842827458829,2.374972407299188,0.4059155440146717,1.009971754619896,1.321185274339824,2.095699397581245,23.44553769696638,18,female,high,508.0,False,3,3,1,quite rich,business,1,0
1.532790818089492,1.693337743280537,0.5212632805071388,0.6400110812442649,0.562745827486766,0.8115094878314543,17.37701778696115,40,male,high,858.0,True,4,3,0,quite rich,car,0,0
1.524761647837772,1.335840035711102,0.3867313316126075,3.470972358001161,6.449019946693317,5.661549961089376,41.729001026068,67,female,low,886.0,True,5,4,0,little,furniture/equipment,1,0
0.8160735270322529,1.040561266345765,1.033124377940232,1.685002658249526,0.09412344696969432,0.05266710538875451,2.969382201327743,78,male,high,870.0,True,5,3,0,moderate,domestic appliances,1,0
1.476411363122403,0.7555533732260332,0.6764014652303684,0.966419244017839,0.08546719559668159,0.1890598026867646,4.962538956867572,19,male,high,748.0,True,3,3,1,,radio/TV,0,0
0.8661089800288643,0.9735615977304154,0.7016399481424176,0.7139582878387357,1.030589617502855,1.294330597019642,9.60704552024608,80,male,high,833.0,True,5,4,0,quite rich,business,1,0
0.4876686453953101,0.6024206150185449,1.04626327700796,0.6540594828839821,0.6783046309775754,0.4387706046293173,13.9940384500147,66,male,low,883.0,True,4,0,0,quite rich,car,0,0
1.441047890113644,0.7859540736267804,0.5526251231618694,0.1178265881288984,0.6099042689739117,2.777143248804075,7.231967710482433,40,male,high,489.0,True,1,2,0,,business,1,0
1.165321174961454,1.030493719843889,0.5393294769738471,4.747114306489936,1.880537619365152,2.019106211467106,5.543483847713565,47,male,medium,829.0,True,5,3,0,quite rich,furniture/equipment,1,0
0.178032743297459,0.3745841485270551,0.3477996014572527,3.641310900035234,3.853342779985785,4.722230862287597,47.73829048956223,27,female,high,757.0,False,5,2,1,,repairs,1,0
1.16496321522773,0.4941510279748142,0.8257775277845838,2.797536413981693,1.169852828317172,1.691468248769573,4.590447402259078,38,male,high,266.0,True,1,2,0,little,education,1,0
0.9476044295334896,0.8748887963224732,0.6416843072211584,2.724134974080246,4.939153370972122,1.857684187729366,18.04041961535248,44,male,medium,390.0,False,5,2,0,moderate,vacation/others,0,0
1.28940441074606,0.9966095256935742,0.7003591646449372,1.300762015183947,0.2626623215089047,0.2376523208498549,21.0063603804947,59,female,high,648.0,False,4,3,0,quite rich,domestic appliances,1,0
0.8152932398418624,0.8329295955665021,1.739163025341031,0.8783708585213276,2.546784631736768,0.2137178498621658,3.120418196331749,41,male,very_low,243.0,False,5,3,0,quite rich,car,1,0
0.359604864557018,1.231062388809261,0.9543832139497225,0.6961036210460793,1.320227542388033,1.994811460262844,20.97493409533002,85,female,high,768.0,True,0,0,0,,radio/TV,0,0
0.7493412635431416,0.8496424338180109,0.234806548484456,3.397834968197694,5.923406987981775,4.311986191154562,57.73709064173936,73,female,medium,168.0,True,3,1,0,rich,furniture/equipment,0,0
0.6246705102843817,0.9234457282858888,0.7313550175465716,2.76292360744406,1.635755252877447,10.74851783862585,53.47940481905631,53,male,high,623.0,True,2,4,0,little,education,1,0
0.5050523935707325,1.795385987940687,0.4319313029049588,2.118366981536888,4.951180393292504,2.588971345557209,34.55646419127503,39,male,low,207.0,True,2,3,0,moderate,furniture/equipment,1,0
1.921459769302761,0.3664591486667224,1.040538836244519,1.995678555331184,1.429981606073191,0.8999640397108243,2.961254956487924,65,male,high,723.0,True,0,0,0,rich,business,1,0
1.805188007265855,0.8680338502846847,0.4602664908012933,1.827202502202101,0.3132706614953641,0.2042959515825297,12.75247213684583,24,male,medium,878.0,True,5,4,1,quite rich,business,1,0
1.216898958963628,0.9700219622519985,0.4692084604464645,0.744982147780556,2.068717585784677,0.9761063089913313,8.843538905494453,35,male,high,799.0,True,0,0,0,rich,domestic appliances,1,0
0.8257445875828532,1.28147439153769,0.1903797959409249,0.5968586565396776,0.06773068993340019,0.7008456139253646,2.163893914251983,28,male,high,875.0,False,3,3,1,moderate,vacation/others,1,0
1.618204652943176,0.9060107986006106,1.148161472469391,0.4032938719858726,1.201210262332665,0.4759755749108324,8.877710581084,46,male,low,813.0,True,3,2,0,,car,0,0
0.4406484440068065,1.38350441819109,0.7742461755496338,0.371639604628709,0.4840024369571175,0.8999210354883348,17.6708560640943,59,male,high,892.0,True,0,0,0,rich,education,1,0
0.2301345018299521,1.92620738529645,1.635835176216349,0.7376313087657823,0.4504223041770353,6.075811233811687,28.15237278580874,27,female,high,592.0,True,5,4,1,moderate,radio/TV,0,1
0.9510561825534417,2.230283530653852,0.553414219562403,1.412310844153909,0.06228671121699871,0.1202503885166531,4.612241027891908,59,male,high,266.0,True,2,3,0,rich,domestic appliances,1,0
0.4027680922392101,1.770244576563595,0.5694913611421687,1.255836947477954,0.3636136386206694,0.2436529580983576,5.581551271140595,52,male,low,,True,0,0,0,little,radio/TV,1,0
2.075755188816355,0.9890484242150903,1.129841872916444,0.210267096767234,1.23616880241837,1.420830882985351,14.10478674164295,54,male,medium,252.0,True,1,2,0,moderate,car,0,0
0.6899493779607765,0.9163400021962373,0.7191336366675671,0.172556135480429,1.45202731983559,1.969298300383509,2.078342717047895,20,male,high,266.0,True,2,2,0,little,business,0,0
1.789919401820272,0.9278297602863486,0.486154547349213,0.1627961574932189,0.653517426894465,2.834872016701459,8.661698233771872,48,male,very_low,882.0,True,5,3,0,little,car,1,0
0.8096228469510768,1.248505680565138,1.467865385486395,3.275514300110022,0.3494243044081956,0.01382115449915972,1.585939982185874,47,male,high,364.0,True,0,0,0,little,furniture/equipment,1,0
0.7900250363916747,0.5734137719664381,1.206654346246372,1.0408513412258,1.023937288817083,0.2196394884652995,4.399683710005823,59,male,high,266.0,True,0,0,0,little,vacation/others,1,0
0.9511229232237072,0.7929237265379219,0.8252472413988012,0.475605459333051,0.004199876423431457,0.1694418508800584,4.248409914040759,83,male,medium,275.0,True,0,0,0,quite rich,furniture/equipment,0,0
0.1985336155652959,1.31409004337171,0.3740080213377233,0.3860885669809745,0.05862801952582524,0.8306102168230258,10.89449523670072,67,male,low,874.0,True,5,3,0,little,furniture/equipment,1,0
0.6578220297780998,0.8434190939697789,0.2214051961861852,2.362987653366932,1.809153054057534,1.154192930859944,16.15836086914236,56,male,very_low,608.0,True,4,3,0,,business,0,0
0.7481581719247242,1.018991837304059,1.262966778339747,1.526486166026273,1.045940749487084,1.325918183214303,4.97360436548021,26,male,high,428.0,True,4,2,1,moderate,domestic appliances,1,0
0.8667099516278532,0.704873564651388,0.9090370483268979,0.6121196273837417,0.5712098716712246,1.650149030125242,9.458460904757587,26,male,high,618.0,False,2,1,1,little,domestic appliances,1,0
1.411504463732099,1.331011422725082,0.5795598866542553,0.5589899732971969,0.5373763497517738,0.6987905183613268,6.057686622825759,76,male,very_low,794.0,False,5,3,0,little,repairs,0,0
2.258419805633237,0.8017311752382098,1.107554955442759,0.8198726584341822,0.162886236908425,0.1632182991461781,2.895029863903738,77,male,high,678.0,True,2,4,0,,repairs,0,0
1.737954212343101,1.740824327767851,0.2881898691406172,0.5663770454926843,15.99646449543323,3.746765707268739,6.941881479772196,60,male,medium,186.0,True,3,3,0,quite rich,business,0,0
1.986878241706915,1.162136518345625,1.026324843480174,0.7003374736136385,0.07033094878888092,0.20806283732023,18.39463582574671,31,female,high,420.0,True,5,2,1,rich,vacation/others,1,0
2.497097318681787,1.772869294046929,0.5057215274711437,0.4670408723396122,0.02074951002501996,0.4809031861832455,12.48985441973963,30,male,very_low,890.0,True,0,0,1,moderate,repairs,1,0
1.467972354896176,0.5784725353324343,0.9882669916330589,0.3571160910442273,0.8199238324033074,2.061440498694429,14.14279394770535,20,male,very_low,390.0,True,3,3,0,moderate,radio/TV,0,0
0.9835635529929417,0.5691367134760541,0.5281347631255915,3.236018375894639,9.171630855009818,1.137423614708603,17.50346074792391,85,male,high,791.0,True,2,3,0,little,education,0,0
1.773487608344468,0.8492122912581563,1.144576727796613,1.944706429645325,0.5077974100205234,0.07914627885636641,5.862922440161197,62,male,medium,417.0,True,0,0,0,moderate,furniture/equipment,1,0
0.9719666186309821,0.6238891643718696,0.5652356094716497,1.807106322993937,0.2898449752971029,0.1529844574812736,9.804918855336865,64,male,high,482.0,False,0,0,0,little,radio/TV,1,0
1.050160162793065,1.43143269527888,0.7348245037234068,1.554575717364702,1.614451226507447,2.618682448616499,17.88277149980359,79,female,medium,288.0,True,3,3,0,quite rich,repairs,1,0
2.748451676064033,0.8599167780012882,0.9439033496454394,1.524797547000275,1.691869511415851,0.1968370412274198,4.062042411663834,22,male,very_low,266.0,True,0,2,0,rich,car,1,0
1.029397718788578,0.9169875485103613,0.3838363569583658,1.507163930955436,0.6251152091842694,0.3465769103005983,9.139799289410368,39,male,high,740.0,False,0,0,0,little,business,0,0
0.3329900057884504,0.6769197268099774,0.818990508241754,0.866165933052981,2.00761957257696,0.4319076562802965,0.9235441084725032,76,male,medium,924.0,True,5,4,0,,education,0,0
0.6397682602472968,1.097263579259481,2.830908738973402,0.2827748271702618,0.1179590042567593,0.1874222538979005,9.72807907690469,59,male,high,266.0,True,3,3,0,moderate,radio/TV,1,0
1.933539535427832,1.263779461928054,1.142646992064147,0.223514828615203,0.1313396257556453,0.6059614492466786,4.940513523140261,63,male,high,703.0,False,0,0,0,little,domestic appliances,1,0
0.5144454056401218,1.720249825866727,0.5489234504993341,0.1375980620358022,1.648425112186309,3.192067357035745,2.792922819709004,32,male,high,279.0,False,3,3,0,moderate,repairs,0,0
0.9235385780325308,1.484022268320732,0.1991513445452798,3.718913125780029,4.686504671955946,2.905405148141897,26.03590111021506,23,female,high,734.0,True,0,2,1,quite rich,vacation/others,1,0
2.0519751666641,1.074699097658742,1.112345302885255,3.297707682445876,0.4040332782941359,0.03794251628752698,21.71271097944228,72,female,medium,420.0,False,2,3,0,rich,domestic appliances,1,0
0.6498454705819218,1.074499669798635,0.7312272885794142,2.371539219858487,3.475766759933538,1.499023002371712,11.87540536024372,54,male,medium,592.0,True,0,0,0,quite rich,furniture/equipment,1,0
0.6653533729263713,1.228308289252524,0.5559269682394837,1.703446859280967,4.104594469201492,1.211856096516135,16.84732316950113,52,male,medium,466.0,True,0,1,0,rich,repairs,1,0
1.065794441776567,0.7818585958657239,0.4960950073715759,0.8502558652461804,2.511760752401765,3.053834975985666,46.42581265044956,39,male,medium,850.0,True,3,3,0,moderate,furniture/equipment,1,0
0.6444443524756941,1.018034221843476,1.16615547914732,0.7226117282793817,0.9374894858061275,1.064015061408406,14.30141346258645,61,male,high,861.0,True,1,3,0,,car,1,0
0.2151537089559512,1.310990160093639,0.514499128840843,0.2003234295291901,0.07932515383308324,1.233868785076692,12.24326527536532,70,male,high,586.0,False,4,3,0,moderate,car,0,0
1.703892640872319,0.6094625678853909,0.5720771293986198,2.914744036744843,3.924732093569046,0.1892836444758704,4.472569841527941,51,male,medium,252.0,True,2,3,0,little,domestic appliances,1,0
1.96763153693108,1.844055205707831,0.9048606583976041,1.858276858126482,1.806149309559486,1.605940876606873,6.562514316328295,79,male,low,703.0,True,5,2,0,quite rich,vacation/others,1,0
1.491584218526739,1.997094100204039,1.192725385580215,1.663978316589362,1.613661020862836,1.097429588010802,3.835764187692524,53,male,low,538.0,False,3,1,0,little,furniture/equipment,1,0
1.979197549981816,0.8969603024810129,1.144646908310421,0.9526473128161981,0.8009278467318428,2.503878003399644,16.55573110352172,79,male,high,296.0,True,3,3,0,little,car,0,0
0.3259805733389342,1.176393019380128,1.003342412433924,0.7888105363017177,2.490522773318379,0.9531916281489514,11.40387406387556,43,male,high,,True,3,2,0,,furniture/equipment,0,0
1.000860204611535,1.081306640993943,0.4840012949585897,0.320208644583068,0.004284561528852409,0.4674022339851771,12.07303145095095,37,male,very_low,771.0,,0,0,0,rich,furniture/equipment,1,0
0.4478985797853901,1.112367971883639,1.060467633213761,0.2278655201680447,0.05866087375762668,0.5479115969334528,9.524079014810711,76,male,low,266.0,True,1,0,0,moderate,repairs,1,0
1.012079100477469,1.263045367497797,0.5339100799510546,3.073261942358338,1.903201647944806,5.93533874690732,26.30662608921632,39,male,medium,456.0,True,0,0,0,quite rich,repairs,1,0
1.064889458777853,1.218420691976674,0.5549260811344545,0.8216245818220501,3.062331554156851,0.8600466162579963,5.665818404360119,31,male,high,489.0,True,5,1,1,moderate,car,0,0
0.1924256544617754,1.248632551325379,0.8762684557450434,0.4918999867586015,4.0010457537829,1.029699509842824,3.256983411180332,81,male,high,626.0,True,5,2,0,,business,1,0
0.795423579773882,1.201074997956202,0.2960419944365085,0.1789864391469084,0.1275564081408584,1.773945565638934,1.387263261090125,73,male,high,907.0,True,3,3,0,,repairs,1,0
0.7606808590967629,0.5149134657728547,0.6484337945859628,0.2177458241376546,0.001243001108206467,0.4109588399854725,11.11855933041542,71,male,very_low,600.0,True,4,0,0,rich,business,1,1
1.658152055850159,1.439770722810437,1.13338928131765,1.494850695695393,2.085636331953509,2.312174337270964,14.15123079062425,72,male,very_low,233.0,True,5,3,0,moderate,furniture/equipment,1,0
0.6782284839587472,1.718586262798753,1.155566430205262,0.7150748161593001,1.692694629742084,1.968928277245838,19.11369896761376,36,male,very_low,257.0,False,4,3,0,little,domestic appliances,1,0
0.7108151621919292,0.822061742503271,2.008221628054561,0.5683162258029473,0.7026022196387138,2.088502385958226,8.630454064044846,26,male,high,360.0,True,1,2,0,little,business,1,0
2.409467194163299,0.8835032921822137,0.7019141325565417,0.4511353190187631,4.953720230154515,1.702278601448142,11.66597746956534,21,male,high,535.0,True,3,2,1,little,radio/TV,1,0
1.070493475603036,0.4486038068958133,0.5258235848445841,0.1560446084167246,1.554642735440307,2.925573434541243,4.909921458774217,52,male,medium,674.0,False,5,3,0,moderate,vacation/others,1,0
0.4188816983697166,1.514675332827954,0.9334721645087729,4.929272144249444,5.717598754253763,7.328770629671332,27.1268589232552,69,female,high,106.0,False,2,2,0,moderate,repairs,1,0
0.5705498600386455,1.568396732288583,0.554885398329295,3.86920820425961,2.71124591879025,3.943023924547293,15.45997016725447,43,male,high,771.0,False,2,2,0,,car,1,0
1.059603607820204,0.6038981698279098,1.825991942016557,2.012605930490271,0.1988650125088074,0.02856253024675715,7.588752039627673,29,male,medium,266.0,False,1,2,0,quite rich,radio/TV,1,0
0.9018469660200396,0.7445839079895387,1.07853162242103,1.36672759947505,1.704961883662969,2.194549644817782,15.62970252553034,26,male,low,374.0,False,3,3,0,little,radio/TV,1,0
0.3740609841357962,1.476264092023664,0.5838216301584016,0.896794924708251,0.700731264885029,0.4618835275481766,3.993664802659594,77,male,very_low,633.0,True,5,3,0,,business,1,0
0.6911091692496117,0.5800410471305164,0.5711846132669937,0.2658756484736712,0.2853417629358425,1.139593848108087,4.035004773626982,26,male,medium,,True,5,4,1,rich,furniture/equipment,0,0
1.388328519077654,0.7318579306376579,0.6253975345246925,0.3208146063671694,0.89916241574349,1.105070675933026,1.667805685297061,70,male,medium,907.0,True,0,0,0,,radio/TV,1,0
0.8123317630936305,1.1206348535022,1.197242387937724,1.091191734044004,1.400351495548584,1.874731726003487,10.24530288804266,28,male,medium,733.0,True,4,4,1,moderate,vacation/others,1,0
1.172710821151017,1.280910471797993,0.8520290294206588,0.9177001780088457,1.329386505583286,0.6937149599214908,3.098761895144825,34,male,high,683.0,False,5,4,1,little,car,0,0
2.230251550990285,0.6416530986059447,0.6698688158284019,2.856151480942641,0.4298975628152576,1.905257018558365,3.128106716952983,77,male,high,266.0,True,5,2,0,quite rich,car,1,0
0.4425720772450858,0.8810296509891151,0.5974352575373437,1.992977899971583,0.17443533986846,0.08577252337022097,1.678166754685876,82,male,medium,469.0,False,2,3,0,quite rich,business,1,0
1.003672133163743,1.233480783893494,1.487270344012973,0.3453440340522766,1.493951980061735,3.420232693865436,47.98264902718145,61,female,medium,929.0,True,0,0,0,,vacation/others,1,0
0.5671100537607062,0.4271470457858882,0.4524404076694427,0.3262771333708078,0.1571885831786478,1.046834135349401,10.91981167889707,83,male,high,568.0,False,5,3,0,little,radio/TV,1,0
0.6210505396857511,1.167211059258244,0.7828700234964249,0.2468822979365482,1.99834213994505,1.744263812563797,5.22350819276428,64,male,low,625.0,True,5,1,0,moderate,car,0,0
0.7708330660588399,0.6006064771151276,0.9631150436976571,0.1855996435045786,1.046160640789083,1.446642681855588,4.46494692493865,57,male,low,485.0,True,4,3,0,little,car,0,0
0.7100359374353277,0.4265544209530369,0.7106263809134561,3.016418513381528,0.03882717963890431,0.0401563712170321,37.94179087813811,47,male,very_low,422.0,False,5,1,0,rich,radio/TV,1,0
1.018615812773858,0.9401451225814872,0.5564211388430614,2.139135005919002,2.587571297226204,3.501659835683824,19.45861054197828,28,female,high,536.0,False,3,3,1,quite rich,car,1,0
0.995695238471847,1.047263896212938,0.5269369254408468,0.5555365191178331,0.03567809791426031,0.4161951694276053,14.03694436606467,23,male,medium,815.0,True,1,4,1,rich,radio/TV,0,0
0.6410788069663694,0.4168278595248048,2.311462898891296,0.3231198641687614,1.464071561929719,2.694670656589107,19.76889108608138,41,male,medium,876.0,True,5,2,0,moderate,car,1,0
0.411599847799779,0.4533860837577876,0.5131221761089774,0.08600402790946578,0.7695535648179608,4.270545512743091,12.04323110972234,80,male,high,682.0,True,1,3,0,quite rich,car,0,0
1.38218066823697,0.9296236380792021,2.735454405913317,0.04856524598991126,0.6620008341347585,1.445257853975039,20.28002366431516,53,male,very_low,610.0,False,4,3,0,little,repairs,0,0
0.6752886090856451,1.346479711400111,0.5289077940265007,1.543207327353462,0.9140463288125049,0.2666428853044218,3.271034839393204,29,male,high,180.0,False,0,0,0,moderate,education,1,0
0.6338496141576496,1.425744933817884,0.952948827297419,1.377620178255603,9.314914160353027,0.4883006863074749,12.05336139525237,47,male,high,354.0,False,5,4,0,rich,car,1,0
0.8905384854114602,1.64766364910823,0.682672622123671,0.8388600935766465,3.156243897471246,3.07365874647277,21.50421399169969,65,female,high,,False,3,2,0,quite rich,education,1,0
1.216579575535796,1.470013247979867,0.7553171008359707,0.639045241289971,1.599562104746281,1.421613495347044,14.68059085896939,46,male,very_low,270.0,True,2,3,0,,vacation/others,1,0
0.5255377904827315,1.366173426430177,0.2889819208901776,0.2074393694993743,0.002685806894099367,1.154133135855697,41.98036350988087,38,male,very_low,916.0,True,5,3,0,little,business,0,0
1.161740415253965,1.436218814248917,0.2696638197232139,3.819512909215858,2.062461426686788,0.5313952484989767,1.403164403622014,31,male,high,898.0,False,5,3,1,little,car,1,0
1.129976361433027,0.9977637228438864,1.183071139159919,2.969496658425463,1.809641211984285,0.9144250306196404,1.616875118775147,43,male,high,636.0,True,0,0,0,little,vacation/others,0,0
0.830287075306195,1.761205347797483,1.010070356429553,1.305273555513306,5.745728659071943,0.2872039593619856,0.6075050410069975,23,male,high,266.0,True,2,4,0,rich,vacation/others,1,0
1.761309971921562,0.7674911217743196,1.522066616497114,0.9141471410258333,0.3246942171662151,2.411348553099793,9.726603083027856,45,male,medium,869.0,True,4,2,0,rich,radio/TV,1,0
0.9018808028066085,0.8321240578590281,1.157570807017009,0.8829566085469635,1.27509646421796,2.389751028807081,17.15036107746853,25,male,medium,431.0,False,4,3,1,,domestic appliances,0,0
0.6798017712975524,0.9922739258633979,1.167651563036034,0.3163343354248105,1.080515384426176,0.9212496933160054,1.78350703504959,77,male,high,736.0,False,5,3,0,little,business,0,1
0.6956167923130173,0.9812110440319239,1.208944929164762,4.672223770345669,2.913990872802742,1.941176013320326,5.046412767798829,49,male,high,819.0,True,4,4,0,quite rich,repairs,1,0
0.3479702941614399,1.368305920729086,1.376817026992211,2.377555956649327,3.172308048618286,1.344819128930392,6.425349601507511,42,male,medium,817.0,True,5,4,0,little,education,1,0
1.192599663162559,0.5033588729201055,0.56906042101829,2.212634913986241,2.29305393177038,2.139493327557879,12.29517968548173,79,male,medium,834.0,False,5,4,0,little,business,1,0
1.422101522717108,1.874212526414202,0.5110136060256222,0.9919037059923067,2.968231987235922,2.728215170119058,42.39309779448904,37,male,low,874.0,True,0,1,0,little,vacation/others,0,0
0.9000845008556082,0.9910425860304279,0.3789314631475557,0.2589834354350208,1.656999519988116,3.066692376147445,15.04037891951958,41,male,medium,931.0,True,0,4,0,little,repairs,1,0
1.303436974373972,0.6259136501476515,0.803450084769125,0.1450520687900441,0.8886748597892928,2.347766875643562,30.10735685341588,82,female,high,266.0,True,2,2,0,moderate,furniture/equipment,1,0
0.3537699772515618,0.8197301642694566,0.370374556749735,2.963358323294297,3.117042325913453,1.206399695642491,10.60139280215969,63,male,medium,144.0,False,3,3,0,little,repairs,0,0
0.7305584922151719,0.8705365994114989,0.9605616650314249,1.583980054576186,0.6623422442721311,0.1499941687064843,8.249477564566487,29,male,high,459.0,False,2,4,1,little,repairs,0,0
1.076515241353622,0.6686732681211901,1.025557555696277,0.7388227112040684,0.1549108446905712,0.1912214163984057,4.661410540531006,33,male,medium,780.0,False,0,0,1,moderate,vacation/others,0,0
1.399409185179957,1.6240689594769,0.5130843903803812,0.1917564468877448,0.05306835917130073,1.064228320636045,4.096700712879288,48,male,high,393.0,False,4,3,0,little,business,0,0
0.8689102541374558,0.3102860107499961,0.1605058552510848,2.332717917270786,6.719561123365841,1.472646117915866,37.16594867373949,72,female,high,367.0,True,5,1,0,rich,car,0,0
0.4591262067884463,2.879168155669694,0.4368466225788877,1.098532689855104,1.486525244437609,0.8400310129099189,10.37760253859095,68,male,high,324.0,True,2,1,0,moderate,radio/TV,1,0
2.187942557409071,1.270376502864209,0.6903874550824022,0.3283408829089692,1.879017230169595,0.7054041082832772,20.25073477396649,45,male,low,510.0,True,4,2,0,quite rich,repairs,1,0
1.089133012020395,0.4623839135700678,0.7126184127549983,3.37357821419408,2.796781280170696,5.32048248230205,22.79117139017233,77,female,low,390.0,True,5,3,0,little,furniture/equipment,0,0
0.7890994775296386,1.210617763396784,0.5822865148602213,3.309326378699139,1.803651951954764,4.724787997414628,16.79247174492765,22,male,high,266.0,True,5,1,0,little,car,0,0
1.086443768508969,1.566164165773499,0.5689538624039118,2.878856537137038,3.347719226037697,4.428752415951333,32.71867659645999,78,female,high,339.0,True,3,3,0,little,radio/TV,0,0
1.314453671281657,1.033668962488668,0.7799227978916271,1.923046461730132,0.5306155279213755,1.117371933402428,2.707494319544498,77,male,high,266.0,True,4,3,0,rich,radio/TV,1,0
0.5673426555663756,0.7559956547132317,0.7333440375987762,0.1102899619168872,0.5495450377876988,2.44554904603382,9.326864898873886,66,male,high,787.0,True,5,1,0,little,car,0,0
0.3910855204764205,2.106964381996163,0.5665316969064925,3.235104516804851,4.313488148199642,3.072389223021563,25.20380926873497,78,female,high,538.0,False,4,3,0,quite rich,repairs,1,0
0.8974489046714846,1.178324960357961,0.4374654345451578,2.410137797799532,0.2773270509405608,0.1264791713366118,8.529327035648219,63,male,high,247.0,False,5,3,0,moderate,car,1,0
0.8971647558713013,1.934136462313265,1.151668176147835,0.5750927743494204,1.156460015238484,3.689895276885874,19.69555549030311,85,female,medium,701.0,True,5,3,0,,domestic appliances,0,0
0.2854396333865544,0.8728129477964259,0.4304464021029126,0.1446780429854034,0.08835860071905693,2.005487961611039,14.97602401444542,52,male,low,390.0,False,5,4,0,little,radio/TV,1,0
0.8029293400217679,1.545668392031654,0.4043437703337076,3.024851403577467,4.428887680611486,3.888461111019349,30.00982764065479,83,female,medium,313.0,True,5,3,0,,radio/TV,1,0
2.478409503676804,0.8040633350982189,0.5308952974702568,2.862181667513811,5.339108469349511,2.156510857785426,25.19308301063255,61,female,medium,266.0,True,3,3,0,little,radio/TV,1,0
0.5802287001113534,0.585503025994899,0.4144714058227548,2.054940169875248,1.534876624903683,1.641671460381792,18.20603912447404,46,male,high,433.0,True,3,3,0,little,repairs,1,0
1.532941540767926,0.8579178893789093,2.002525604919303,1.133809489305083,0.6778831010870977,3.798752098441049,11.85434611872072,74,male,high,459.0,True,1,3,0,little,business,1,0
0.8985108313810667,1.496481765737945,0.4973701289355203,0.6896001389791079,0.03461756666704238,0.3088671124397864,6.607666863297473,35,male,medium,305.0,True,4,3,0,little,education,1,0
0.7088768778233612,0.551906071345921,0.6022705395618162,0.5280122701132873,0.02579750774856354,0.2978247874608504,2.075644521918845,68,male,high,913.0,True,2,0,0,quite rich,furniture/equipment,1,0
2.451758401870461,0.8280260150484592,1.265119213763439,0.3962127264945485,2.12107059599607,1.667872106237029,18.09625843841929,32,female,medium,350.0,True,3,2,0,rich,car,0,0
1.702811450234394,1.47327003069276,0.3201586800511786,2.770719767350515,10.0035541491553,1.393712028151592,24.91000423786934,47,male,medium,605.0,False,4,1,0,rich,radio/TV,0,0
0.5243645517718487,0.8448902272610551,1.749449155806557,2.194367214233709,0.946065665084295,2.70804996110084,4.643654445114232,59,male,high,446.0,False,0,0,0,little,radio/TV,1,0
0.4079102593996142,1.087066206104844,0.8049623318599786,1.967859309801289,3.677793303003865,0.255743216595589,7.096386464508461,80,male,high,624.0,False,0,0,0,moderate,radio/TV,1,0
1.097915985204597,1.024249502215782,0.5516504091796887,0.6787993901925136,2.20976649959975,2.826049779261298,49.27779293996709,37,male,high,817.0,True,5,2,0,little,furniture/equipment,0,0
1.15149346015807,0.5648179486050544,0.4060652503834467,0.668480649020439,3.218551024360936,1.517286359259494,10.27093893881274,46,male,high,493.0,True,5,2,0,moderate,radio/TV,0,0
0.2812074748013978,1.619932924702963,0.5192676013634485,0.5141339758879812,2.577169632056843,1.838295247422293,45.80196719715923,52,male,very_low,266.0,False,0,0,0,rich,radio/TV,1,0
0.9221806758096169,0.8771359422075299,0.1018041661359719,4.886949389921842,4.295346764084867,5.878661463213302,55.41243691014144,39,male,very_low,439.0,True,5,3,0,quite rich,radio/TV,0,0
0.8694505876301842,1.187230829423258,1.031590958470986,1.074458072311773,1.099818298768065,0.209944668885138,1.890958550009184,40,male,medium,792.0,True,4,3,0,,car,1,0
0.6616777792485369,0.5176239190223125,0.5574374177889417,0.7267452830196506,3.889590778619538,0.8766157099778107,0.8955774750870987,28,male,medium,851.0,False,0,0,1,moderate,education,0,0
0.5231471881377417,1.120201294123611,0.5774516127005546,0.2820265277050295,0.562063411266038,1.529447578827109,9.468476175088528,34,male,low,694.0,False,0,0,1,little,repairs,1,0
0.7142428795381621,1.009154201908107,0.8437083594052236,0.2442078523763902,0.1118529890785301,0.663823720826097,1.235701195565772,79,male,very_low,585.0,False,1,2,0,little,furniture/equipment,1,0
0.846233120060186,1.627207586256743,0.839267562030184,3.17760988889056,0.5820897790625075,0.04920628972257252,6.902691836108539,84,male,high,936.0,True,2,3,0,moderate,radio/TV,1,0
1.000876353449741,0.336011507711932,0.8063509304311548,0.98949870180714,0.2212379486256845,0.1900850641555688,2.192125608913982,64,male,high,715.0,False,5,3,0,rich,furniture/equipment,0,0
1.112558362585295,0.8859333800975114,1.298769363959478,0.5432853808230836,0.8031933701950313,0.2955546132651614,1.139118583077168,39,male,high,399.0,True,5,0,0,little,business,0,0
0.5811257423265991,1.137409187377278,0.8474212585642954,0.5167432195678795,0.6224545911339588,1.086292616358449,10.15341726134478,41,male,high,608.0,True,2,3,0,moderate,furniture/equipment,1,0
1.426229782258828,1.026211530014538,0.3007779770135027,0.459113355603462,2.096583290074073,0.7275438736491928,23.80013009053125,62,female,high,313.0,True,1,3,0,,radio/TV,1,0
0.3643956056446079,0.865874544726207,0.8035547873212121,0.2650760754867296,0.256003998185553,0.7585013824025078,1.613282263870158,55,male,high,552.0,True,5,3,0,,education,1,0
1.290587860314886,1.780758279719534,0.4619992873145656,1.64912409574329,0.5938164276502368,0.2614073496474831,6.179596438936937,56,male,medium,747.0,True,0,3,0,moderate,car,0,0
0.699399041618115,0.9867271068987759,1.022126455216289,1.405222743814539,0.04504506032872366,0.05873768648781034,3.937894558110334,30,male,high,371.0,False,5,2,0,moderate,car,1,0
0.9396161173138738,1.138834948885682,1.009685236724712,0.6328468102560384,0.06733229640032494,0.223665301775713,7.99820015367284,58,male,high,132.0,True,1,3,0,rich,furniture/equipment,1,0
1.553988488879059,1.054762123289462,0.4110830408923601,2.73256010161922,3.428756165798592,1.582068539735925,9.288276391504777,21,male,very_low,775.0,True,5,4,1,moderate,furniture/equipment,0,0
1.167482795234231,1.28138284272287,1.2947877159446,2.579719058289138,5.901185641528123,0.1194470735010453,8.69247185178086,70,male,low,266.0,False,0,0,0,quite rich,radio/TV,1,0
0.954159989197669,1.53980999271446,0.2541425292714692,2.166773507888738,5.84551257259263,2.332294722818114,39.88533872060479,41,male,high,,False,5,3,0,little,car,1,0
2.989578472967549,0.6046281086884709,0.8696658986415309,1.033914470507387,1.940103850168656,2.087611800820715,28.09739853740439,81,female,high,631.0,False,5,3,0,rich,furniture/equipment,0,0
0.8483929524159094,0.7371621142640806,1.239676592095331,0.5802525457156141,0.0105194434134497,0.1171825128038789,7.474371551813999,46,male,high,482.0,True,5,4,0,moderate,radio/TV,0,0
0.8217828066614892,0.9720422832623549,0.579893373138483,0.3059772237599334,0.1774931494701365,0.9049201563918797,10.0449757619099,73,male,very_low,815.0,True,0,0,0,little,education,1,0
1.156628334408977,1.874305720299589,1.135262911555386,0.1109565027929992,0.5793250813588529,1.196812521135704,0.4674816683366891,85,male,medium,270.0,True,5,3,0,rich,repairs,0,0
1.361578441909068,0.7040911166626583,0.9282990902982536,1.775497328436368,1.713487319565018,1.747782375205102,8.781717967052437,69,male,high,896.0,False,1,3,0,little,vacation/others,0,0
1.492897708843913,0.3965933799113318,1.262311698004799,1.572777160597625,1.759339100858013,1.672176500227472,6.585900277630778,41,male,high,728.0,True,5,3,0,moderate,repairs,1,0
2.383519431117677,0.9222160085573285,1.861783335406116,0.8605936705274817,0.2797424642901011,0.09680640044240259,3.335979152501623,42,male,high,858.0,True,0,0,0,,business,1,0
1.187658884460419,0.8691560428283761,0.512062631001445,0.8150828435457262,2.111581933732419,2.049383861099363,33.41769743380314,70,female,very_low,223.0,False,5,3,0,little,car,1,0
0.9585719663722316,0.519754211361712,0.5871154153444902,0.401454954878379,0.02761874732885979,0.5277081421166582,11.89006442565508,61,male,low,803.0,True,5,3,0,little,furniture/equipment,0,0
0.5113520127908566,0.8606420859776875,0.6883312137710845,0.345231065121953,2.159007890578252,1.593421363553171,6.918790766132339,38,male,high,885.0,True,5,3,0,,car,1,0
0.658896160000609,0.8491471550314604,0.6272953107945725,0.1638902479039896,1.126608361480476,2.380873908516286,6.078155891269952,77,male,low,642.0,True,4,3,0,little,car,0,0
2.308428313288465,0.9966043877887507,1.338913970299595,1.532674024706651,1.09915508383855,1.228237149642964,4.972404372657594,40,male,medium,367.0,True,5,3,0,quite rich,radio/TV,0,0
0.9056576979176157,1.069703336666673,1.545373327043737,1.426418284503564,4.366442070834662,0.1706331338816748,2.430722954788375,31,male,medium,275.0,False,4,3,0,little,car,1,0
1.970307493806742,2.16733055666366,0.3718558041958619,0.8630925647700802,1.389004585317704,4.340582112924546,61.2715359484267,82,female,high,929.0,True,3,3,0,,repairs,1,0
2.899119787684579,1.497972295147557,0.9016732077325843,0.7182209788201264,0.2909474269958212,0.3265776892018448,6.166605185775667,55,male,high,881.0,True,2,3,0,rich,repairs,1,0
0.8052019881608011,1.943409038784017,0.8437557962529251,0.1728805253663782,10.06539320835281,3.288201932064293,1.969453818358063,79,male,medium,186.0,False,3,3,0,rich,car,1,0
1.121502367582909,0.8828103938539958,0.5104442634949956,0.1434596618192361,0.04276068120547871,1.268153006311095,7.861257493251647,40,male,medium,396.0,True,3,3,0,,car,1,0
0.5921876150235541,0.5431220308165571,0.7724786985177147,1.896089973835696,2.49827724528921,2.397694121903572,18.62253444431218,37,male,very_low,313.0,True,5,1,0,little,furniture/equipment,1,0
1.484317203606328,1.709588794242812,0.4153934828004903,1.798231190745354,0.007405333727049144,0.08272179536646415,21.04118287728432,68,female,high,915.0,True,4,1,0,little,car,0,0
1.000605264216003,1.381391992991172,1.956238758649431,0.9167576275425149,1.765810864138681,0.2138662973461888,13.87934511971631,44,male,high,296.0,False,5,3,0,quite rich,education,0,0
0.4839417677642994,1.771964637822578,0.6731822944720333,0.8995636733533392,0.8345531254544081,2.858867141714362,18.66041850481025,67,female,very_low,776.0,True,2,3,0,quite rich,education,1,0
1.29152035507911,0.2215374496118783,0.218071957298155,0.6107452724174239,0.08829171017065869,0.7547168113254045,6.215145601982406,78,male,medium,733.0,True,5,3,0,rich,repairs,1,0
2.456331495112451,1.474669313365198,0.71301392703029,0.3866320743386305,1.00978682707844,1.344406820449554,16.16458574151516,59,female,high,317.0,False,1,2,0,moderate,furniture/equipment,1,0
0.9697492476748467,0.947195125039986,0.2967075372147841,0.2643604896489473,0.03610132193302971,1.321666089554013,10.56472157381896,71,male,high,618.0,True,1,4,0,rich,vacation/others,0,0
2.413670861426852,0.733773350121515,0.1341196851971698,19.940926857523,5.019683356442047,2.693493740029408,6.31145721041494,28,male,high,722.0,False,5,3,1,little,car,1,0
0.6414453277037481,1.500658367642567,1.052795446174397,2.703789374616642,2.702014107615754,2.836092154739672,14.08218908134443,26,male,medium,878.0,True,2,0,1,rich,vacation/others,1,0
1.21006068907521,0.7308209182884695,1.85176926423611,2.54520659406651,8.821207246169513,0.07958936839404823,3.294888886246321,55,male,medium,228.0,False,1,3,0,moderate,furniture/equipment,1,0
1.49977872653051,0.8178000869022178,0.7655029451393769,1.438702862986771,1.457253920358085,0.4706346282512413,3.626573633648703,41,male,very_low,859.0,True,5,3,0,,education,1,0
1.929089438941773,0.7404596398478204,0.2296717158172343,0.6815470403362053,0.012800431075446,0.3814546331099017,4.013353301455211,67,male,high,653.0,True,5,4,0,little,vacation/others,1,0
2.014347270891634,1.035425272706283,1.592232439992283,0.6902965543394308,0.6061305914813565,2.130321025888305,14.96564703989678,59,male,medium,380.0,True,4,0,0,rich,vacation/others,0,1
0.7748886427853816,1.041866111628432,0.6007219798408587,2.294352446694995,3.375200562712145,0.8507769067977428,9.810334690064709,53,male,high,313.0,False,5,3,0,quite rich,furniture/equipment,0,0
2.300098920384393,1.547332240772604,0.5921345384119981,1.894914359466494,8.163153370212312,4.298546110601126,49.09131616460431,31,female,high,866.0,True,5,1,1,moderate,furniture/equipment,1,0
0.7926852552430597,1.149338621010887,0.2676173035949639,1.775662141890782,7.974750283201772,3.78598057778746,79.39893289558371,53,male,very_low,799.0,False,1,1,0,little,domestic appliances,1,0
1.601795170530524,1.447505186140445,0.6660885323369676,1.165919321452353,0.3722454878183178,0.2575211751555766,8.039742419896578,29,male,medium,,False,2,2,1,little,education,1,0
1.013676472163615,0.9334902672270333,1.073840281030624,0.1838122328831908,5.057058166299226,1.876942703390575,1.776003606694297,68,male,high,529.0,True,1,4,0,moderate,radio/TV,0,0
2.193580692263715,0.9162533880605469,1.195983086098253,3.718433815726196,13.3682016796108,0.1064210226363631,6.840403571218524,37,male,low,845.0,True,1,2,0,quite rich,radio/TV,1,0
0.6604133048739967,0.8278725227784135,0.2008358124677898,3.205882272192775,8.025308785266036,1.994389638463986,19.62477302610386,55,male,high,454.0,True,3,4,0,quite rich,car,1,0
1.365891787189381,1.134036948157826,1.37951219245473,2.400091738772111,0.4867537424799664,0.03659606693814142,3.353124678814903,46,male,very_low,266.0,True,0,0,0,quite rich,education,1,0
1.508850809486374,1.531738501327105,0.95384672820988,2.089767901142238,1.034951233184752,0.09999912365847421,4.953389618141555,80,male,high,687.0,True,3,3,0,moderate,radio/TV,0,0
1.430691911931687,0.876778220003461,0.55161664161681,0.6087446013753244,0.5541522512010191,0.7795173546322092,11.94449377901041,45,male,high,433.0,True,5,3,0,moderate,furniture/equipment,0,0
1.947489440706257,1.510926193707757,1.062788947488134,0.4927907887072472,0.4237410907545035,0.4764314776116584,10.75870676873741,44,male,medium,905.0,True,3,3,0,moderate,business,0,0
1.259007699649644,1.568347727281699,0.4062931503936649,4.071489500600364,1.597667774069597,3.691122880047648,9.091027228873084,31,male,medium,579.0,True,0,0,1,,education,1,0
0.4287035598725668,1.095707553265799,0.3790778228895026,3.43682649984753,6.245978985244176,2.012235458742588,21.82133626486453,26,female,very_low,672.0,True,0,0,1,little,furniture/equipment,1,0
0.4928496900789852,0.8304844286016289,0.322157396461423,1.7319994273656,5.173736478856571,4.104309758745383,62.81737752105704,24,female,high,476.0,True,5,3,1,little,furniture/equipment,1,0
0.5442168046772046,0.847751473302969,0.3360819589842559,1.487187661232708,0.0004030800485106933,0.06436420787833964,10.43511856007361,60,male,high,682.0,False,5,3,0,moderate,radio/TV,1,0
0.8281725225751952,1.11394855011634,0.8904632659620101,0.5126645413934632,0.8506664268173308,1.289985876950172,14.65842300762516,36,male,very_low,144.0,True,2,3,0,little,furniture/equipment,1,0
1.294075979762923,1.474267222387831,0.4350556090598838,5.090230096565592,3.605695841061249,0.9995612334766214,6.645741409896178,59,male,very_low,931.0,True,0,0,0,quite rich,repairs,0,0
1.239740419682582,0.3587539615985744,0.2270532677795919,4.633688336314819,2.205628174337591,0.9930554296560931,3.913914432110833,61,male,medium,436.0,True,0,0,0,little,education,1,0
1.152512248144278,0.6128482734791387,0.6139763804279126,0.42990917994311,0.8179336601352064,1.541085212544638,17.39743937311868,47,male,high,163.0,True,0,2,0,quite rich,car,1,0
1.236868663892545,1.49332590379938,1.389397687764466,0.1240697669322283,0.5997040616591487,1.313820877478711,9.155644314726151,27,male,low,238.0,True,4,3,0,little,radio/TV,0,0
1.517813672347812,0.2538489198961771,0.6760492385586242,8.090989144274591,0.2460259742206327,0.00536584039985254,2.00749229055736,37,male,very_low,138.0,True,5,1,0,quite rich,repairs,1,0
0.6300024777369385,1.066667469645517,0.3559093355304032,1.716890338566786,2.246323433435326,1.809830366341846,29.14274284136603,67,female,high,855.0,False,4,2,0,moderate,education,1,0
0.475479457524394,1.374186633289594,0.4217615864756818,1.180227083263873,0.07089544706196799,0.2146361800702613,6.47029178669756,85,male,high,476.0,True,5,3,0,,car,1,0
1.363933032599413,0.6451302361502477,0.6262566131091803,1.216283020188681,0.9974038229966591,3.592798030313227,20.58921213011238,31,male,low,500.0,True,3,3,1,little,education,1,1
1.879807794694855,0.7001823106218414,1.475563866753877,1.189823113138394,1.366603292354593,2.332635246738754,8.498640020616936,35,male,low,524.0,False,5,4,0,rich,domestic appliances,1,0
0.4663440846973614,0.6491983039836103,0.3920140345435725,0.7526440956218767,0.0412093273663402,0.3044768326556672,3.483203611029907,71,male,high,641.0,True,5,2,0,moderate,radio/TV,0,0
2.183457829604335,1.320456486299386,0.3269961195168812,0.06961834867296035,0.02081512097197375,2.821024990097488,14.21556246433151,61,male,high,384.0,True,5,4,0,moderate,education,0,0
2.119087218563714,1.246054811520273,1.462522862801404,0.5706943331648631,0.6562591051733291,2.370930471089502,8.602620077935555,64,male,low,926.0,False,4,3,0,moderate,radio/TV,1,0
1.329917921855517,0.8613519309856288,0.6807321643953816,0.387509431185773,0.3573670789408929,0.7395328113075417,6.20877248344449,26,male,low,469.0,True,1,3,1,little,car,1,0
1.695042567294565,1.01844092457251,1.176807809898913,0.3237317010076117,0.9924860433182647,2.369370220092207,24.69645094797104,29,female,high,555.0,True,0,0,1,rich,vacation/others,0,0
0.894976039970446,1.667188601141282,1.11566593692124,0.2606029860034275,0.06568661524296565,0.4789881919015222,7.221748181573044,24,male,medium,300.0,True,0,0,0,rich,radio/TV,1,0
2.025677223731696,0.4889530516607447,0.3105702827574427,0.1898809493711597,2.15323976714698,4.229445539825541,8.720048150630365,49,male,high,296.0,True,5,4,0,little,repairs,1,0
1.379404033443235,1.333216033188278,0.744229320321737,2.52222677077519,1.131226115566323,1.745757680639818,3.894439534653969,44,male,low,300.0,True,1,2,0,little,domestic appliances,0,0
0.411273838898399,1.264148567763227,0.7010806097982736,1.052357200321185,1.44128883668308,0.3790384415029073,5.647052851627487,36,male,medium,895.0,True,3,0,0,quite rich,furniture/equipment,1,0
0.2411586974636322,1.344817706488407,0.5630639711572395,1.165515608241527,0.6868524005795655,0.3220184867849746,2.335149630217477,81,male,high,651.0,True,5,3,0,little,car,1,0
0.6879700688135421,0.6659846892289075,0.7042247074872502,0.670251429027715,0.125614812171934,0.2838112413270522,2.903360236051802,24,male,medium,728.0,True,1,2,1,moderate,business,1,0
0.5514514366430769,0.8066644386216177,1.142918888833145,0.06220947736874526,0.01755308447457137,1.0251889887551,5.823130706257864,55,male,high,132.0,False,4,3,0,moderate,domestic appliances,1,0
0.5214093675291694,1.18007764587264,0.5284127490251718,5.193804393512901,4.852103608251038,2.627276272462903,25.56705647660158,57,female,high,354.0,True,0,0,0,moderate,radio/TV,1,0
0.8812534232910086,0.8313427174561532,1.648745394912156,1.320503824755317,3.877495388954127,0.1545924128556606,1.444427487335922,77,male,high,559.0,False,5,3,0,little,repairs,0,0
0.934872285062119,0.9469108422833871,0.6983507217097178,0.8030325040076263,0.1529551671250094,0.2981368394831499,11.1740988408112,42,male,high,106.0,False,3,1,0,little,domestic appliances,0,0
1.859062183989058,0.6654435951227431,0.6188212129089293,0.6455259882766211,5.306749494294066,1.317256680434195,5.522127743683348,18,male,medium,918.0,False,4,2,1,little,vacation/others,0,0
0.7007820506769925,0.8722899495868165,1.949951936437709,0.4177744433988726,1.408139892178141,2.330268973008211,23.90439564167331,77,female,medium,704.0,False,5,4,0,,radio/TV,1,0
0.1046497757982108,1.052262882189365,2.370597456068979,0.2312279956064041,0.6782941904545995,4.025365689878436,39.76544183530782,28,female,high,798.0,True,2,2,1,little,repairs,0,0
0.443015537185677,1.202426377339218,1.068908839559466,0.650764577791955,1.451857315526353,1.991158155110816,15.56646253160952,63,male,high,218.0,True,1,1,0,moderate,domestic appliances,1,0
1.251938489527486,0.5568946766011704,0.8565175691107,0.5771743159307745,0.09282844304661429,0.2769732747063627,3.800516153000467,40,male,high,635.0,False,3,4,0,rich,business,1,0
1.079820729961691,0.9455748044081927,0.5171160836309532,0.501874100414736,0.3764982909636137,0.7469115702410062,3.76486942021005,80,male,high,469.0,True,0,0,0,moderate,car,0,0
0.451139627206667,1.377111798059716,0.2499395760419486,3.70007669364866,4.529561810826698,0.6946827203338193,3.520879973204074,28,male,high,367.0,True,0,2,0,little,business,0,0
0.7085841445377409,1.59317947098674,0.8786998242989215,2.115644221014659,1.297434959801647,0.9234969699661593,3.588560862273682,53,male,medium,836.0,False,5,4,0,rich,car,1,0
1.082692874845608,1.278089659609288,1.897586691090547,1.701775400294801,1.777831596568605,0.06389397668309228,1.819935279056469,42,male,high,824.0,True,3,2,0,moderate,radio/TV,1,0
0.8149068454869388,1.545562924100978,1.829367046801711,1.116416970008348,0.04958081819380585,0.03965056271551116,2.956664441280421,77,male,very_low,444.0,True,1,0,0,moderate,car,0,0
0.7676705332815361,0.5636704551040027,1.869692744314727,1.066981588527688,2.295276055852492,2.290279562111579,9.497045383732592,42,male,medium,243.0,True,5,2,0,moderate,education,0,0
1.096241344181253,0.8120967537560071,0.7638895631912506,0.7703495280177364,1.800339618718823,0.6888223160112315,13.98140194981382,19,male,high,266.0,True,1,2,0,quite rich,domestic appliances,1,0
0.7904566391329334,0.4824608606707723,0.6442834528152658,2.152318248408744,1.756292351641832,3.738386260628853,35.00257072394985,24,female,very_low,715.0,True,3,3,1,rich,education,1,0
0.6179984987293953,1.036760602168323,0.7996415643546353,1.809340157270769,1.22013269775692,0.1781082618842891,11.12033500318112,24,male,medium,667.0,True,3,2,1,little,repairs,0,0
0.2860607636271457,0.5485290193184673,1.136542373905738,1.468513875039122,0.7827293734913556,0.1681213940967713,15.01667649416462,70,male,medium,547.0,True,5,3,0,quite rich,repairs,0,0
0.6702887349229182,0.7549221341212785,0.847403351026566,1.344731238853485,2.46419577717314,0.3187949858124751,5.371484441833436,28,male,high,367.0,True,5,3,0,little,radio/TV,0,0
3.025276142279322,0.5721146391338833,0.4118813398578029,1.167610637600632,1.065583150026729,1.907709521631511,20.90181023310393,79,female,medium,480.0,False,0,0,0,moderate,radio/TV,0,0
1.028165900382264,1.085139862745781,0.5738369933219142,0.06259947070574157,0.1653538339872317,3.353101159870343,10.5662978763517,79,male,high,941.0,False,3,3,0,little,business,1,0
0.3647503406906262,1.385410033059912,0.1559087280467433,4.687331485839755,4.129816983190569,1.183719234950645,13.12754024493209,58,male,high,818.0,False,0,0,0,,radio/TV,1,0
0.7580865585392574,1.467946859501249,1.017938885871938,3.374686656174206,1.384958921087157,0.05577509162240576,7.963570777578722,53,male,medium,901.0,False,5,3,0,little,business,0,0
1.856802919652508,1.457197779865256,0.8911108592286637,0.7917067444684524,4.805718102803723,2.020685404537673,32.21450016536352,67,female,high,540.0,True,3,4,0,quite rich,radio/TV,1,0
0.9977152196456521,0.7419638392221716,0.7412265636456448,0.1789372297530975,0.8554341750655537,2.130440848336018,16.49488191645046,32,male,medium,891.0,False,0,0,1,quite rich,domestic appliances,0,0
0.2650499477334977,1.667223848748222,0.8027876976450514,0.7096292512178999,4.69611160540763,0.6336184543714023,2.283368489072982,29,male,high,366.0,True,3,3,0,moderate,domestic appliances,1,1
1.127318807254161,0.9792380553770862,0.3383535296886738,3.271231717656313,5.508649215955986,1.538978933458656,18.03864350308248,47,male,high,552.0,True,0,2,0,,radio/TV,1,0
1.370746751736084,0.901723862606653,0.6924792226878979,2.915160953281841,2.522680815994272,2.771389252355043,11.93158032085008,63,male,very_low,380.0,True,1,1,0,moderate,radio/TV,0,0
0.9547697555903086,0.5323197179485484,0.4196233823540231,1.527303690588454,5.704103812633582,2.364630457148937,50.43726002896194,81,female,high,727.0,True,5,4,0,,repairs,0,0
0.6330403950218763,1.067424456912382,0.4445969233163525,1.188638585044201,4.216110263742099,1.735242557283682,29.74325453560857,53,male,low,848.0,True,3,2,0,moderate,domestic appliances,1,0
1.888004365308739,1.287279028536299,1.227464244188055,0.8281908317544694,1.033337315177183,1.066814570024408,4.988041484234705,22,male,very_low,174.0,True,0,0,0,moderate,furniture/equipment,1,0
0.5449074595944926,1.407697517249532,1.217161234150353,0.6568265316495079,0.1727294733752627,0.2256089727290999,9.850298721616829,44,male,high,796.0,True,3,4,0,little,business,0,0
1.689687754600549,1.255550243759339,0.713282890108301,0.6441005973811208,0.005023790943251069,0.1599869192253942,7.317896038745536,74,male,medium,266.0,True,2,3,0,little,domestic appliances,1,0
1.272206109872399,0.6572816707107011,0.6043359780307128,0.6265661990536895,3.68351890796221,2.776344491241405,30.46562132052252,19,female,high,678.0,True,3,3,1,quite rich,vacation/others,0,0
4.297185094758847,1.333573354211764,0.2472608169602172,0.5904551968400034,2.53312513291133,3.571018462217699,71.09059167838814,33,female,high,228.0,False,2,1,0,rich,car,0,0
0.4582036213045845,1.039094628611813,1.562536976186973,2.160017602526399,3.54287655659509,0.09487299438190241,7.62570510597353,64,male,high,531.0,True,5,2,0,moderate,radio/TV,0,0
0.580504412120098,1.704167948636592,0.6194672958405218,1.833357529473408,0.4838909594770385,0.1385289009890603,4.074072835626542,81,male,medium,856.0,True,3,3,0,little,car,1,0
2.081911790361672,0.6926711116289653,0.3882183776719257,1.799600477619031,2.331810297174245,1.180636432425468,12.74965736457782,76,male,medium,706.0,False,5,3,0,moderate,domestic appliances,0,0
0.9486131755359969,1.978515454243715,1.727012049212438,1.050450053629248,0.4254651858641532,0.1109654057910996,7.907984628051205,45,male,high,587.0,True,5,3,0,rich,car,1,0
1.7306937428619,1.005807354614212,0.6369513164659478,0.3721212278330336,0.6635894189176359,1.049401944080311,7.019682959467699,76,male,high,,False,5,3,0,,radio/TV,1,0
1.039998919559907,1.271991682801703,1.040727779708277,0.2676698455900929,2.747834633712626,1.319684636926935,5.285708369164743,31,male,very_low,174.0,True,1,0,0,quite rich,radio/TV,0,0
1.734421565346928,1.932029547464782,0.8411122658952622,0.07224786453433628,0.7169183474595251,2.916288702390626,4.128305551465441,72,male,high,894.0,True,5,3,0,rich,furniture/equipment,0,0
1.219008180551632,0.9296942558001721,0.8487687955432824,0.04095500718771742,86.94069268694365,13.79273253786621,0.2916859223348422,68,male,high,439.0,True,0,0,0,moderate,furniture/equipment,0,0
3.193910252713013,0.756755717755925,0.957978808551305,4.829819022885162,2.957489709825475,6.61298389510999,12.04203935468374,62,male,low,354.0,True,1,1,0,little,business,1,0
1.63290287626814,1.326925463624272,0.1087373235583003,4.472705176271038,7.385507811225539,1.73044134351241,24.90640840976803,37,male,high,609.0,True,1,2,0,little,radio/TV,0,0
2.535058947518843,2.112042848125573,0.3936513206922013,3.137067892273137,0.6606352017720271,0.1338933657537958,12.16126685792306,33,male,high,951.0,True,2,3,1,rich,radio/TV,1,0
1.182241496540525,0.8681966756732757,0.9904757961809505,2.263962097597249,1.166477693460092,1.98001243084155,3.552915546148136,71,male,high,320.0,True,0,3,0,quite rich,radio/TV,1,0
3.160255345710518,1.284208886535317,0.7353626235524842,2.076493003276298,4.843413949290038,3.385932751131306,18.06234638168677,33,female,medium,332.0,True,2,2,0,little,education,1,0
1.324268174082049,0.8808906532875255,0.4378703553962858,2.036008599845833,3.353520507987771,0.3466722170597563,5.360024877115651,57,male,high,364.0,False,5,1,0,little,education,1,0
1.336278301500608,1.201870668166493,0.660628066570059,1.88664354727455,2.98750612470944,0.3172437380614634,18.47303928982911,62,female,medium,829.0,False,5,3,0,quite rich,radio/TV,1,0
0.1646524691774396,1.13376722520076,0.743188505003454,1.784482338626053,2.330614302069461,0.9902203353429787,7.191917726181877,51,male,high,266.0,False,2,3,0,little,vacation/others,1,0
0.6137424123365345,0.9521476772202652,0.5419920491814543,1.703806422459678,2.528395640013818,2.175485258827175,20.08573017336209,62,female,high,599.0,True,0,0,0,moderate,radio/TV,1,0
1.04070632414868,0.7213728777413981,0.5890097272388038,1.549321627103936,4.097399875879318,2.034125759789396,29.35078780370269,30,female,high,387.0,True,3,3,0,,vacation/others,1,0
0.6970010502737122,0.9628911713998944,0.8123283255786797,1.42976213285129,0.1138802683744002,0.09726953221239347,5.029168651313931,21,male,high,126.0,False,3,3,0,moderate,repairs,1,0
0.6316047277272343,1.271504242069566,0.5426868627219081,1.239915404020814,1.808875404580771,1.157441194992937,9.999339177182971,66,male,medium,390.0,True,1,3,0,little,business,1,0
0.9301681219357876,1.270222497939281,0.1583126069507301,1.124461615770736,5.479832351110534,2.259407040969831,79.90463366652064,80,female,very_low,405.0,True,4,3,0,moderate,car,1,0
2.284365972576771,1.286331799067813,0.8911759883773333,1.049107716314155,1.178109690857168,2.838974365344527,22.21297699185475,31,female,high,500.0,True,5,2,1,quite rich,furniture/equipment,0,0
0.3146277170147423,1.337186736460895,1.206033797779893,0.5406248150027557,0.5231328191388969,0.7943888942132019,5.265745924630202,54,male,high,876.0,True,5,3,0,,vacation/others,1,0
1.805210413059168,0.6556548102742137,1.228885485793145,1.766177122948137,1.423688631034951,9.399790904230684,38.14055027739951,41,male,low,489.0,True,3,2,0,,car,1,0
0.8903218157867735,1.677772913198501,0.8545197809370562,1.466977320233967,1.624345082060759,0.3042217192280389,17.40041607561455,61,male,very_low,813.0,False,5,3,0,moderate,domestic appliances,0,0
1.30520475063518,0.5832572159007241,0.4468398142425895,0.9291503092742667,0.3068627229394509,0.452066595126561,7.610223936510908,18,male,low,912.0,False,5,3,1,quite rich,education,1,0
1.070894633903384,1.012367827470865,1.352513459037873,0.3035995250225433,0.3891160278285262,0.6591869721633237,5.243879392594356,77,male,medium,663.0,False,5,3,0,,business,1,0
1.057339113711139,1.043523842565551,0.4449087652002952,1.689520576648415,1.885453205836818,0.4346958282107068,18.97191661840939,76,female,high,296.0,True,5,3,0,moderate,radio/TV,1,0
0.6939984937937521,0.9447005954747874,0.6192101764432811,1.430948362614955,2.80389173070697,0.3885958780738996,7.719801702457624,78,male,medium,350.0,True,4,2,0,moderate,repairs,1,0
0.6601428499839013,1.880663118739415,0.4979831624694276,0.6684072247765284,4.0083716632401,4.518282398484402,53.31870497641704,61,female,high,106.0,True,0,1,0,little,radio/TV,0,0
0.5597307230416401,1.050432006429876,1.340726804019157,0.6113470540484927,2.606635451916776,1.758954435908816,13.17744394731463,56,male,high,751.0,True,3,3,0,little,business,1,0
0.4900483660357025,0.8247592673461086,1.343044182127241,0.7092720701804365,0.261404174520437,4.603299988950126,16.81862449574534,71,male,high,806.0,True,5,2,0,,car,0,1
0.5514630637517068,1.551082754574465,0.572356275381791,3.377727077728723,5.133855161172046,5.237726603882963,32.96651312020922,53,male,low,191.0,True,2,2,0,moderate,radio/TV,1,0
1.505433396869504,0.6298936192960616,1.166383923201346,2.657324065830218,3.63296099830609,2.480693212302008,21.11696621654571,20,female,low,778.0,,0,0,1,quite rich,car,1,0
0.9381596775111586,0.7266431270573662,0.9281578777181123,0.9505952678987555,0.3805641273380682,0.6215261105024419,2.726895518198752,31,male,low,563.0,True,5,2,1,moderate,domestic appliances,1,0
0.9821609359581382,1.037628033408369,1.105578611430847,0.3062872738598993,0.3291803385348854,0.6566663071669762,7.594704920936551,67,male,medium,243.0,False,2,3,0,,car,1,0
0.9680683768109046,0.7311740004321828,0.5370626354335137,0.06712024286791811,1.929691775767924,5.393018355470168,3.476800128224372,54,male,high,699.0,True,3,1,0,,radio/TV,1,0
0.9419026151907731,0.9897661899175225,1.736016576883945,0.3981231603599167,0.4246870625873689,0.9219809394211135,41.37539700068753,22,female,medium,411.0,False,5,3,1,little,repairs,0,1
1.520149056301074,1.051207411644285,0.09499474135345025,4.016822226205829,6.878684759669191,3.030305342444558,38.69162718285951,50,male,low,296.0,True,3,3,0,little,vacation/others,0,0
0.8851244118315333,0.7042810626337744,0.4989877168125261,3.448295949763784,2.538977919391876,5.250768576592213,22.17954975623422,24,female,very_low,414.0,True,1,0,1,moderate,domestic appliances,0,0
0.5985235278308766,1.039485942793787,0.5251776705701953,2.667177433006709,3.739129293098972,4.918486153112088,36.07426510946961,77,female,high,841.0,True,5,3,0,moderate,car,0,0
1.013871870314136,0.9775213863341791,1.412794157244974,1.878124843948132,1.327797182448113,0.07808527388978384,1.564060612127182,82,male,high,924.0,False,5,3,0,,radio/TV,0,0
1.610165574742753,1.063338954300644,1.079899784059271,1.787308439617882,3.152572684391147,6.16654663646176,49.57544991510316,79,female,high,695.0,True,5,4,0,moderate,furniture/equipment,1,0
0.808041926708058,1.803824894152992,1.19935817978778,1.141571200032677,0.1228349836388514,0.08879089640360578,2.901797261637482,61,male,medium,374.0,False,2,3,0,little,radio/TV,1,0
1.275839311774894,1.49244843895734,0.6076327827480232,0.8502609864917672,3.425686746517411,1.161004183887034,17.70522077650086,32,female,medium,270.0,False,5,3,0,quite rich,business,1,0
0.7138591344457316,1.772805363068916,2.847970958391493,0.3569744583664105,0.9204079435161642,1.651569366570935,8.30039972832601,41,male,high,563.0,False,4,2,0,little,car,0,0
0.7845856489988174,0.6338369192072689,0.3512713212155686,0.2220759142867208,0.2808218160226973,2.08002344199452,5.413611302924494,73,male,medium,390.0,True,5,2,0,rich,education,0,0
0.598634675944973,1.37378538116834,0.4887439576789689,3.116789242065281,1.545302651658701,1.040329818618766,6.786319004276783,69,male,medium,433.0,True,3,1,0,moderate,repairs,1,0
0.7316026508557918,0.8519401338507283,0.4100804152159173,2.32005806702409,1.277452407256865,0.263668957514156,17.10673298780231,45,male,high,636.0,True,2,2,0,,furniture/equipment,1,0
1.050859691154789,1.018388657707765,1.442798511552569,0.872719481214316,3.444118552411492,2.086457276544959,17.26867927309634,27,male,high,627.0,True,5,3,1,,radio/TV,0,0
1.715127423912149,1.004724604988466,0.6888335381312458,0.8346997314086041,0.09150711117929804,0.2519786077542858,12.2513454607797,40,male,low,911.0,True,5,4,0,quite rich,radio/TV,1,0
0.3104145272749168,2.357538083317395,0.5087500246107232,0.3801729370728497,0.01800163222924894,0.5974044627027241,28.15229354892112,49,male,medium,233.0,True,0,0,0,moderate,business,1,0
1.630917414790773,1.562649905985162,1.16908800980746,0.196068965245841,3.547977247372498,1.816267476497451,4.253542381832348,55,male,medium,228.0,True,1,1,0,,vacation/others,1,0
0.857018928916332,0.9023945243298853,1.141162193213628,1.397175174656496,0.527409839471282,0.1485002312716494,10.80559788171847,24,male,high,266.0,True,2,4,0,quite rich,radio/TV,1,0
1.498929855605707,0.8254001599510014,0.9911786708337726,0.4860983942840578,0.2178317983804574,0.4214531845239027,10.50212288576093,54,male,low,405.0,True,4,2,0,,radio/TV,1,0
0.6882953553770678,0.8873098885305529,0.3975351209595391,2.510677152402571,3.062557915190865,2.511056846714278,21.05237790538951,58,female,medium,292.0,True,5,3,0,little,radio/TV,0,0
0.3730495800105997,1.147508764443869,1.12657227490922,1.272383985546934,1.956168097496609,3.804003591228967,25.72191208270024,52,male,low,847.0,True,0,2,0,little,radio/TV,0,0
0.6908491919784646,1.089225918016953,0.9067260405809099,1.139817853229624,1.129204056870432,1.410526023598589,5.5170802892117,41,male,medium,433.0,True,5,3,0,little,car,1,0
1.577683362841425,0.7675402488830906,1.563749181194256,0.7519068584597599,0.03997043891922815,0.0840920196322078,3.888994575039653,18,male,medium,870.0,False,0,0,1,little,radio/TV,1,0
1.304303576871781,1.217180824639998,1.512936108358074,0.7495719534749316,0.4889263530639794,1.842619985335366,5.685490092938413,22,male,high,873.0,True,5,2,1,moderate,radio/TV,1,0
0.8109583267811893,1.069954013418374,0.6092572086978099,0.2176059534469363,0.229229923590426,1.20655293772673,2.382790899207603,45,male,medium,939.0,True,5,2,0,rich,business,1,0
0.8658118117887195,1.160134629218674,0.2564306846315505,0.1549977735266022,0.8022664578801628,4.466957325970962,13.94092342829687,63,male,medium,840.0,True,4,2,0,rich,repairs,0,0
0.7570320841288856,0.9529855646462013,1.065315575418097,2.656676947361666,1.830566873280265,0.6320977850963838,2.138585430919774,56,male,medium,174.0,False,0,0,0,moderate,car,1,0
0.7273674252018694,0.8943320773229599,0.6140315939226157,1.848859127136768,2.143047155772173,0.720548924248766,6.952088126610406,44,male,very_low,682.0,True,5,3,0,little,car,0,0
3.73946867430034,1.063263114208854,0.8233039048953013,1.134086262088674,1.260695686885265,1.582270991969424,16.68876728006781,45,male,low,257.0,True,0,0,0,quite rich,repairs,0,0
0.9369290005038082,1.596203414140852,0.6157892462766452,0.8078384907967555,0.6999065276145692,0.556417512809437,12.11379760602443,28,male,high,750.0,True,4,3,1,little,radio/TV,0,0
2.931299913229274,0.692777977461432,0.1973664748903637,0.1105375833221492,0.09353581120557616,3.407444445277458,6.704503052591512,71,male,low,,True,4,4,0,little,car,0,0
0.7566070704105679,0.9268749293487114,0.2957370065777114,0.05764540425589337,0.02981666528921248,3.177826094016952,3.352979372557646,36,male,high,402.0,True,3,3,0,moderate,furniture/equipment,0,0
1.192524815704496,0.6667843795156336,0.3604257395709863,4.268722917462203,10.22997805265624,3.0418499495573,38.88217632446932,59,female,high,837.0,True,2,2,0,,car,0,0
1.196840790200205,0.8676695231640416,1.064079798332533,1.485034496803362,3.401685758638499,0.3013160815716617,17.10700060170444,83,male,high,238.0,True,0,0,0,moderate,education,1,0
1.275120928760273,0.9112575214746476,3.001542848967385,0.210220580705481,0.9089580016384798,3.501714070466021,24.67867383689426,25,female,low,354.0,True,5,4,0,little,furniture/equipment,1,0
1.38751553872416,0.7749164945741395,0.1806152808325108,4.951661918666308,11.49630635186896,1.185997015290766,17.29734364479801,57,male,high,692.0,True,5,3,0,rich,education,0,0
1.489078920799481,0.3157665447963072,0.8408329406460787,4.244141992710271,2.39967230485576,0.9232287129685985,1.889715418479996,62,male,high,823.0,True,0,0,0,quite rich,furniture/equipment,0,0
0.8992370351632276,1.202251211529171,0.5225230638241097,2.39773792351207,3.854100991055563,3.659062303572815,36.75006897002812,51,male,high,266.0,False,5,3,0,,radio/TV,1,0
1.078644787240956,1.302428277510567,1.286694990776662,1.645576858118942,0.4689032170444483,3.830899565949695,13.03897271492243,53,male,low,801.0,False,5,3,0,moderate,car,1,0
1.28861143920881,0.8106489832986081,1.460403601545619,1.473664888751615,1.540180226544538,0.1048198743750726,1.990826830050892,76,male,medium,606.0,True,5,3,0,moderate,radio/TV,1,0
0.8586560898792381,1.096347638631998,1.090167088407999,0.7413677853451998,2.92023655796074,1.743900011444107,26.70145240180147,36,male,high,377.0,False,4,4,0,little,car,0,0
0.650262470186722,0.6944534841885994,0.5938354741296826,0.3418754568275255,2.56854990996667,1.786875855764648,9.868775837717202,67,male,high,456.0,True,5,3,0,,education,0,0
0.579520959213889,0.6374643598727687,0.5702633336794736,0.02596801701775916,0.04288995425162246,3.532953479179703,3.557930852267535,52,male,medium,852.0,True,3,2,0,,furniture/equipment,1,0
1.754634159424614,0.8612306345330882,0.9555599288216229,1.682371388620286,0.9693286633861671,4.235061916934971,11.92854823447334,25,male,high,495.0,False,4,3,1,quite rich,education,1,0
0.8689944396753879,0.9196521256261222,0.7952941833872642,0.1763432866249547,2.770857364335467,2.558662082002783,6.103117281168501,54,male,medium,652.0,True,2,3,0,little,radio/TV,0,0
0.340207927372831,1.405345586296355,0.9819012101028837,4.554186106201549,0.127974898802921,0.00957040232698476,4.728185812984721,74,male,very_low,713.0,True,2,2,0,little,furniture/equipment,0,0
1.655899318136226,0.6916743915845093,1.011803753608178,3.320481918719877,1.492204963719066,1.859583143454626,7.021419093895328,53,male,medium,207.0,True,5,0,0,quite rich,repairs,1,0
0.620463452111224,0.9801155394597462,0.8391421484781187,3.115515626178906,0.1581670059783075,0.02984628579618146,4.313909232986152,52,male,high,491.0,True,5,2,0,rich,radio/TV,0,0
1.573417543118016,0.9255476890748913,1.05223254460678,0.8376312310091263,1.459046522502359,2.696407330932574,16.69492038666318,27,male,very_low,168.0,False,0,0,0,moderate,car,1,0
1.191364508596638,0.6259908151314753,0.8162755257583147,0.3724178082480731,11.29938691308337,1.835575783554614,1.194568049434783,21,male,medium,552.0,True,3,2,1,little,car,1,0
0.5536315151864669,0.5603737418629416,1.056972617778921,1.628585479529896,1.062114802505247,1.419183070587402,6.939924183632591,44,male,very_low,420.0,True,5,2,0,,radio/TV,1,0
1.132335211351778,1.104296903293842,0.7635606074658678,1.363558536442175,1.529469506724329,0.3567472492735053,17.53765741920594,58,male,medium,678.0,True,0,2,0,quite rich,education,0,0
1.721200824079847,2.006236191987517,1.014275181943849,1.21034431892537,0.48010308972097,0.1572475619928198,3.675954526395379,46,male,high,931.0,True,5,3,0,moderate,radio/TV,1,0
0.8998634307501787,1.281386408435347,0.4122456759839701,1.09907211166743,1.157777626514687,0.5950829309369247,8.683076171907326,20,male,medium,801.0,True,5,0,1,rich,car,1,0
0.7743255690915839,1.010263708843097,0.6029473197151158,0.5967136681307262,0.1074412568464479,0.50278776709784,20.90274245975802,42,male,high,845.0,True,5,2,0,little,car,0,0
1.177656869561265,0.7553284407544251,0.7566971039001782,0.0949749849851173,0.009615591776045594,0.8688738547440105,1.962190185581989,30,male,very_low,926.0,False,5,0,1,,education,1,1
0.8902691197869482,1.123885553453727,1.438842379065894,2.751837267094957,1.064146122803776,3.046864101688634,5.074020458879681,43,male,medium,796.0,True,4,3,0,moderate,business,1,0
0.8627994946284191,0.4331494831867629,0.6037231278314371,2.500986968843995,2.02033904246316,2.211682637517964,16.01181774748139,78,male,high,818.0,True,4,3,0,little,vacation/others,1,0
0.348543164728646,1.077071227617491,1.648533436159638,1.644195789787115,0.7234055219522236,2.480395838261169,6.242210481385752,72,male,low,168.0,True,0,0,0,little,radio/TV,0,0
1.796101882113416,1.355956880256117,0.7813581519191448,0.9679027158225971,2.347412714943233,0.5931168440963552,17.90115226957728,25,female,high,202.0,True,0,0,0,moderate,business,0,0
0.808278218338556,1.173571684247517,0.6672971065751269,0.4495923510936735,0.02269628375488701,0.3000612077888384,4.032876535696646,75,male,medium,663.0,True,5,3,0,,furniture/equipment,1,0
1.468848755146575,0.8174984972206866,0.329458700855969,4.009168214786577,4.830417685150063,3.612934372861901,48.13200578029033,26,female,high,,True,3,2,1,little,domestic appliances,0,0
0.5006826850854229,0.934698959368413,1.016878756398108,2.35643816803581,1.174021928117556,2.664264504666151,15.36096951509682,40,male,high,822.0,True,0,0,0,little,radio/TV,0,0
1.337166562296043,1.484733606682169,0.4529890061828372,1.727658249496915,2.463747586609692,4.894304638610365,29.40322988780459,26,female,high,826.0,True,1,0,1,moderate,education,0,0
0.6149388875322892,0.8259492904015713,2.119342577210128,1.305806330016601,0.1346369231062081,0.03316840870614421,2.689953412610259,63,male,low,898.0,True,0,0,0,quite rich,education,0,0
0.724654207734736,1.006851146801644,0.6161458030014862,0.4043497112417138,0.2314033274949984,0.5999820600009071,1.896803680626226,66,male,medium,827.0,False,5,3,0,moderate,business,1,0
0.806109972309467,0.966213271130264,0.6554815103706627,0.4009100294102625,0.362259397662556,0.9278031594732821,17.79766792307288,80,male,medium,670.0,True,5,3,0,little,furniture/equipment,0,0
3.345153429867414,1.154341500910096,0.5925971264688497,0.148687828313536,0.0715304777052023,1.474806079222671,9.826192808993756,47,male,high,504.0,True,-1000,-1000,0,little,radio/TV,1,0
1.60432280894852,1.271545538567698,0.4651722081813329,0.08019469017413079,0.01059356934238577,1.598337236229086,4.585803706384152,60,male,medium,512.0,False,3,2,0,,repairs,0,0
2.457814748207583,1.364657523462676,0.6758480228126602,2.214634553758191,1.201244039227222,1.791197266150136,11.11889930694189,26,male,high,174.0,True,5,5,0,quite rich,car,1,0
1.411314537370503,1.127776109521412,0.7719056146865799,0.175647712632332,0.9744457950649866,2.243793971341644,25.84914411579549,42,male,medium,633.0,True,5,2,0,moderate,radio/TV,0,0
0.5047430058758076,0.9952432746498944,1.330754368961609,0.222636379092562,0.7083870887279373,0.7386081767804537,6.848676283233694,18,male,high,847.0,False,4,0,1,little,furniture/equipment,0,1
0.7970569625491041,1.726542020092755,0.3658628726514129,1.565641651685921,3.348035657149024,1.590090259896757,20.7806559522893,19,female,medium,313.0,True,5,3,0,,repairs,1,0
1.066539640375615,1.162664729849691,0.5272755541118372,3.043155998561528,1.111134738581062,6.738316899490865,27.27661202627663,76,female,medium,652.0,False,3,2,0,moderate,repairs,1,0
1.162715471844804,1.739312063249089,0.7986943266218475,2.02146760894007,1.180586927942081,0.984991873748604,4.792266297124746,19,male,medium,709.0,True,0,0,1,moderate,vacation/others,1,0
0.1460428238712,0.6361314114073285,0.4040145499326634,0.8501556817412046,1.120137431532346,0.390848963357677,3.611297708795324,19,male,high,266.0,True,0,0,0,little,repairs,1,0
2.499100108770349,1.329547194456258,0.4850844329854201,0.5304321616539553,7.888223850808279,1.814665505759663,1.177175679175119,65,male,high,741.0,False,3,3,0,little,radio/TV,1,0
0.4946542356480651,0.8241419987673712,0.7645671313245924,0.03213285331076622,0.5695682289737997,4.107065971908622,1.782562379854244,82,male,high,954.0,False,3,3,0,,vacation/others,1,0
1.47895057026494,1.741607964540054,0.1852991073779433,2.661325778530659,1.861113963545035,2.345357275027809,17.46067464000149,82,female,low,257.0,True,0,0,0,rich,domestic appliances,1,0
0.5771048126988947,1.255697375961249,0.6699354837347878,2.143995619574007,0.2549120173815151,0.1049650581409942,13.07739444027446,51,male,high,469.0,False,5,3,0,little,radio/TV,0,0
0.9085701703766026,0.5249803614891528,0.5857133341780973,0.6053829340711254,0.03625412227666914,0.3903118136877722,24.76950234199725,28,female,high,842.0,True,3,3,1,rich,car,0,0
2.499592536109792,1.118746627890205,2.906607179617537,0.232285726730178,0.1925479632199914,0.7538587036576494,3.568279124865613,51,male,medium,593.0,False,5,4,0,quite rich,business,0,0
1.36807142937579,1.207188310412898,1.130647352556845,0.8770527134656108,0.4260474476953429,0.1840756841734926,3.623747314802306,24,male,medium,266.0,False,0,0,0,moderate,radio/TV,0,0
1.338060059833398,1.03213504278955,0.4837819872560251,0.8684273691416313,1.433176022906804,1.824988776186822,10.85169744698558,81,male,medium,213.0,True,5,3,0,,business,1,0
0.6730872256685427,2.444666186247861,0.4503073493104051,0.6281632366485237,0.2854303501390168,0.70903492637169,8.214922420991522,42,male,high,794.0,True,5,3,0,moderate,business,1,0
0.9115430296666548,0.9249245025078312,0.4980168920467313,0.5340765165575846,1.847866321555975,1.200739040886809,4.294229154893252,56,male,low,630.0,True,2,3,0,little,furniture/equipment,1,0
2.227481971207679,1.184696816506691,1.052460156465418,0.225372970441083,0.607737333763102,1.25974416231987,21.62434412121421,24,female,medium,653.0,True,5,3,1,moderate,business,0,0
1.617770704692262,0.9709529179131811,1.120491342899705,1.644736660087564,18.9351588824392,0.4488345418609602,6.116510948236098,64,male,high,567.0,False,4,3,0,quite rich,radio/TV,0,0
0.4316085382035305,1.011128825106471,0.4428232876279756,5.321875030128007,4.768201828156724,0.08922489991787098,5.587194496688065,84,male,low,288.0,True,5,3,0,moderate,domestic appliances,0,0
0.7924823266550033,0.8362310689995052,0.5672632150499004,1.678026535981059,5.376481064666632,0.4458393767040055,5.080919230637098,75,male,high,266.0,True,5,3,0,little,education,1,0
1.031135413601875,0.8146084852320971,0.6083198529366697,1.240084611354125,1.453502852553731,0.4636611992828679,11.73216122464361,31,male,medium,878.0,False,1,3,1,rich,domestic appliances,1,0
4.01277906843067,1.154384338366909,0.03628534417894646,2.359491538845043,5.135987819280564,0.5065491294168583,21.75196976484239,54,male,medium,951.0,True,5,3,0,moderate,radio/TV,0,0
1.264005635502708,0.688448530215984,0.8014415165509585,0.9889875700677486,1.517980111187865,1.752355556315567,9.130696930047167,75,male,very_low,887.0,False,1,1,0,moderate,furniture/equipment,0,0
0.7386000744134938,1.589405355225134,0.7055533798019766,0.07860654244824164,7.457023067248976,6.307164705715559,6.435283534449433,49,male,medium,266.0,True,2,3,0,,vacation/others,1,0
2.26642414265436,1.397569039452133,0.7692019254984326,5.247805791100465,1.537077207200111,0.6245690378273381,0.9011808420812792,78,male,medium,747.0,True,2,4,0,,furniture/equipment,0,0
1.404080161736346,1.460874467451551,1.379834517363261,4.419947755469519,0.0419752442202735,0.004138898948865375,7.544874513256135,66,male,low,676.0,True,5,4,0,little,radio/TV,1,0
2.198880354516741,1.199210132616375,0.3021996556055418,1.838569847024937,1.994123766121229,1.288126811914075,12.29071506038298,55,male,medium,186.0,True,5,2,0,rich,car,1,0
0.6006834350977834,1.637542041658131,1.041353813569661,0.2012682720408193,0.2447606523743162,0.7680531626832316,1.146604827303511,49,male,low,735.0,True,0,0,0,quite rich,domestic appliances,1,0
0.2894814788859804,0.9271067290176253,1.026564284590942,1.315188938433324,7.693513614822691,0.5343470732711874,2.275827615771618,62,male,high,366.0,False,1,0,0,little,business,1,1
0.9831780178269071,0.9740109808604827,0.585193156835059,4.432609730187597,5.369270972029077,1.964996390862039,12.64136712443078,66,male,high,207.0,True,5,3,0,rich,furniture/equipment,1,0
1.655098331796248,1.117328398630988,0.4569469857908621,1.548151134849417,1.543365752537562,0.4092293501724226,15.10629886251279,73,male,low,948.0,True,2,3,0,rich,education,1,0
1.526600226612248,1.829110327620273,0.868603573975971,0.9245829704036069,1.807792074543829,0.4405554070857209,8.575762480069294,52,male,high,266.0,True,3,3,0,,car,1,0
3.316850086407484,0.9296327251943366,1.128397871184909,2.967962108069688,0.6663800020623754,0.03181446977582309,0.9074170960579506,57,male,high,380.0,True,1,1,0,little,car,0,0
0.288800525126453,1.314735483262105,0.6208790759672655,1.555647746890213,2.890922218080807,0.7520115262713862,14.49804161455259,33,male,medium,587.0,True,1,3,1,,vacation/others,1,0
0.6292232675771162,0.8403189915932785,0.6238391851469652,1.346386017201598,0.00613126221443075,0.06001184462499874,3.140749853508422,36,male,medium,557.0,True,0,2,0,little,radio/TV,0,0
0.3126267627931875,0.9985537686472151,0.6620112894795015,0.299732046580431,0.6110717281386769,1.092194893106138,3.655042859373316,40,male,high,959.0,True,3,3,0,rich,radio/TV,1,0
0.988289642221866,3.027128159401349,0.7308941400499935,0.1848211579960768,2.907078071596618,2.222880895138934,1.703832821801782,78,male,medium,542.0,False,5,3,0,moderate,furniture/equipment,1,0
1.176361738254027,0.7580720963736743,0.7884829585764993,0.01592022145357946,0.003915823942336358,2.634283833149182,9.036356410118083,52,male,low,441.0,False,5,3,0,quite rich,domestic appliances,1,0
0.8524871956447173,1.328860627500833,0.4462385024173183,2.209481195047453,2.112777592052136,3.041667462088864,16.42328729702652,36,male,very_low,652.0,True,1,0,0,rich,furniture/equipment,1,0
0.5679983280047015,0.9551755588097828,0.8422805626484209,1.084344072281944,0.8053244896744507,0.2725627446155072,7.444578246736445,35,male,high,747.0,True,5,3,0,moderate,education,1,0
0.7648270157856487,1.176161364036441,1.379287829099586,0.5090530268088602,1.187957311659546,1.363092567553632,15.40941856217707,81,male,medium,885.0,False,3,2,0,little,furniture/equipment,1,0
1.301994727435904,1.305544103089148,1.243195789608212,0.6175589388791854,4.779994861230585,0.6546556917662941,3.226306946296003,57,male,high,508.0,True,0,0,0,quite rich,repairs,1,0
2.148476262506066,1.135278219319328,0.5172740415999167,0.1882853051038818,0.1976296923754682,1.491289601971531,3.571344394882652,38,male,low,292.0,False,5,3,0,quite rich,radio/TV,0,0
1.837144728368101,1.147174307350857,1.906362628931209,0.150265827885708,1.286120941534588,2.422987529173639,39.94971851174975,34,female,high,538.0,False,3,1,1,little,vacation/others,1,0
1.373802654453455,1.015192417242372,0.5646078725463153,0.1314158144226597,0.9024566591780768,2.648507668028873,4.180905215010059,40,male,medium,875.0,True,0,0,0,rich,domestic appliances,1,0
0.9979109435304453,0.9974460215528598,0.4629560510346865,3.306496595893655,1.576844601223851,2.814408463962346,20.45546294204452,78,female,medium,550.0,False,5,3,0,quite rich,radio/TV,1,0
0.7906330836609897,0.8231016998394122,1.409459234944776,0.8054052521317351,9.464107804376361,0.5554762257923082,2.923604927564414,72,male,medium,728.0,True,2,3,0,rich,domestic appliances,1,0
0.7466037609439744,1.454393810068265,0.8694432475740805,0.5463691220974642,0.634270259364123,1.366271266691127,11.66502868717865,67,male,medium,296.0,True,0,0,0,little,car,1,0
1.768956074201744,0.721562177082576,1.428303841762898,0.4985143052921716,0.1506207135872151,0.2200321531987087,3.435333470800976,29,male,very_low,414.0,False,2,3,1,little,domestic appliances,0,0
2.498619080950835,0.9283971973736151,0.6791638093160465,2.217800594584745,1.648760118293657,1.72899013777175,6.821473073496287,19,male,very_low,163.0,True,4,2,0,rich,car,1,0
0.787739885262063,1.543357552633638,0.4867786796818749,2.094451032604232,1.14182588593438,0.7536546069916106,3.910558413252891,60,male,very_low,387.0,True,5,3,0,moderate,radio/TV,1,0
1.086959788600769,1.835117536847323,0.8475055543732869,1.226614417955698,0.092025307996428,0.1042720892375446,3.130835044399675,59,male,high,795.0,True,4,3,0,rich,car,1,0
2.476718819903954,0.4577054183843092,0.441737018309412,4.677945281141219,6.385601562844792,2.271112978903135,13.82394453876701,26,male,very_low,560.0,False,5,1,1,little,radio/TV,1,0
0.6797757870569135,0.6385025314532282,0.8662080007418158,2.7336726689495,0.3401891406585389,0.05510268435875183,9.662148014180705,29,male,high,399.0,True,1,2,0,little,repairs,1,0
2.717100608829679,0.4659151674640711,1.440111482884159,2.717982103718541,2.344506095028203,2.235083133430631,6.453626761336276,74,male,high,180.0,True,0,0,0,little,radio/TV,1,0
0.9282728094904766,0.8695905936899007,0.4679065130049756,0.7893828594667791,0.008010412051486936,0.1776766199003746,5.355853493541992,43,male,high,877.0,True,1,3,0,moderate,radio/TV,1,0
0.3250445286829475,0.6431330891931873,3.8433047671499,0.3016541123509467,0.3207585708642601,2.532371592041766,5.424844671964807,61,male,medium,420.0,False,5,3,0,little,car,1,0
2.268402863834469,1.493458000383391,0.6624077728565313,0.2170022881526909,0.0951357397805814,0.912433824747881,3.986164277624374,67,male,medium,320.0,False,4,3,0,little,education,1,0
0.5303682024547772,1.197040536540667,0.5608132977858834,2.241921733158887,0.8097346215286049,0.1474643606887547,3.159021080181957,25,male,high,802.0,True,3,3,1,rich,furniture/equipment,1,0
1.484664757952392,1.225472127711984,0.3716950839861467,2.033609892439329,2.223005814252565,3.348655303383548,22.67839618398547,53,male,very_low,835.0,True,2,0,0,,radio/TV,0,0
0.8851403676653626,0.7170755211986622,1.063783865961502,1.490351347473749,0.8522153921774641,2.326188257836123,6.031040378880162,48,male,high,191.0,True,4,4,0,little,radio/TV,0,0
2.148984832995457,1.063733741591753,0.5657407692820797,1.216685099784834,2.396891289336009,3.202642521049883,32.14707438945682,27,female,high,296.0,True,2,2,0,rich,car,1,0
0.9136883714739226,0.4003154099847273,0.5317997234032861,1.181455177626226,0.1281538722513801,0.2311386806568065,4.662719238568275,27,male,medium,174.0,True,5,2,0,moderate,furniture/equipment,0,0
0.6582051350427888,0.9690656558335782,0.5786286217492795,0.1513716307467634,0.00059948127427119,0.4690154127595956,3.13378270100432,83,male,medium,818.0,False,3,3,0,rich,education,0,0
1.396951927944228,0.600134376050194,0.7387058471799602,0.2776096850420296,3.194162686803809,1.237856091103564,2.015025416181242,62,male,medium,903.0,False,2,3,0,,business,1,1
0.7414325050519996,1.14113077844055,0.4483342260492401,1.347316844372816,1.831962854443826,2.661439690849104,27.4302241768529,53,male,high,694.0,True,5,3,0,little,car,0,0
1.297160802532998,1.671025512056782,1.371734792949795,1.01852788011685,0.2301014020575737,0.1021452159357774,2.054881839191098,54,male,medium,774.0,False,0,0,0,little,education,1,0
1.09890390042154,0.4610962331444983,0.4843772569088803,0.7738093301147498,0.08431263339415168,0.4245589806380843,19.28698774137028,41,male,low,300.0,True,3,3,0,quite rich,repairs,1,0
1.126183736501289,0.9229117023751883,0.3028312376979891,0.1696530963724485,0.2043644563466193,2.257752779005071,2.23938393570949,68,male,high,313.0,True,2,2,0,quite rich,radio/TV,1,0
0.7516489313387354,0.7432318405953591,0.3960082650732332,4.146608719608697,3.629459098077909,3.272356287315531,19.60693559109115,76,female,high,493.0,False,5,3,0,little,car,1,0
0.741004257973767,0.7285078755082091,0.5069036743357851,1.933375794145332,2.443196953026585,0.8097339315742574,10.5642758754033,74,male,very_low,266.0,True,2,3,0,moderate,business,1,0
0.8064536305547881,0.7676075792716756,1.789830267970214,0.8600526651646458,1.117375177903994,0.7272167739840473,2.085506743106212,54,male,medium,820.0,True,5,3,0,,repairs,0,0
1.142120197930611,1.521198763549713,0.921268651483374,0.3951897077128285,0.2586342147507872,0.5050212436090585,3.916767115661755,42,male,low,890.0,False,4,3,0,little,car,1,0
0.8501249923980514,0.982703712102849,1.988282510285903,0.3664262597099012,0.4210270834318177,1.12675773753824,10.71909262133437,75,male,high,471.0,False,0,0,0,,repairs,1,0
1.063989077514691,0.9480039915252529,0.6276131439703126,2.902048508305193,0.2201073028818753,0.07406957545622345,23.35693931405638,71,female,high,357.0,True,5,2,0,quite rich,furniture/equipment,0,0
1.160920252938676,1.002890122289912,1.227090618534695,2.112160918334997,4.932793204626963,0.1385543883956608,2.699930417839145,74,male,high,872.0,True,3,3,0,moderate,car,0,0
0.9587946499131433,1.052991147600654,1.075696970389518,0.8587846310856362,3.29390160252084,2.380275460914366,40.924702006996,67,female,high,792.0,True,5,3,0,rich,furniture/equipment,0,0
0.2306223398525477,0.8034048593667875,2.110439200951889,0.4536773284486734,0.2960836819709752,1.411548865516267,4.493995485617193,84,male,high,138.0,False,3,3,0,little,radio/TV,1,0
0.4752015340699289,0.8604808781357061,1.019762034883442,0.09990467326617883,0.461353762591694,1.892858566456335,8.789171618618155,41,male,medium,292.0,False,5,3,0,little,car,1,0
0.4865401407422545,0.9580157578253082,0.2782410446755286,5.46963434407255,4.382024536201011,3.340456342971148,22.42656298279037,78,female,medium,921.0,True,1,2,0,moderate,business,0,0
0.6336374211267015,1.332633422776098,0.4377766017582078,3.262073269041154,7.07271342934868,3.602118928370194,31.93008587783055,24,female,high,770.0,True,4,1,1,rich,furniture/equipment,1,0
1.673156922362941,1.060335793761334,0.7401712301125134,1.408456806147043,0.2708405040048634,0.1505173481541996,5.978176991438708,58,male,high,151.0,True,1,2,0,moderate,radio/TV,1,0
0.869456687354124,1.270520644752904,0.601693874680706,1.313189967939738,2.065582597983533,0.3440123188396957,1.631336321186295,24,male,low,907.0,True,3,2,1,rich,furniture/equipment,0,0
0.3873614044298316,1.362811147038006,0.9462332761724219,0.5374780699616057,0.04410069513682776,0.1684859251776191,1.229462505586929,79,male,medium,247.0,True,3,1,0,rich,radio/TV,1,0
3.520665356198346,0.7437338889986487,0.1539365220581426,1.635453476927922,1.736951865160545,0.9004283308069643,16.16826739152064,58,female,high,853.0,False,0,0,0,moderate,radio/TV,0,0
1.124071809565485,1.000407171365576,0.9092301747965906,0.9443576173692361,8.535703653240484,0.8577505045209857,8.50435560874509,32,male,medium,525.0,True,5,3,1,little,car,0,0
2.254113686870987,0.9356725925098577,1.883036595189476,0.8831314647493921,0.4094384141744614,2.833991008931593,5.021103152389736,21,male,high,446.0,True,2,3,1,little,car,1,0
0.6889998935269043,1.139185314732131,0.1713228090668601,0.863704425617387,0.05943413266242588,0.61458843733242,8.937061405104512,32,male,medium,186.0,False,5,3,0,quite rich,education,0,0
0.5586436448180327,0.5818828579058055,0.158920974646127,0.4557166173418696,1.810228595107298,1.225549582514862,51.58652913598935,76,female,high,669.0,False,5,3,0,little,furniture/equipment,1,0
0.9731138752276174,0.9998922967718116,0.5080973075764069,1.546183494761128,1.20510354736433,1.50743967367694,11.91264918785596,18,male,medium,332.0,True,3,3,0,moderate,repairs,0,0
1.218812660851824,0.8095458833791774,2.126780747839975,1.501742105234442,0.03287072823280365,0.02068333876127321,7.82902940550499,35,male,low,791.0,True,5,3,0,moderate,repairs,1,0
0.3816065816566842,0.5843945082092171,0.8623254590225362,1.159938724071814,1.610230078491629,1.433126386268647,9.088571583750127,81,male,medium,384.0,True,5,4,0,rich,repairs,1,0
1.14420977047748,1.728914683204954,2.069308591880302,0.2948194366308567,0.9385928712097646,3.132550069340779,32.7346837695124,81,female,medium,821.0,True,5,3,0,moderate,repairs,0,0
0.4530270598166483,1.478836502841939,1.249079661838664,0.2476726108597946,0.7319698062693765,1.469478025646809,16.36349313157227,34,male,high,292.0,False,4,2,0,quite rich,repairs,1,0
1.152822428624213,0.6776167364694837,0.5944887557282875,2.472068927922267,5.418323028065027,1.255458304659522,16.88515685657225,30,male,very_low,138.0,True,3,2,0,moderate,vacation/others,1,0
1.387265026277941,1.28774567334497,0.5402531794747772,2.324583016382172,0.2325655798458081,0.1334098690901168,24.60110982504504,58,female,very_low,332.0,False,5,3,0,rich,radio/TV,1,0
0.967356238487106,0.7013380370092297,1.779823706182337,1.689561135234984,1.113274531366074,3.557692594714981,8.424533524021715,20,male,high,718.0,True,3,2,1,rich,domestic appliances,1,0
0.5449151914057723,1.587563613917888,0.4900856793033316,1.610335961958059,3.201125405963593,1.149361072764682,12.58106378945579,67,male,high,859.0,False,5,3,0,,vacation/others,1,0
0.7286538291294005,0.9724318874901661,0.6355901231715154,1.464269711762108,0.7582304190037804,0.1998196092484567,2.734210984357186,74,male,high,603.0,True,0,0,0,moderate,radio/TV,1,0
2.006891617163949,0.8829025165413629,0.5410568984018734,0.8568293291638486,0.4810169067765718,0.5066893411890558,13.34927866425682,37,male,high,618.0,True,4,3,0,rich,car,0,0
0.8814864406792741,0.9460400572251816,1.763176823208404,0.4820874906082976,0.9788903855465455,1.803546768536296,9.98474706447736,34,male,high,958.0,True,2,4,1,little,car,1,0
0.6891942650379774,1.652273784442862,1.679609591567667,0.2282290598770835,0.4979758245215744,2.125109508696447,16.55318308536497,25,male,medium,471.0,True,0,0,1,,car,0,0
0.7657660739555372,1.560667594065511,1.092452665195336,0.1831317677830432,0.1341644259836969,0.7682102162210204,3.517414468635216,23,male,high,411.0,True,5,3,1,little,radio/TV,0,0
0.484754447037901,0.8026132320458994,0.5902292645533669,2.9143458336707,0.01561967464162595,0.03509317154235481,26.61008589795857,80,female,low,596.0,True,5,2,0,,business,1,0
1.66959242671667,1.512682742336994,1.081546658079507,2.560432840432083,1.62738088140775,0.08650671446592578,6.827704875134235,38,male,high,524.0,True,5,3,0,quite rich,domestic appliances,0,0
0.5003174871380824,1.78818911373256,0.5605694669253366,1.341463799948244,2.043979586018067,2.123239139716589,23.7252025556426,31,female,medium,860.0,True,4,2,1,little,domestic appliances,0,0
1.146940551899014,2.081354445882988,0.7699326784819761,1.044454114848019,2.618492630778687,2.0397298347185,37.25941793089677,83,female,medium,802.0,True,4,3,0,,vacation/others,0,0
0.7778962271519275,1.38536874710563,0.9205471708600814,0.1361772801490471,2.512720807448571,2.536389439691746,2.736907286533596,57,male,high,801.0,True,5,4,0,moderate,vacation/others,1,0
1.361463828783379,0.9954670451116026,0.7106885145905519,0.1266724953692073,0.1956066319016523,1.63841312471272,4.564897315545078,75,male,high,687.0,True,3,2,0,moderate,domestic appliances,1,0
2.236228500496693,1.138233440929661,0.3939292788350517,4.391447879338799,4.963591788942734,3.064883267066554,24.24053901906211,48,male,medium,466.0,True,5,3,0,moderate,vacation/others,1,0
1.015628049593465,1.635699039302037,0.3892891430321591,1.971059908267855,3.106621158028856,1.122210119225885,14.27853726494562,81,male,low,832.0,True,5,2,0,little,vacation/others,0,0
2.583970976616087,0.5847767247744406,1.5151277372069,0.8897820378075773,3.104405220116565,1.774480758121967,13.02814627903086,83,male,high,459.0,True,5,3,0,rich,car,1,0
1.006360134440131,0.7285897459185611,0.6315350161528459,0.6731814332225778,1.860071502572721,3.989888497022181,50.65422808136937,29,female,high,872.0,True,2,2,1,quite rich,car,0,0
1.683053382585905,0.832535676042685,0.2149001824864116,2.848326319672719,2.265521979490521,1.317748602486862,8.574593822095881,36,male,high,266.0,True,3,0,0,quite rich,car,1,0
1.694906434997685,0.6177321196362603,1.511591759567709,0.6875139088833009,0.01769076963108662,0.08317240567756466,6.379207537011533,50,male,low,739.0,True,5,2,0,rich,radio/TV,0,0
1.591908379245054,1.255464049567031,0.18727744755117,3.043808941710882,20.5617076192329,1.859807429907643,45.12571367637436,59,female,medium,266.0,True,5,4,0,little,radio/TV,1,0
1.692384059068202,0.8701148677200394,0.6774947218651574,1.982688382608423,2.045508798786695,0.2051498567007533,6.471595017244836,76,male,medium,933.0,False,5,3,0,moderate,domestic appliances,1,0
3.379661009679705,1.216280736611251,0.8589627899691585,1.093685136218241,1.328406276011099,1.45221355461272,4.659508009614255,52,male,high,898.0,True,5,3,0,moderate,vacation/others,0,0
0.8457131726554532,0.8641657468730345,0.9067148490382911,0.2222243666038985,0.3519866066747738,1.685962195494419,22.72771072308101,64,female,high,371.0,True,2,2,0,little,car,1,0
1.387709900560955,1.195610128567255,0.5355849301987863,0.1946384726778748,0.3405269024316696,1.846121947146603,14.22110778220772,26,male,high,630.0,False,5,3,1,quite rich,vacation/others,0,0
0.3740466411139567,0.1928017131279008,0.6379667063822568,2.828487015834622,2.596633229148634,1.069112512753005,6.149952351730823,27,male,medium,777.0,True,0,0,1,moderate,radio/TV,1,0
0.563951247007831,1.384354434013239,0.5640942281362962,1.295185257502353,2.150988833563053,3.53232174126155,50.95485763846118,34,female,high,721.0,True,0,0,1,little,furniture/equipment,0,0
0.5195523598972114,0.598278295378509,0.1599120585448107,1.253879334424982,4.791100144436793,2.165280576621965,55.78887523821115,85,female,low,405.0,True,0,3,0,moderate,vacation/others,0,0
0.3762389602943254,0.7818510544356588,0.4045019592173532,0.8885858423914116,0.05972433259545255,0.3100281931784646,7.034120127566265,31,male,medium,266.0,True,5,3,0,quite rich,car,0,0
1.411079834980209,0.7991698043205493,0.8489092966065099,0.5848405843156225,0.7291119995065148,1.138421373999755,13.09883984829161,49,male,high,422.0,False,5,3,0,,repairs,1,0
0.2617266780121713,0.8822264332428207,0.6516477773870547,0.2944936434285255,1.450948596695443,1.590300955316434,4.229073611963637,31,male,very_low,168.0,False,0,0,0,rich,car,1,0
2.029228307288526,0.9090025578700733,1.658100968486127,0.03963183755305776,0.4964361182802167,1.999820553691864,1.5557735234684,78,male,medium,929.0,True,1,4,0,moderate,furniture/equipment,1,0
2.144128117872918,1.37909323459526,0.3396453451976166,1.658747918006733,2.838144533290772,2.945980809346951,32.71725464084018,57,female,high,157.0,True,5,3,0,little,radio/TV,0,0
1.68924218169249,1.246401972000917,0.3136369609775779,1.34778486407356,1.127891828894029,1.776193039743773,13.89486007371563,41,male,medium,803.0,True,3,2,0,moderate,repairs,0,0
1.183426907337523,1.18083047324438,0.9486884798864675,1.091106646414111,0.1491547181817069,0.1304845087086986,3.372906589287414,68,male,medium,707.0,True,5,3,0,,education,1,0
2.241877593224756,0.8648635075162685,0.8166998062126161,1.042699348500296,1.144291836046857,2.403626815599728,17.91565118799418,40,male,high,374.0,True,0,0,0,rich,radio/TV,1,0
0.6718115010497883,0.6959246708271378,1.226594864176387,0.9525532573231177,1.868692809240388,3.972461316779141,22.60692970220806,28,female,medium,324.0,False,5,4,0,moderate,radio/TV,0,0
0.6361009511098679,0.9531849040169317,0.6942857854647221,0.8541666563722646,1.397282413909103,9.21633604838974,77.31106403295345,70,female,high,126.0,False,5,4,0,,radio/TV,0,0
0.7696346587441417,0.4154847738860795,1.061855531484352,0.4941090799355665,0.007813701201492364,0.185652485930786,15.80831999779604,73,male,medium,380.0,True,3,3,0,,repairs,0,0
1.06998252684352,1.167219010436179,2.222793443232569,0.4871604104019263,2.309552506951663,5.56849785001948,44.27069110570029,75,female,very_low,930.0,True,3,3,0,rich,education,0,0
2.215196519841964,0.8275644181394893,1.491089354186004,0.234125675393451,0.7147229996504094,0.2928794927667657,2.575577029690208,75,male,medium,555.0,True,5,3,0,rich,radio/TV,1,0
0.1678870512681912,0.5089616776301659,1.337984507329645,0.1704385331356626,0.1776795695453363,3.391744761820136,22.1824172756863,26,female,high,831.0,False,2,3,1,moderate,repairs,0,0
0.577936437272073,0.7694829209417425,0.4223175046649882,3.375602706999174,3.873940590569557,2.616319857389906,31.44551108678206,36,male,very_low,855.0,False,5,4,0,little,education,1,0
1.069656376082588,0.8508659557346236,0.5275233313217857,2.550642528926561,0.8692224728777274,3.239909413345318,15.36387402549811,20,male,medium,144.0,False,5,3,0,rich,repairs,1,0
0.4177768973849359,0.6747829666871119,0.6032248440194005,2.132054043484311,7.699031938907913,1.579519297487447,22.03342739672459,36,male,very_low,767.0,True,5,3,0,moderate,education,0,0
0.5568524366333312,1.666385715451946,0.8713766964570486,1.74248574074674,3.800194727457891,3.217745620291106,36.11928573960957,34,female,high,554.0,True,5,3,1,moderate,repairs,0,0
0.8145463671870709,0.6001973992168496,0.4566204725249093,1.310925387642193,0.6414030638966012,0.3900964964021857,9.337971382657605,45,male,high,270.0,True,5,2,0,little,repairs,1,0
2.348681125376334,1.263951004392328,0.7275094348894746,0.592739813492579,8.845055324603774,1.130169516751223,1.027901771443472,68,male,very_low,396.0,False,4,3,0,quite rich,repairs,0,0
0.5046300221208002,1.136118682036752,0.7658287784081768,0.5816802794298134,2.64569519133002,1.220581546648136,14.12410226220005,23,male,high,132.0,True,4,2,0,little,education,1,0
1.091557585169063,0.9408145814696824,0.8385968266627556,0.5802751485497152,0.002123503412515619,0.1249850350872349,6.626258480462885,70,male,high,144.0,False,3,2,0,little,business,1,0
1.169090985871285,1.996228360473922,0.6689116971739315,0.287621019173703,2.711382958004492,1.608185384911165,1.196047619803647,56,male,medium,186.0,True,3,2,0,moderate,radio/TV,1,0
1.51782301775882,0.5222343717964664,0.7354433027070112,0.2038933366139353,0.05998113504590191,0.6869719436692258,2.37824737204989,35,male,very_low,266.0,True,1,3,0,rich,radio/TV,1,0
1.38677809738382,1.019331905659342,1.018583489885311,5.191806496251721,4.801878261900273,0.04187329418490465,7.296862695377053,33,male,medium,266.0,True,5,4,0,,furniture/equipment,1,0
0.709281267980674,0.4390646126489464,0.5128105127178041,2.898505126268524,3.655843656645437,0.8059287438166235,5.325479377858985,39,male,high,439.0,True,3,4,0,little,car,1,0
0.8938112353463277,0.3567068523805872,0.3246434786780263,2.863637217392331,7.483497727432697,2.201344817303688,21.43635606771718,70,female,medium,943.0,False,5,3,0,,business,0,0
0.2469381195561721,0.9613059065311591,1.06714324753168,1.658835230075232,2.025746395083172,1.163718154346421,7.242787913079248,40,male,very_low,874.0,True,4,3,0,little,vacation/others,1,0
0.6165407028887703,1.096044974081986,0.4667806737625719,1.065707666645672,5.830727865516522,1.875016370186422,46.81431238891344,18,female,high,661.0,True,4,3,1,quite rich,business,0,0
0.7123712525420575,2.024528902531483,0.2736917584088313,0.3782933736268634,0.9180714988879527,2.238593494471888,9.206512272151077,75,male,medium,157.0,False,0,0,0,moderate,car,0,0
0.2558813626315409,0.7783052485223598,1.490624911600739,0.2951159596733399,0.738988625049889,0.7723016024094571,18.87954080706578,68,male,high,288.0,True,1,0,0,little,radio/TV,1,0
1.49493363216557,1.131375725998775,0.9128060371040775,0.2262364997965265,0.4213304985843986,0.9423725339941809,3.326751996300328,46,male,medium,801.0,True,3,3,0,,education,1,0
1.752737690787751,0.9126650393323434,0.3966418042729007,1.88452517415456,2.324376571334343,0.4653694683894135,3.59690356462222,50,male,medium,677.0,True,2,2,0,,education,1,0
1.376297205267791,1.276260754533819,0.8530171913102125,1.728520431121454,0.434283282541602,0.1352701754203735,10.26087833358464,39,male,high,641.0,False,5,4,0,rich,car,0,0
1.595463675257125,1.07639467069847,0.6536649014287753,1.606534606923489,1.329893988935762,0.4269434126760515,3.830406955347239,62,male,medium,296.0,True,5,2,0,,car,0,0
1.367564158023107,0.8054062262410746,1.547017814681363,0.8277463876410771,1.02551276104393,0.2071344996297028,2.747137242913729,51,male,high,270.0,False,0,0,0,quite rich,business,1,0
1.875700730066616,0.9511468713312193,0.6113162006291324,0.7423270574252102,3.184416649815391,1.085247392096689,12.71089064378264,44,male,high,144.0,False,4,3,0,moderate,domestic appliances,1,0
3.58582659796433,0.9306432965829253,0.2378854303297313,0.4286839636421163,0.829479945037776,1.85925605849644,3.828412062898938,74,male,high,417.0,True,2,3,0,moderate,car,1,0
0.1179529603878037,0.934348156136009,1.554262562810045,0.4162856773366511,1.014852968610749,0.458654674648124,3.808155400885287,26,male,high,864.0,True,5,3,1,,car,1,0
0.9379088395238602,0.6046664047718744,0.952807537186598,0.3747602269822148,1.68149509056477,1.118993499843142,9.724541137529696,80,male,medium,875.0,True,2,1,0,moderate,car,0,0
0.3800356829477486,0.7973140915061935,0.8917907183219174,0.3131982399663146,0.2904516969574484,0.6800702595267643,5.317033603235068,41,male,high,642.0,True,2,3,0,moderate,education,1,0
2.118004503760955,0.7592935789265716,0.2310562013914007,0.2987721321337639,1.29837337885704,3.470931871100114,17.24045801728015,32,female,medium,163.0,True,2,3,0,rich,repairs,1,0
2.026769738184475,0.5248391426959264,0.4111472436523853,1.77573151037947,2.486877315535012,1.859237879406708,20.74687941366118,82,female,high,180.0,False,5,2,0,little,furniture/equipment,0,0
1.430292529920087,2.173633084022537,0.5238971023691029,1.184142041693272,3.610164331842621,1.120163118950058,17.52762101306212,76,female,high,223.0,False,4,3,0,little,radio/TV,1,0
0.99773361553621,0.1783899048360926,0.7480172468298348,0.4456596178542697,0.02904432936513578,0.3114904310907677,2.579335237480635,76,male,high,487.0,True,0,0,0,rich,repairs,1,0
0.9872261610014339,0.7211290415724684,1.114153444208931,0.4175525381007035,1.338088227171324,0.7304591242744066,4.743802824587524,56,male,medium,746.0,False,0,0,0,moderate,car,1,0
1.158880209971539,2.29442047174994,1.975448725722739,0.1946493066523003,0.1461609735434388,1.719103103966829,5.683384200894257,21,male,medium,439.0,True,2,2,1,moderate,car,0,0
0.6571554360978067,1.092520883483599,0.04453070994595792,8.41463616355531,20.19916780315201,4.506390365885037,85.9739630051599,62,female,very_low,631.0,True,2,3,0,little,vacation/others,1,0
1.0788333257156,1.248527411609046,0.8503009313394597,2.241866091461884,1.6735849341537,2.192544686544332,16.4768010285573,24,male,low,393.0,True,5,3,0,little,business,1,0
0.5749792955948088,2.092962771891343,1.491015120726091,1.930555623706963,0.02515685962579029,0.02025934261315258,10.12316271183772,59,male,high,935.0,True,2,1,0,,radio/TV,1,0
1.579569934313154,1.200923515212887,0.9388398039720819,1.268231331357279,0.9239213314176469,2.64961327549412,15.07228130018265,41,male,medium,163.0,True,4,3,0,moderate,radio/TV,1,0
1.488104199445243,1.774942585146277,1.261874116214244,1.065749096215041,10.25006400258886,0.4839834346581616,6.028562999476986,25,male,very_low,257.0,True,5,4,0,moderate,domestic appliances,0,0
0.7688028508993344,0.5249352598401805,1.343325684805347,0.4947100498403592,0.840339943144498,3.639350813987893,34.03011510082856,51,male,high,772.0,True,1,2,0,,car,1,0
1.013857929551329,0.480182481114161,0.09815273490722011,4.899682259250627,7.233165057897094,1.130029057374915,19.09078616806681,38,male,medium,408.0,True,3,3,0,quite rich,radio/TV,1,0
0.5705684806357294,0.9677722149493423,0.4324723558249363,2.425466565473287,2.351301981343016,0.3097844886286293,16.24633855567425,19,male,medium,550.0,False,0,0,1,little,car,0,0
0.8300564190735927,1.081813572870357,0.506758855998213,1.810890960643025,0.3593580821585056,0.1722116947962653,7.652774689895936,38,male,medium,792.0,True,5,4,0,,car,1,0
0.7019896807022825,1.019572556017012,0.7796257210065882,1.417926340619349,0.06395818763850587,0.1099918924453593,11.31708352670145,84,male,very_low,842.0,True,5,4,0,moderate,radio/TV,0,0
1.392765554172621,0.7137156311682286,0.7995238192539571,0.8475363423666662,0.8610849576817503,1.560437965788814,20.34943539517814,73,female,high,180.0,False,0,0,0,quite rich,education,1,0
1.346142827683858,0.8910470900433336,1.96383836508577,0.5274493849608227,0.5935806200003295,1.089897945306006,9.48782037594137,68,male,high,144.0,True,5,4,0,,vacation/others,0,0
0.9147646896146594,0.8724974326485727,2.359131970629221,0.2345094826371305,0.7291229788900738,1.034038274115903,4.453278288076017,44,male,high,439.0,False,5,3,0,moderate,business,0,0
0.4725955460753682,1.093098404444057,0.8617243720586893,1.672991951934763,0.08248592855032158,0.09157869964349682,14.49873274533515,43,male,high,405.0,False,4,3,0,moderate,domestic appliances,0,0
0.3319527275358069,0.3660255679817304,0.8516089038214777,1.621070418054953,3.03422159098003,2.436062721732204,17.74740630823956,29,male,medium,549.0,True,5,1,1,little,radio/TV,1,0
2.16121166487701,1.276777235102117,0.7013344266766524,0.205546762302602,0.2316715874659679,1.253120624883564,6.279838909033213,73,male,medium,686.0,False,5,3,0,rich,business,1,0
1.0901956597968,1.025665016117682,0.4675286346690591,2.774720445412603,4.212948006676522,2.96365104197584,32.64366151125327,27,female,low,405.0,True,5,4,1,little,furniture/equipment,0,0
0.5898724218422159,1.164025098437262,0.8327750779293238,2.655051838148524,0.5804968275399712,1.73899595933487,3.407808637048299,42,male,medium,266.0,True,1,2,0,rich,radio/TV,1,0
1.005213291566841,0.888100662173232,0.2328895100985524,2.065957663905914,1.573800706383018,0.7297104872431127,10.53934987896058,54,male,medium,582.0,True,3,4,0,little,car,1,0
1.789281014742932,0.9631623432623054,0.2166445949657672,1.440919606995586,0.9208105315452565,0.5648346135549334,2.876883930254257,45,male,high,889.0,False,5,3,0,,radio/TV,1,0
1.511552864205287,0.5538150591001516,1.363568827162254,1.103021796166348,1.641567748512523,1.927490634094855,9.149381050657068,21,male,high,313.0,True,3,3,0,little,radio/TV,0,0
0.844649864878134,1.264511514694523,0.8642225473738324,0.7314484585140333,0.3512012889651889,1.03154575596787,2.533685180966331,50,male,high,223.0,True,0,0,0,moderate,radio/TV,0,0
0.9959498232756169,1.242148016006328,1.28327375016305,0.1909208881946362,0.1993688910381888,0.5562202307365047,1.20780273835086,63,male,high,405.0,True,5,3,0,quite rich,business,1,0
0.7123511344829826,1.186522795766424,0.6807695573506333,0.1793731313712661,1.399317077595784,1.812812131657012,1.323592753319412,64,male,high,157.0,False,0,0,0,moderate,car,1,0
2.41335245176304,1.403346731348997,0.5754000817280412,0.113059893855347,1.66595194867677,3.685839097711133,5.520647913904932,65,male,high,151.0,False,5,3,0,rich,radio/TV,1,0
1.10554357557178,1.730055079598584,0.8732651494846722,1.468786473306327,3.893702944049315,1.796426509434363,7.881577380026975,32,male,medium,635.0,True,5,3,1,little,repairs,0,1
1.623217223313211,0.4564798984415034,0.04536837012469402,4.789141458756443,4.540382057030614,3.337864128095907,51.58636831642153,56,female,high,402.0,False,0,0,0,little,radio/TV,1,0
0.9989266597407259,1.601360366665122,1.056583700795544,0.9787564322712654,0.7682811387968099,0.2339996536722117,5.492567517157262,80,male,high,202.0,True,2,3,0,quite rich,education,1,0
1.348903263855893,1.34936487776082,0.6298097369999942,0.2128947209439138,0.02731815474852688,0.8370589112826394,7.292064856499452,56,male,medium,833.0,True,5,4,0,,business,0,0
1.175281252436387,1.009430445388839,0.8872135537639558,0.1383629066692601,0.1038520154685591,0.9615989473799581,2.655727273709157,70,male,high,384.0,False,1,3,0,moderate,domestic appliances,1,0
1.291439855890651,1.033049168093311,0.6417034868064496,0.9153894083897008,5.532161958295288,0.8482075693947515,4.324077383697167,32,male,low,832.0,False,3,2,1,little,vacation/others,0,0
0.7171837921603584,0.7274770366308339,0.9519835109145841,0.6467620788861376,3.868315935099635,0.891683222187423,9.17696976915279,73,male,high,618.0,False,2,3,0,,car,1,0
0.7422645594952245,0.7325264559552797,0.665714359548226,0.5596019278322282,1.764061193792562,1.676462346217476,31.96113885632821,42,male,medium,305.0,True,0,0,0,little,radio/TV,1,0
2.54023909450835,1.181979365120376,0.6544500429083123,0.3618078756144528,0.3845275681825991,0.9694328968634148,7.032705105629406,73,male,high,478.0,False,5,4,0,little,radio/TV,0,0
0.3172817918782896,1.297349414278951,0.5080707674021717,2.558089308346364,3.552604283927071,1.513827828243689,17.36783069460706,66,male,high,820.0,False,4,3,0,moderate,education,0,0
1.416768320997464,0.9002898794124428,1.008592452091627,1.228057990225277,3.238188951300238,1.909808089362793,18.15667572185739,75,female,high,582.0,False,5,2,0,little,domestic appliances,1,0
0.7698335119835146,0.7660581009594382,1.67709565854682,0.5227386692028979,1.096815967737414,3.362756220898702,15.73121346208896,23,male,high,132.0,False,3,3,0,moderate,business,1,0
0.6024439323210968,2.023117844522889,0.3882888152658676,5.159465877982442,8.659236079402213,4.460098146034821,35.63185429677089,58,female,high,741.0,False,5,3,0,rich,furniture/equipment,1,0
0.7650726243692353,0.8483325719199168,0.9840813342214151,4.20294020401373,1.002801199912911,0.03156404086396863,5.37218023128286,19,male,high,542.0,False,3,2,1,moderate,furniture/equipment,1,0
0.603056818388694,1.48980073130892,0.465742053420907,2.737270499819341,1.192351996257899,0.9436562122999728,7.352379069085181,81,male,high,969.0,True,0,0,0,,radio/TV,1,0
1.667822618371916,0.383651607324142,0.5984341767697019,1.332009303515117,0.009050562450447636,0.06983258145724819,3.11537938486583,78,male,high,957.0,True,5,3,0,,repairs,0,0
0.338583934108508,0.9241368492759393,0.4197190962908087,0.8307918446392083,0.04899977501396481,0.3223360463220875,13.20381275563749,84,male,high,266.0,True,0,0,0,rich,education,1,0
0.6087660802273781,0.938695910461002,0.3847704111415506,0.4475574066216828,1.12794458163873,1.414444424235108,5.649970164417888,21,male,medium,266.0,,0,0,0,little,car,1,0
0.7216401392479219,1.535829391994379,0.832163773528649,0.4375912676813659,0.3475893927770702,3.809486120684489,29.54248536055089,38,male,high,728.0,True,5,3,0,little,business,0,0
3.080939653306962,0.9004863425357894,0.5931318473870849,0.01586172197399871,0.4282514825001294,6.758998482502466,3.284553232468847,83,male,high,929.0,,0,0,0,,car,1,0
0.8807678542548527,0.4527738396158133,0.4827575749928109,3.110662707897348,4.824381570925643,0.8578396834379529,8.167786515408174,43,male,low,498.0,False,5,3,0,moderate,repairs,0,0
1.506318194879781,1.575985975841252,0.9027731454032195,2.423459735035571,2.612656225859099,3.243681800240768,10.73009051831932,20,male,very_low,757.0,True,0,2,1,quite rich,education,1,0
1.754804083205006,0.5114339529456091,0.3768294280982976,2.041512038705754,1.436888246075567,0.8495980043776621,8.397741835810766,63,male,medium,393.0,False,5,3,0,,furniture/equipment,1,0
1.576454794385659,1.283068914889337,1.149205020974178,1.533830858782595,2.691878428142473,0.2468662052288125,16.50484613346558,43,male,very_low,266.0,True,1,2,0,little,vacation/others,1,0
2.253448217910599,0.6608224696781385,0.5183383075046876,0.8104642960032676,0.5150549648233345,0.4924195901571037,4.097183774434388,82,male,medium,916.0,False,5,4,0,quite rich,car,1,0
1.895283177077947,0.9817118627410276,0.2030540705834878,2.855460698399578,2.414529571239396,2.77629907622969,22.12617477810258,35,male,high,874.0,False,5,3,0,rich,repairs,0,0
0.8503445799208466,1.072799314634834,0.3304634531992497,1.28682327289457,3.1123572337333,2.482816589066227,34.92357993342547,50,male,high,774.0,True,2,3,0,moderate,furniture/equipment,0,0
1.515314039374146,1.094479693989653,1.175991031959876,0.6950396901500064,1.881305318674881,0.3623896734142975,1.561457030706926,55,male,medium,800.0,True,5,3,0,quite rich,radio/TV,0,0
1.282330498681319,0.6077359209823483,1.114580167248214,0.4425582325431036,2.921017767145414,1.291490869758428,22.68641095101546,58,female,medium,734.0,True,4,3,0,little,education,0,0
1.684200951006362,1.233924075309973,0.8445249378453892,0.3915524408669353,3.581711325038992,1.718842263120752,40.10079889747844,37,male,high,766.0,True,4,4,0,,domestic appliances,1,0
1.193191949486597,0.9864314348278308,0.5537148425993096,0.1727419429514,1.898121533665447,2.568970694010095,1.47418032004678,85,male,high,168.0,True,1,2,0,little,car,1,0
0.8820910742133761,0.6317629084863127,0.6030095846871123,0.1624041444314882,1.517878314837326,2.469963004995773,2.308945472649244,36,male,high,126.0,True,3,3,0,moderate,repairs,0,0
0.68915938716672,1.179799979268375,0.174032267439151,2.709540244267571,4.605427874820835,1.903410524111798,27.40926670798812,46,male,high,651.0,True,5,2,0,,car,1,0
0.955158929024702,0.7153381594692033,1.145290816727121,3.880837768187781,4.745446585945441,6.635390834817513,26.06353150642061,48,male,medium,493.0,True,4,3,0,little,vacation/others,0,0
0.6589761374172406,0.7728103655249804,0.3907180520306777,3.029105912229324,8.607095688695505,3.505783235110311,26.64770062932115,40,male,high,168.0,True,5,3,0,quite rich,car,1,0
2.058194848882059,0.9936090116189515,0.5085903509733176,1.710762243868038,10.16663684995548,0.733009502892322,16.12447108287809,75,male,medium,608.0,False,5,4,0,,radio/TV,0,0
1.249537337778587,0.6042589947019841,0.5900479683453981,0.6514322175343493,1.214857386928367,1.226849246147452,11.32912378018053,40,male,medium,715.0,True,0,1,0,little,vacation/others,1,0
1.137367299909696,1.09838308758625,0.5954003017864259,2.338098062898689,3.266763616118515,1.462426979439571,14.12840403844118,63,male,medium,871.0,True,4,2,0,,car,1,0
0.8057904066885068,1.252608780616156,0.5041898717414763,0.5064527651858473,2.387294087529205,1.520034654997494,32.36151284824081,55,male,medium,425.0,True,4,3,0,,education,0,0
2.02569142896837,0.5441895162419653,1.204907603983388,0.06540821203209239,1.61339889797038,2.646453203451364,2.494341415831736,32,male,high,665.0,False,4,4,1,quite rich,education,1,0
3.032092535991043,0.9245425920745534,0.7158304950798726,4.402286788259226,1.486881780817766,2.184787911179892,5.568007182284108,23,male,medium,625.0,False,5,3,1,rich,car,1,0
1.923398772182425,1.605385331346025,0.3803495933323013,2.062898576478207,2.958709352670422,3.402168985657133,30.41673287669229,48,male,medium,275.0,False,3,2,0,little,car,1,0
1.027346490118523,0.9352359084630271,0.6574647992989219,1.005226463062261,0.2902533890306015,0.3767380700240519,29.40797175876971,40,male,low,132.0,True,0,2,0,little,furniture/equipment,0,0
0.8161515697660512,1.10952430490971,0.4071110944864685,0.8143014041017784,0.0987988668066462,0.3589026756765165,3.38209360545352,45,male,high,957.0,False,3,2,0,,car,0,0
1.366921293885845,1.148567331766674,1.420853334646422,1.318895733072603,0.09989357329760916,0.04736485131506143,1.929835860585853,55,male,high,721.0,False,4,3,0,quite rich,domestic appliances,0,0
0.9700470500650612,1.180267634653371,0.3776158224713774,0.9324964272961849,3.719119552022437,4.170299638704027,85.06976215084768,55,male,low,634.0,True,2,1,0,moderate,furniture/equipment,1,0
1.038725222167036,0.6719667393162639,1.331716984050826,0.2461007906758696,0.0001402124075776635,0.09508220475769229,1.355243717272983,71,male,high,202.0,True,4,1,0,quite rich,business,0,0
1.33307224595765,1.169247053690202,0.4765314092346332,0.9385035389560051,1.727322721634656,1.028189568014292,6.407044827459721,38,male,high,965.0,True,3,0,0,rich,vacation/others,1,0
0.463547684414487,0.5840191137455435,0.7259279182611064,0.6798780273723514,3.633707300000496,1.039881099402843,15.65264272442688,21,male,high,151.0,True,2,3,0,moderate,domestic appliances,1,0
0.4335552801652149,1.147072632669998,0.3804863000111786,1.367977445303964,2.891391012065746,1.681121565857751,25.17189019073718,32,female,very_low,841.0,True,4,3,1,rich,domestic appliances,1,0
0.6181140425237465,1.121810275999643,0.7033130446483369,1.128089755722381,0.01836561277913631,0.1202302881299656,10.45655650680365,57,male,medium,792.0,True,2,4,0,moderate,repairs,1,0
0.3086247982499987,1.332093796403854,0.2804037789075211,0.8932680483704133,1.751274014793341,1.576610078002704,31.54550570771239,67,female,medium,266.0,True,1,3,0,moderate,education,1,0
1.38172344432451,1.451816866673481,0.7133852050331857,0.7593945801961997,0.02680967787228876,0.1672064971424859,4.046233844292785,72,male,high,574.0,True,0,0,0,quite rich,radio/TV,0,0
0.2190130912422946,0.9193860074888962,1.041792786621655,0.6088306382030056,0.07160070633918456,0.2290191112232807,7.416976813673384,61,male,medium,163.0,True,4,4,0,moderate,car,1,0
1.352850126478911,0.7254781756310474,0.3439735660659977,0.2721295248633979,0.3520213520383626,2.117578894279398,22.6421966682554,51,male,high,371.0,False,5,4,0,little,vacation/others,1,0
0.3224273815747937,1.812783354357133,0.4653166974934057,0.09931400886800096,0.02330811161205021,1.818209883458641,9.678175144915944,50,male,very_low,799.0,True,4,4,0,quite rich,car,0,0
0.7415382574626559,0.3672067709364491,0.6362195231187363,1.734968250869145,3.33815682399131,0.7162684485297514,7.846712642568137,52,male,low,247.0,True,3,3,0,little,vacation/others,1,0
1.487138834619808,0.5919007524877921,1.663620986053612,0.7771822791735297,1.91391909059987,3.843699176346602,28.2209257388003,51,male,medium,657.0,False,5,2,0,little,car,0,0
2.513063529807201,1.431332541777015,0.8079041861152504,0.2903407669692051,0.3032424774286379,0.8925163655257435,6.750228193505664,78,male,medium,952.0,True,2,3,0,little,car,0,0
1.156938409264237,0.4414131645283005,0.6522695281089421,1.092403731638403,4.634978034180499,0.6143457482156499,2.887038066213879,18,male,high,296.0,False,5,3,0,,radio/TV,0,0
1.802270861363446,1.237067168740726,0.9411241122110484,0.7975989551523734,0.9281908228256178,0.3100037628414019,1.159542679981778,22,male,high,843.0,False,5,1,1,little,repairs,0,0
0.6318839519108684,0.9671250291574113,1.73178122614818,0.4606589317787786,0.9781570309838232,1.540120713204395,8.839271700039571,58,male,high,931.0,True,3,2,0,moderate,education,1,0
1.171523360225387,0.5640816227189535,0.9624880456717617,0.424990589663851,0.1849338999861928,0.4231523100552468,3.96224232376199,72,male,low,684.0,True,3,1,0,quite rich,education,0,0
3.707625826050815,0.8824820244519406,0.6076670556693599,4.432823374095624,5.26820123298296,2.27872149734675,16.45282335000925,74,female,medium,186.0,True,1,4,0,rich,education,1,0
0.834118829891101,1.291727465400599,0.5150677838397227,3.4291440664814,1.149987890932769,0.1119968041795057,14.30676406762641,59,male,high,459.0,False,5,3,0,quite rich,education,0,0
3.455435735119004,1.629898069178151,0.7367534133320026,1.538168486365936,2.205020401870788,2.670717040607533,22.01570100137788,62,female,high,266.0,True,2,3,0,little,radio/TV,1,0
1.034193176775857,1.111814943783786,0.3800545135072378,1.027020199142475,3.44436685488912,1.00229450224764,8.114277855900522,36,male,medium,266.0,True,0,0,0,moderate,business,1,0
3.099405279643498,1.000011659285102,0.8639438520592906,0.973944669137853,0.06587923959495846,0.138891412599444,3.891468212293716,85,male,medium,843.0,True,4,3,0,moderate,car,0,0
0.5972593475022117,0.9090943618734226,0.5215068235872395,3.394676821369083,3.3658113284111,4.173228499183993,20.46142066568135,37,male,medium,642.0,False,5,3,0,little,car,1,0
0.2332073880439426,1.083647761118018,0.5469620510164682,2.850176383907416,2.402822805963338,4.42256375006922,24.91371835863465,77,female,high,346.0,True,3,3,0,little,radio/TV,1,0
0.230748819641982,1.354171413179272,0.5472631646601905,2.679123761910856,1.455776828152138,0.9994131070281635,4.289432043132187,38,male,high,941.0,True,0,0,0,moderate,radio/TV,1,0
0.8717901186769178,1.094762552475955,1.089698406187653,1.651221477594464,2.159356484903757,3.594998948145958,11.00811345005646,45,male,high,163.0,True,5,4,0,rich,car,1,0
0.9902576192931302,0.7083790490087731,1.615311417062421,1.634806087527829,27.05672087090664,0.3012265716551975,1.323034782064664,21,male,high,446.0,True,0,2,1,little,domestic appliances,0,0
0.7948917206623156,1.425151347658204,1.0693473658105,0.7557900912583091,0.6159797723681592,4.597834562350309,23.31938708892363,75,female,medium,305.0,False,5,3,0,quite rich,furniture/equipment,1,0
0.6261223532595652,1.324147350086154,2.933391634379941,0.4768002963545281,0.3246643590368219,2.521380829005101,6.027800316516659,65,male,medium,734.0,True,3,2,0,little,domestic appliances,1,0
2.199735552812162,1.524227678815218,1.732475875256296,0.4449476607671639,0.4816983444877709,0.7000230657070842,2.055552951045781,48,male,high,197.0,True,2,3,0,rich,education,1,0
3.904389088415877,0.893642544620905,1.147335446177648,0.2461902676737289,0.5772537221349705,1.045852120759607,7.753376721207034,50,male,medium,132.0,True,0,3,0,moderate,furniture/equipment,0,0
1.086889608558221,1.728811619762806,0.7809551382882632,1.871227525622817,0.17726159613362,0.0962761867847432,11.98037546154675,70,male,high,844.0,False,0,0,0,rich,repairs,1,0
0.6775454545213193,1.010490920137198,1.049834572175314,0.6074947103164821,1.051936084077465,2.061904372756124,15.59336898298199,26,male,medium,831.0,True,5,3,1,moderate,radio/TV,0,0
0.9821514124543557,0.770134988268392,0.4506143790005757,0.4727097154755175,2.286107615588974,1.407563228485167,3.175098323747993,23,male,medium,734.0,True,5,3,1,,domestic appliances,0,0
1.023802922774531,0.6870985192873476,0.214256443822031,15.81843589337396,4.98264261931337,2.915395955562105,14.21390066837646,66,male,very_low,238.0,False,5,5,0,quite rich,repairs,1,0
2.185959470524107,0.5450007317299674,0.4864097885880206,2.242198852350783,2.274516104272122,2.182943661272189,25.51844150187117,21,female,high,529.0,True,4,2,1,little,car,1,0
0.8396810331444498,1.024994196726522,0.2962790439437653,1.428452213407192,2.899068179181126,0.3231249532841469,4.40210922251846,34,male,low,550.0,True,4,1,1,little,radio/TV,1,0
0.23241670444829,1.173576468616658,0.7399553428050477,0.9703546002307547,1.715688548486509,0.557105373538131,12.43290316268208,31,male,medium,697.0,True,0,2,1,rich,vacation/others,0,0
0.4000366935967192,1.111055851562473,1.766999926063164,0.9423244529960841,0.6477558773587451,2.122318431171633,7.267098305562198,52,male,medium,765.0,True,5,3,0,rich,radio/TV,1,0
0.5059444001118507,1.763904344542055,1.185417106693203,0.3973785559606971,0.3579901953531831,0.42947140379883,3.327503066303044,22,male,high,233.0,False,3,1,0,little,radio/TV,1,0
1.173812981818302,1.772112534147893,0.7868844614486842,0.3214313669963919,0.9433414302625649,1.001972042227473,3.352912846878546,68,male,very_low,151.0,True,5,2,0,little,business,1,0
0.7833268235122836,1.614879339106578,0.4389329985231853,2.376092323555941,2.019494572340061,2.011567148873279,19.85454947221949,69,female,low,779.0,True,5,4,0,moderate,repairs,0,0
0.8870575106973257,0.6499613838553443,0.3590236902008246,2.217289808110582,1.751369506548003,1.64535006628918,15.58746144715907,84,male,high,621.0,False,2,2,0,moderate,education,0,0
2.076790316748569,0.8000981088088035,0.4949583776687886,1.022592993096067,0.1386374580844965,0.3029366295019835,5.384342666332602,32,male,high,478.0,True,5,3,1,little,domestic appliances,1,0
1.298831716383422,1.711463440185825,0.5337088883194844,2.055040001594667,4.591965155693075,2.845347465767267,17.98954917005101,36,male,very_low,790.0,True,5,4,0,little,furniture/equipment,1,0
1.573412958717179,2.234145767480265,1.841218224086135,0.2517087308378029,0.474916963096581,1.960265833146666,10.15926404841217,20,male,medium,151.0,True,5,3,0,quite rich,car,0,0
1.293467431799488,1.111428729968519,0.4381697769390604,8.375796521092614,3.821457290101902,3.129413068881183,10.52880817866077,18,male,high,580.0,True,4,3,1,,business,1,0
2.376891770996162,0.9741389535160945,1.069994490921075,4.064221661551363,0.04882342982539441,0.01063677403311966,13.54274461922144,59,male,very_low,354.0,True,3,3,0,quite rich,radio/TV,1,0
1.520913417503597,0.9046677165854636,0.2821098251829256,2.686848974848202,3.864829447309779,2.054714895630056,16.78054581081089,47,male,very_low,749.0,True,5,2,0,rich,radio/TV,0,0
0.8739142975574365,1.189516655140294,0.270387428353935,0.894473780298188,1.643711605447262,0.3118651329561526,9.538596816449141,48,male,medium,454.0,False,0,0,0,little,car,0,0
1.71586548363776,1.674792038188989,0.8182176098035724,0.6006015679780773,0.765561926274948,0.5214006560499708,4.796675165653105,80,male,high,874.0,True,3,4,0,rich,radio/TV,0,0
0.9520634128738673,0.7054788680293169,1.289756137051681,0.4827913588255209,1.348406948236964,3.062554124621855,30.70914804154782,33,female,medium,405.0,False,0,0,1,moderate,car,1,0
0.2884750418537909,1.140551776154013,0.8493016994059106,2.177771193263061,2.807321406164332,0.784086555547831,5.998527370095843,83,male,medium,261.0,True,3,3,0,rich,furniture/equipment,1,0
1.227718182048302,0.682573281701167,0.6403293914373617,1.663818412794912,3.004458955747041,4.417292097155872,45.0929227985504,50,male,medium,202.0,True,0,0,0,moderate,furniture/equipment,1,0
1.037771937242738,0.4788495188216585,1.543407658593628,1.287477846018764,0.09801551847009266,0.05387934618246142,6.179264815651747,70,male,high,838.0,False,3,2,0,quite rich,business,0,0
5.037756730605233,1.232529934537548,0.5373625902736542,0.7805244701831252,0.04730390660162927,0.2655448863448063,6.138941507741283,68,male,low,648.0,True,5,3,0,little,business,1,0
0.6640054410795297,0.7823701975896998,0.5808367896202439,0.777548839284204,0.8516677880372228,0.6203867218435246,6.773714444679369,49,male,high,919.0,True,5,2,0,quite rich,repairs,1,0
0.8181751435722773,0.9378076058902303,0.6092508742195305,0.2746838899154267,1.087964175953462,1.44326147123766,2.282645676379675,57,male,high,207.0,True,5,3,0,little,education,0,0
0.137551181236506,0.6676292534430507,1.550056004810142,3.414564576778048,5.074146759213948,0.06154924882207512,7.116232656659468,55,male,medium,606.0,True,5,3,0,quite rich,vacation/others,0,0
0.6527452132104387,1.561838637423653,1.185446559352481,2.542263466526108,7.733173828545684,0.1183722631097088,1.495211023641301,36,male,medium,648.0,False,5,4,0,little,furniture/equipment,1,0
1.115446376623448,1.092867149811773,1.064127386231877,1.426406111832576,2.27289377781412,3.203307419826888,25.17935598519734,81,female,very_low,266.0,True,0,0,0,moderate,vacation/others,1,0
0.2446514892931512,1.121051407266956,0.298618164853435,0.3845588879677767,2.19815770112903,2.264414665152147,2.988471784691967,34,male,high,838.0,True,0,0,1,moderate,radio/TV,1,0
0.4605631737048076,1.163806019944366,0.3437288528625219,7.877440357414923,0.1303206061709349,0.01774812563218609,28.92787608318612,83,female,high,848.0,True,0,0,0,,vacation/others,0,0
1.859624355517761,0.8093506089899408,1.316314206778229,2.137835590915624,0.9819214549501828,0.07821805514781574,11.92178402413141,64,male,high,618.0,True,5,3,0,moderate,radio/TV,1,0
1.584453704347666,1.906230901318499,1.018009783369382,1.185420511029794,2.771170019215659,0.2356940029346604,0.8394724455118013,30,male,high,755.0,True,0,3,1,little,car,1,0
1.12848559116983,1.793467163809293,0.4453242531745445,1.153723602834511,0.2315522022746342,0.3750163772751632,14.02633786900948,72,male,high,266.0,True,4,1,0,little,education,0,0
0.9372567244178059,0.8579477898361652,0.6053954500378548,0.6747206552525941,2.177285899560422,0.9762610745463949,7.867633913633199,76,male,high,510.0,False,5,3,0,quite rich,radio/TV,1,0
1.131279900863897,1.433467302811478,0.4171300959216177,0.6710919090814127,0.005618375464648447,0.2264310993669584,3.704562067834613,61,male,high,535.0,True,5,3,0,moderate,radio/TV,0,0
0.6891485175775555,0.9981210171160347,0.8903822946489374,0.5535822892796649,1.06591600911207,0.6363587975724319,6.207461216058333,65,male,high,547.0,False,3,3,0,moderate,education,1,0
1.315102333447502,0.3482099741732962,0.3804464342639046,0.3839280880827177,0.03773831751731817,0.8371557762902712,23.79598767923469,56,female,high,266.0,True,0,0,0,,domestic appliances,1,0
1.793657201441965,0.5471797121241053,1.503014910443555,1.572572621368325,1.823538997301605,2.195622338677162,10.53437696439313,31,male,low,480.0,False,0,0,1,moderate,domestic appliances,1,0
2.061514282879794,0.5609237894445603,0.2121490663990374,3.761294124138643,6.28263357373952,3.309762781744363,35.15025905362701,45,male,high,247.0,True,2,1,0,,domestic appliances,1,0
0.8674261433848033,0.9510127147585229,0.6982693090295623,2.241660427991651,2.244663664567037,0.6089869814353511,3.833109104599994,72,male,very_low,266.0,True,3,4,0,rich,radio/TV,1,0
0.5972623176722246,0.452004540630534,0.8158517274758754,0.6388255302324259,0.005215826323193128,0.1363235832178488,5.783462132685973,29,male,medium,805.0,True,5,3,1,quite rich,domestic appliances,0,0
0.9609785143389086,1.241544666186722,0.5249473958213958,0.4580856699105775,0.0118080402421567,0.3800134970056088,13.06579645778282,29,male,high,796.0,False,5,3,1,quite rich,vacation/others,0,0
0.4880311871038024,1.820314181158864,0.7877337721456862,0.1737830038756202,0.1546941357190676,1.200184638874248,8.045024868832515,47,male,medium,898.0,True,5,2,0,quite rich,furniture/equipment,0,0
1.303309837909714,1.055254306474312,0.3874695071810028,2.895438796313312,1.64965817923841,0.8875260070689059,6.131887056184282,80,male,high,300.0,False,0,0,0,little,vacation/others,1,0
1.184235479634808,0.6935420217984046,0.5923174694479215,2.440150398861482,0.7925653763278929,0.1359523283768634,9.92643501152466,73,male,high,266.0,False,4,3,0,little,radio/TV,1,0
0.9570310955781557,0.8651850956454081,0.3425764041335148,1.912960880757224,4.262415524922027,0.4271449408301636,6.8878360900235,79,male,high,223.0,False,3,2,0,little,education,1,0
1.12771091087756,0.8818088366075736,0.584469234457933,1.019625636708595,0.1229730796594367,0.2542777546923204,9.809326463828253,38,male,high,,True,5,4,0,moderate,car,1,0
0.9909383187675072,0.8561647403017252,0.8473798388514036,0.2125680989303079,7.768933710881253,2.729196497050814,2.875766328067478,72,male,low,377.0,True,5,3,0,rich,car,0,0
1.287078955091808,0.884138592020749,1.005280579388127,1.265351419003282,1.59441738709884,0.299505385042265,13.14263435262769,62,male,very_low,809.0,False,5,3,0,little,radio/TV,0,0
1.273333817107477,0.9547361061453103,0.8600556108647763,1.16145453442361,0.9242326007338795,0.3033873334854028,8.943012734111024,20,male,high,266.0,True,0,2,0,moderate,repairs,1,0
1.017686833105589,0.6677612433336366,0.7991808467189132,0.976553090889556,0.4870251522559567,0.2585990499790264,4.285932247064611,21,male,high,725.0,True,4,4,1,little,business,0,0
2.174147087647714,1.911605031998725,0.862563094648208,0.6876406147838573,0.1736816064201427,0.3151652236911662,13.38065893909192,38,male,high,950.0,True,5,2,0,moderate,car,1,0
1.937773264370506,1.055860891425708,1.045392754616667,0.1228793738745342,0.3154915180846306,1.628032445191661,16.59127851091872,22,male,high,623.0,False,5,2,1,,education,0,0
0.5822990762342685,0.9981229418259995,0.7943126879378956,3.172892218626829,1.08558798813785,2.364827539065923,7.142261208721541,41,male,high,257.0,True,2,3,0,moderate,car,1,0
0.7418879331936049,1.21866127719545,0.4709540134997692,3.051213267174838,4.731480394102221,2.579662786975428,21.20201532030652,57,female,low,863.0,True,5,3,0,little,business,0,0
1.53938361230211,0.5441946156371533,1.371323035422821,1.556542024834515,1.478262562765807,1.812389644828312,10.41905823867824,68,male,high,296.0,False,5,3,0,little,repairs,0,0
0.404612185353105,0.7433743834228402,0.437911355556337,1.303308347064469,0.02520860805771144,0.1859601720821539,21.23163201230093,39,male,high,296.0,True,2,2,0,moderate,business,1,0
0.6174698265755436,1.056929127895989,0.7011505271199809,0.7575951062769658,0.629801250431613,0.4395703322910889,5.66632310775136,43,male,medium,266.0,False,1,2,0,little,radio/TV,1,0
0.9657073911635856,1.99746408316549,1.021936224201458,0.7408060273333058,0.04563934016162951,0.1469042433707082,6.174460825454053,66,male,low,649.0,True,5,4,0,little,domestic appliances,1,0
1.350339213685729,1.299603951031776,0.7432049262053898,0.6972257940819044,0.2435919517685601,0.3312125282378635,3.569582738238499,41,male,very_low,834.0,True,5,3,0,rich,repairs,1,0
0.5645715925903642,0.9098676295989622,1.279544563329588,0.2444485680677797,1.83914103795055,0.9758036912657626,2.359319013811857,45,male,medium,266.0,False,0,0,0,moderate,furniture/equipment,1,0
1.171590466719563,0.9801421981462649,0.1307288962623781,9.615211357703172,7.93158181488994,2.597323780809004,24.02542576503496,63,female,high,320.0,True,5,3,0,,radio/TV,0,0
0.7100327350411109,1.167405103884289,0.357193175382905,1.3459302924676,0.04225492050623482,0.2386573439761901,29.84736642625089,57,female,medium,941.0,True,5,3,0,rich,repairs,1,0
1.114056748296675,0.7819856045050568,0.5797257868975122,2.434315978243316,2.336868087754311,1.679564215017513,18.20179142195547,75,female,high,,False,5,3,0,moderate,furniture/equipment,1,0
1.186373925847916,1.634296073516781,0.3189656169984905,1.939029782762902,0.01062701783243412,0.1077163021992185,25.27310317001635,69,female,low,243.0,False,5,4,0,rich,repairs,0,0
1.277017656576384,2.168408143329835,1.359744498532953,1.720154684833995,1.162223455385365,4.749236020026715,13.14135336331116,40,male,very_low,266.0,True,0,0,0,quite rich,radio/TV,1,0
0.9788514176370592,1.691189177618239,1.123772094612883,1.334770770916664,2.061958627452024,1.018756031796938,9.28391253893412,82,male,very_low,374.0,True,4,3,0,quite rich,radio/TV,0,0
0.938555994843263,1.329070653764905,0.895834885498718,1.012049024925099,0.1462668064037862,0.1973581531414349,17.50952422691039,83,male,high,894.0,True,3,3,0,moderate,car,0,0
0.7267896213886728,0.7341128900506128,0.8691224687906287,0.3941998592894402,0.0241720258649436,0.2456644002337767,0.8721727444346581,56,male,high,866.0,True,0,0,0,rich,education,1,0
0.6223339618448038,1.231047241868317,0.2911748166170547,0.08985213916116705,0.01540588894543847,1.785800314815056,2.125039869818898,59,male,high,,False,4,4,0,quite rich,business,0,0
1.424288868373452,0.6264291186420944,0.7955456469070632,3.913472557531299,0.2020599330013916,0.0259601210773501,11.83542034596013,28,male,high,243.0,True,0,0,0,,domestic appliances,1,0
0.6087186488111328,0.5715950709987753,0.4323596642269179,2.621499617864453,0.004254675495818948,0.02997074915909667,6.522063108003401,24,male,medium,567.0,False,5,2,1,rich,education,0,0
1.336386719053585,1.166002162169788,0.7633311176495153,2.311131963799064,1.951651174960765,3.083003611277259,16.1073816204903,29,male,high,877.0,False,0,0,1,little,business,1,0
0.9715888982728371,0.8601997851942061,0.3607530384796214,1.790829249099363,2.055913249798034,0.6434609974302364,15.22577974265494,36,male,high,660.0,True,0,0,0,little,radio/TV,0,0
0.7177422777916904,0.9424636399283652,0.2081899230005844,1.532316708047675,4.175119814427612,2.389705730657293,37.29923625325117,37,male,high,132.0,True,0,0,0,moderate,education,1,0
1.903533641212504,1.230031603179285,0.3353433204586417,1.427917139968423,2.09046182725227,2.412293059397308,27.60501759916346,35,male,high,266.0,True,5,2,0,moderate,business,1,0
0.3872517135728081,1.113675138775452,2.319773671699306,1.035575979501522,0.7083782075730786,1.037638464898919,3.956235312638991,66,male,high,144.0,True,0,0,0,moderate,furniture/equipment,0,0
3.146623930989797,1.305263371973253,2.345918533830179,0.5377240947468586,1.17584557428325,0.1902528818009492,1.287186323881236,54,male,low,810.0,False,5,4,0,quite rich,car,0,0
2.641931980689815,1.727061568547597,1.353276837874371,0.4003272104135282,0.9337834278838938,1.540761467978387,17.77028416883685,59,female,medium,275.0,True,2,1,0,quite rich,furniture/equipment,1,0
2.267970239547936,0.9224168985051784,0.2095407456840757,0.3729109757697014,0.5944963177134979,1.945251808199556,2.728781173122364,33,male,high,478.0,False,5,4,1,little,business,0,0
1.925689186017901,1.009103587642283,1.683460972664841,0.2645656838373686,1.2501183264125,3.855131095935633,44.84950255188726,57,female,high,842.0,True,3,4,0,little,radio/TV,0,0
0.9809762981318834,1.420771758905645,0.3196427663181125,3.65132101873825,5.374083284918115,1.132519992480991,13.16255329426,68,male,high,218.0,True,4,3,0,little,car,1,0
1.169766401279591,1.348566977413149,0.6113891378241308,2.869893934571112,0.6684204092074623,0.1263469746459548,31.35053819076921,20,female,medium,266.0,True,1,3,0,moderate,domestic appliances,0,0
0.6120435649592362,0.7912874556997042,0.4017629414948488,0.9761860267116585,2.391369162906152,1.393024288022505,21.29165799935002,54,male,low,126.0,True,2,0,0,rich,radio/TV,0,0
0.8571532667314655,0.7553567880894609,0.7347212941078153,0.9205910758752884,0.5254353989786097,0.3986365069652499,9.483852423572632,76,male,medium,309.0,True,0,0,0,moderate,radio/TV,1,0
2.577794166789542,0.8213661243924375,0.4289706606680415,0.8949953354209614,8.51997078554399,1.09783412116464,0.5512849818617381,83,male,high,896.0,True,5,3,0,quite rich,car,1,0
0.7828822814622859,0.9658536219149126,1.309131877164244,0.4392327263619988,0.9310570009459479,2.707089176324326,12.41994361065859,39,male,high,776.0,True,5,1,0,little,car,1,0
2.413471294911503,0.8055830855690308,1.432844285526806,0.2519878495460438,5.488651113825692,1.096525319719268,0.2740868997004959,32,male,high,833.0,True,5,3,1,quite rich,radio/TV,0,0
2.470750436790526,0.72613080484657,0.3504799875502431,2.276440742190833,2.528216897272839,0.7635238508428884,9.543058632397322,37,male,high,346.0,False,5,2,0,quite rich,vacation/others,1,0
1.237888556842375,1.67320304718848,0.920819717164258,1.643314561875391,3.811274667432134,2.52677883599623,25.28611498170367,31,female,high,830.0,True,3,3,1,,furniture/equipment,1,0
0.9729145525522146,1.164106757944478,0.8543746936990199,1.373728365186015,1.884385078166507,0.3385795656940057,11.97145210046509,64,male,high,186.0,False,2,3,0,quite rich,radio/TV,0,0
0.6511446360443434,1.149424599229372,0.704476821583903,1.169035219440362,0.9014346441329367,0.6206592475007496,6.598189608886335,18,male,high,782.0,True,5,3,1,little,car,1,0
1.439571650637694,1.759517540209091,0.4942565664247912,1.144315333538254,3.123899645580114,0.7266088428317871,9.934288938529155,34,male,high,663.0,False,5,3,1,moderate,vacation/others,0,0
1.081321595669609,1.614576242674412,0.4866506090751858,0.9212108717298374,1.625908445118741,1.486191342949861,21.22789723669528,65,female,high,827.0,True,0,0,0,little,education,1,0
1.119838056036293,0.875510461900379,0.4444401634663478,0.01929517336432936,0.4443796406969723,7.129923804210899,4.092378951229897,27,male,medium,495.0,True,5,3,1,moderate,radio/TV,1,0
2.486668808203131,1.021041665162724,0.2420727613044274,4.113179816155478,3.260555116067737,3.768212088833459,24.20472611237007,32,female,medium,275.0,False,5,3,0,,vacation/others,1,0
0.5097815605812307,0.7396321992756354,0.7559948488198837,1.637536647682799,0.1574966073107262,0.1215545836305068,16.25289315297078,24,male,medium,826.0,True,1,0,1,,vacation/others,1,0
1.891223305523537,1.189923141541692,1.582002180420143,0.8571604341012315,0.4124488747112928,4.242535340695628,13.40029112268417,43,male,high,493.0,True,5,2,0,little,domestic appliances,1,0
0.4739822916970501,0.8588342900305106,0.8896869536863511,0.8030684820722732,1.537242628689347,2.306698969084922,26.37847482271471,62,female,very_low,779.0,False,5,3,0,,business,0,0
0.1947758008989041,1.028834181000298,0.6918439199562755,0.5674094481592882,2.907699748579334,1.735639006375281,19.60954360786593,70,female,high,891.0,False,5,2,0,moderate,business,1,0
0.4384272123557035,0.4110252833229107,0.670479010805226,0.369446125223948,0.6360081419458519,1.189334495334786,21.84264918126298,56,female,low,897.0,True,4,3,0,little,radio/TV,0,0
2.949775224529788,1.099828437735116,0.2262182814120843,2.672309126071763,3.817120526080057,6.816413378125207,90.77077342932654,61,female,very_low,557.0,True,0,0,0,,vacation/others,1,0
0.8022048234064295,1.439667605720601,0.8139440363718465,1.716475174420428,1.032313784575498,1.037953559298155,4.533274257288945,60,male,very_low,903.0,True,5,3,0,,car,0,0
1.57040063078483,1.528718785926337,0.5366858803861672,1.010820515603335,1.849415796565594,0.6136726236012134,4.765526982896619,84,male,high,275.0,True,3,1,0,moderate,furniture/equipment,0,0
1.97044229176193,0.5994294226672447,1.359109120511569,0.7162520689740546,0.8373608148645243,3.140692481401019,14.06017510561282,28,male,high,923.0,True,5,3,1,moderate,business,1,0
0.1404749814383748,1.347758642822054,0.9855740289300482,0.5367797593605654,1.570348658303245,0.7777073649122865,17.79689773438009,51,male,medium,830.0,False,3,2,0,quite rich,education,0,0
2.086838865253228,1.240159514856655,0.5673945814850191,0.5253411570140638,0.8308701582842664,1.00031567936398,12.40261594806718,50,male,high,642.0,True,1,3,0,moderate,business,1,0
1.377626467261352,1.091252059445005,1.329074213667154,0.3227090875952356,3.353623199194182,0.973597047793417,3.860859226996205,35,male,high,257.0,True,1,2,0,,vacation/others,0,0
1.169404814816285,0.3706441317171696,1.916870030339549,1.227129073797702,0.9162806560855685,2.888428885140583,9.184745529175496,73,male,high,313.0,False,2,2,0,little,vacation/others,1,0
1.267331458270106,1.250303153625161,1.950157025344907,1.000975641942203,2.211706647468797,2.876524773154072,20.21225610977343,28,female,high,664.0,True,5,2,1,rich,radio/TV,0,0
1.900115426882252,0.7685366804474609,1.115257920120738,0.4200922906054406,1.897681712081299,3.030775074477154,35.81137242965367,78,female,high,690.0,False,5,2,0,moderate,radio/TV,0,0
0.7946140262990151,1.417417358541595,0.8773127560562205,0.3585367797254113,0.02224930610461974,0.3193866209358656,4.803250862527758,29,male,high,377.0,True,5,2,0,little,furniture/equipment,0,0
0.4811752854835135,0.8412484519273881,1.094397333521054,0.2678255279382459,2.144418187126888,6.079350572845862,99.81654496790148,55,male,very_low,257.0,True,4,2,0,quite rich,radio/TV,0,0
1.457384339523226,1.076298368226862,1.340530779965125,2.512146344418898,2.533756880189963,0.0764605932017021,7.085924381715562,23,male,high,478.0,True,2,3,1,quite rich,domestic appliances,1,0
1.389953962228644,1.001495115922518,0.5106077824722389,0.9095133525354427,0.1366046844274155,0.2793388535504429,4.119011031859232,58,male,medium,466.0,True,5,4,0,little,furniture/equipment,0,0
1.890959320035639,0.9177161254964292,0.9174215201139782,0.1763317657961732,0.8984574665640789,1.964219978611901,14.83403264001922,61,male,medium,444.0,False,5,4,0,moderate,furniture/equipment,0,0
0.4105490658768127,1.029376659390912,0.3928806331408773,0.1683587159665347,0.006533728035347317,0.9028016969259325,4.117318631585938,67,male,high,545.0,True,4,3,0,little,vacation/others,0,0
0.5176346148371934,1.200172660744867,0.40647334381808,4.35849043711293,7.794003832995207,2.108341646508935,16.31654051331192,83,male,medium,634.0,True,5,4,0,moderate,vacation/others,1,0
0.446624797013123,1.003775658535389,0.9944016557356494,2.043831847206964,0.7997285967353047,0.101433808637329,8.76534882269355,24,male,low,705.0,False,4,0,1,,repairs,0,0
1.329803069740296,1.259781146694132,0.6041209029956087,1.802878534119096,2.027504733024418,1.605561164390345,13.06334745673601,64,male,medium,867.0,True,5,2,0,moderate,furniture/equipment,1,0
1.12778455186853,1.101875340667374,0.5221270806666299,1.184645622254447,0.8340652371573227,0.3902073499558267,8.125930626748758,30,male,high,867.0,True,5,3,1,moderate,education,1,0
1.332117794797277,0.693675738594915,1.729722204765345,1.073515334899298,0.8278244098054285,1.350381712601603,3.236528272600775,85,male,medium,924.0,True,0,0,0,rich,repairs,0,0
1.037258381020968,0.9294538300397396,0.5230197366133884,0.9789825068115747,2.065764819069678,1.594528162764416,21.767900955028,72,female,medium,180.0,True,4,3,0,little,business,1,0
1.155802507362415,0.4761564335501103,1.356700026198674,0.8000826181550811,1.391604385305179,0.2570007795529175,2.417334002804883,71,male,high,,True,3,3,0,moderate,furniture/equipment,0,0
0.6855437035372194,0.9730354016465448,0.9013019731013354,0.7343375754262746,0.2169275095431349,0.2841558053247975,4.253999596624159,75,male,high,549.0,True,3,3,0,rich,vacation/others,0,0
2.109827146245284,1.188109233090707,1.351566051333328,0.2190720797186263,5.484594219720666,1.8140660941964,7.508423730531458,28,male,high,266.0,True,5,4,0,moderate,domestic appliances,1,0
1.015491193976649,1.282114833040295,0.2449075866042275,1.208630349388044,2.682793607596002,1.106793238946624,21.39260112622839,23,female,very_low,912.0,True,1,0,1,rich,repairs,1,0
1.372764608036791,0.5145507850804681,0.4720276937044756,0.8396875859070432,1.482867981631794,0.6376647411577774,2.448851130185441,63,male,high,671.0,False,5,3,0,moderate,furniture/equipment,0,0
0.8805435579520278,1.139339310751761,0.9600734346689298,0.3377163086525419,4.084984052947685,3.38848035443683,66.79732598785714,39,male,very_low,547.0,True,5,3,0,little,domestic appliances,0,0
1.2603318661666,0.7373656750037342,2.262224735947628,1.956013237659808,0.8984098664873568,2.94308723659943,4.90930627028454,34,male,very_low,213.0,True,5,1,0,quite rich,car,1,0
0.9438228162329706,0.9007696196057224,0.4411010850962996,1.199601822372009,0.08133118914598857,0.2350852683138141,12.41335109035537,28,male,high,817.0,True,5,3,1,little,domestic appliances,0,0
0.861991048206958,0.8342908054391017,1.419672003927596,0.8713091918466613,0.5519883784438241,1.449430698596518,6.162122329278236,58,male,medium,597.0,True,0,0,0,little,vacation/others,1,0
0.5178822962633588,1.527622566722741,1.497891431760024,3.586499187289635,0.5644288760048808,1.11854847648998,0.5256700477974352,25,male,medium,533.0,True,2,4,1,rich,car,0,0
1.700676043134573,1.280494409460807,0.3241180606476439,1.75965461638073,2.308914175497641,2.465912996996171,41.82842220899701,56,female,high,197.0,True,1,3,0,moderate,repairs,1,0
1.495293862695951,0.5633580896605197,0.7612388785199681,1.602096453176068,1.035921677165534,0.5544511964013848,2.323257657948404,70,male,low,527.0,,0,0,0,rich,business,1,0
0.6655142769274917,2.1603286518879,0.7573461044516632,0.7274731841190228,0.9493749904908428,2.043993622038588,18.62183007899867,59,female,high,659.0,True,5,3,0,moderate,business,0,0
0.9004778382774662,1.611793916884638,0.164065977439652,3.511543973616134,5.958107205899181,2.125276067481794,35.49095285537407,70,female,medium,275.0,True,3,3,0,little,radio/TV,1,0
0.7834526726797925,0.7551138845284636,0.7857794227897564,1.428913353344165,0.2087523503981876,0.1514263655639702,8.856931188208458,33,male,medium,897.0,False,4,3,1,quite rich,radio/TV,1,0
1.273339843721502,1.532828141049533,0.6900440570804426,0.9550051552481322,5.344951730902544,1.352746288397203,27.51320023379391,82,female,medium,320.0,True,2,3,0,little,radio/TV,0,0
0.6525533456666274,0.8271829104447866,0.5260945021416054,0.6874472343829646,0.1060253921586114,0.3428325822443837,2.311049715718313,28,male,medium,603.0,True,4,3,1,rich,repairs,0,0
1.509360806396625,0.940521816128406,0.699720979767362,0.2697452121598301,8.08431272320572,3.270490814361658,17.8915906410226,74,female,high,441.0,False,5,3,0,little,radio/TV,1,0
1.880490433682024,1.131363522309161,1.206227270095754,2.340890685571806,3.402887516420604,1.642852856874857,8.341093238927279,20,male,medium,700.0,False,0,0,1,little,business,1,0
1.032152111681588,1.208183392170529,0.481773252467772,2.072572802859773,2.029534136557992,2.378680636186019,16.71352208293151,63,male,medium,266.0,,0,0,0,,radio/TV,1,0
0.7465445600971444,1.921827843497425,1.708901848250219,2.006320516224882,1.27055764434602,0.8350302368294703,1.213791905044275,21,male,medium,336.0,True,4,2,0,quite rich,furniture/equipment,1,0
0.7191659502767291,0.7608311058204004,0.5926859057583885,1.584302723557747,2.938548018890833,1.330925922766505,12.09505528231501,44,male,high,643.0,True,5,1,0,moderate,radio/TV,1,0
3.247626929980499,1.922906198606889,1.3500055462012,1.581231973441618,1.75530806747828,0.1289635654328043,2.78152127348136,59,male,very_low,144.0,False,1,1,0,rich,repairs,0,0
1.815165959458799,0.9405946503400822,0.5202550403215985,1.202802852026583,1.35958198195753,4.653812076984139,32.58989605204518,84,female,high,557.0,True,4,4,0,moderate,radio/TV,1,0
4.352927343793513,1.086408762000955,1.16197080661727,0.6456093637022324,0.4633822829834357,2.449903137183631,13.79766201031986,46,male,high,869.0,True,5,4,0,rich,domestic appliances,1,1
1.270382935061771,0.8883770676012451,0.9470742664514971,4.261029628229864,2.312923415072057,1.785540411048421,5.998968075211968,20,male,high,804.0,False,5,3,1,,business,0,0
1.607586604030775,0.8326619929539859,0.3068608764733313,0.9190156806943596,0.02004822517366307,0.3372241335946863,16.75414233226689,58,male,high,821.0,True,3,2,0,,repairs,0,0
2.708024797976011,2.16653389371641,0.6746442785416713,0.205563676476484,0.3083561847798979,1.53104641769592,13.06829040709716,68,male,high,944.0,True,2,3,0,little,furniture/equipment,1,0
1.375685843572255,0.6543574821550494,1.112378829152318,0.1231515814155957,0.5076789768803666,2.784340532220079,57.19371419345762,55,male,medium,502.0,True,1,2,0,,car,1,0
1.05477945319973,0.4357685636912733,1.006917444657692,0.8304832113046537,0.6354780183185968,1.798106197791987,15.95875676113551,64,male,high,881.0,False,3,4,0,,car,1,0
0.8456876297877496,0.9785703291260303,1.580638508254501,0.7415457195404451,1.152084802493737,1.623583976462811,9.86944255382047,58,male,high,243.0,True,3,1,0,little,repairs,0,0
0.5045099157769174,0.8764322655683824,0.9222890770822347,0.6993141911103056,0.7921129321976061,0.4409850875351178,7.554277484248236,41,male,high,855.0,True,0,0,0,little,vacation/others,1,0
0.9689765605949743,1.515560606581146,1.317597954502349,0.64989465627218,2.030348104777485,0.419560659334004,3.759420236678521,18,male,high,739.0,True,5,1,1,rich,education,0,0
0.4890301269308043,1.370484731653559,1.237928347797103,0.5897573155281934,0.9255663184756163,2.342238784146208,15.21944503829661,21,male,high,524.0,True,5,3,1,,furniture/equipment,1,0
1.596094701850377,1.383163695320988,1.005423277917365,0.4928977670808888,1.755348361888968,0.6422931943101715,3.10744627943319,30,male,low,420.0,False,5,2,1,little,domestic appliances,0,0
0.7915590377258369,0.7961171490097213,0.3791016518333554,0.2439701098762508,0.4009769847488714,1.635392694745859,1.481267717481535,20,male,high,191.0,True,0,2,0,little,vacation/others,1,0
1.393354065394818,1.665897150911618,1.280942813602919,0.08817959660238159,8.597198309866474,3.462581616216872,1.382057024974902,45,male,high,763.0,False,0,0,0,,domestic appliances,1,0
2.48641540888418,0.9513388961276422,0.6039138357638335,3.326533161142081,8.446517653495016,0.2172191646370203,6.292859690889792,40,male,high,266.0,False,1,2,0,,repairs,1,0
1.096625679343636,0.6090824870203727,0.4934074189974265,2.776979544403573,3.064048512853887,3.808917058434982,29.39340300600854,58,female,medium,,True,3,3,0,little,car,0,0
1.099220947776266,1.010557176602195,0.3697573892018585,1.787874698469257,4.195613894228008,2.052105030003947,23.55923558614887,36,male,high,491.0,False,0,0,0,little,radio/TV,1,0
2.910871039093493,1.200124589625253,1.21758988965638,0.9870787044731303,1.403199249401132,2.328673661536154,18.11984658820302,71,female,medium,266.0,True,1,1,0,quite rich,furniture/equipment,1,0
4.124300322518032,0.7026560945984575,1.197301903770769,0.6152693521925632,0.01941697264052451,0.1528272657684886,17.28584958186974,71,female,high,899.0,False,5,4,0,little,business,1,0
0.4154149271027316,0.5438442904069566,0.3856326087561171,0.1809847336952316,0.07601549547497644,1.795537228679768,17.18801245052837,71,male,medium,247.0,True,5,1,0,little,car,1,0
1.453250612636429,1.067108282942727,1.028443864136645,0.9082025968628357,1.412420961453173,0.3309790275362852,4.001242446643273,68,male,high,471.0,False,5,3,0,moderate,education,0,0
1.776504358176425,1.793221620242372,0.8155944436061958,0.8852925793910973,2.375482558842983,0.9675005719263081,14.30607356477126,36,male,medium,907.0,True,5,1,0,little,domestic appliances,1,0
2.064524067638604,0.9252721625587776,1.126652142451646,0.7607282484616715,0.559075093462465,1.388642701219528,8.701190634145558,61,male,high,223.0,False,3,2,0,moderate,repairs,0,0
0.4459179095890362,1.302561847163987,0.2857196757447058,0.06601604579379206,0.7233968064425104,6.025730485600774,4.353330578757154,27,male,high,163.0,True,1,3,0,little,vacation/others,1,0
0.1749101730081154,0.9107013882008134,0.4035532406333999,0.02482552928387649,1.695352110850703,9.19586971488888,1.439934055449592,61,male,high,649.0,True,4,3,0,little,radio/TV,1,0
2.272466675220395,0.7650580649998242,0.1877442422453999,3.539415968464496,6.68014324121644,2.250141702810156,28.30546414363003,49,male,high,652.0,True,5,2,0,rich,business,1,0
0.7855671816894496,0.5588038416070178,1.013191479571391,2.559304156524416,1.821520426400675,0.08770899577898825,2.638494150365231,66,male,medium,739.0,False,5,4,0,,car,1,0
1.045028814261986,1.627312637545739,1.237832321599648,1.492837392288805,1.529639202443726,1.071949067452807,8.92296483002995,35,male,medium,608.0,False,1,3,0,,radio/TV,0,0
1.517650417734181,1.038717366485575,0.8875430855869599,0.6325575813481643,8.886963736819713,1.100908421218971,2.849222845067999,29,male,medium,498.0,True,3,2,1,little,furniture/equipment,0,0
1.064471644006976,0.9344569395872719,0.9160937219093166,0.6158560562687698,0.239765626117608,0.2930469924925801,2.058960918619555,75,male,very_low,808.0,False,3,3,0,moderate,radio/TV,0,0
1.824671325790076,0.9863317549047149,1.19115587908446,0.6150175043877717,1.868536618276417,2.20633738069956,27.4109325584349,18,female,high,275.0,True,4,4,0,,radio/TV,1,0
0.9362682564783703,0.6611822102475571,0.5712708596664121,0.5059985968152375,6.016158701202612,1.961023797878532,9.056900467565352,19,male,high,538.0,True,2,3,1,quite rich,car,0,0
0.9190716942652507,1.025245646320642,0.8289926554038922,1.795660812553634,0.4338331480592278,2.427835719327572,8.435831135936478,73,male,very_low,191.0,True,1,3,0,,radio/TV,1,0
0.7849841994765937,2.274438982059376,0.253188134917894,1.664507158303834,4.151507249530238,2.558389460937793,33.54289774969085,21,female,medium,699.0,True,3,3,1,little,vacation/others,1,0
0.8312508177810968,1.605489982214824,0.5697314627818967,1.34836449023886,1.052767170669038,2.216575228558482,14.9577177219537,70,male,high,132.0,True,1,2,0,little,domestic appliances,1,0
0.665015424043692,0.9915724966297705,1.279676858549949,0.9198014095311617,0.2682618929341223,0.1456546386992625,5.917931995978312,77,male,low,898.0,True,0,0,0,little,vacation/others,1,0
2.908781387116678,1.188579323560462,1.006449393216828,0.8710282487338844,1.478950776414644,2.512489044770231,23.56496023030365,58,female,high,772.0,True,4,3,0,little,radio/TV,1,0
0.8453466395083465,0.8313673921699104,2.338752471467647,0.594476868786164,0.4363052550038089,2.679044069968086,12.78580675659096,60,male,high,853.0,True,0,0,0,moderate,car,1,0
1.57237270646579,1.498302929964261,2.176231169470014,0.5109292530264355,0.7243454943152345,2.465291014340641,11.56730544962585,76,male,medium,751.0,True,1,0,0,little,furniture/equipment,0,0
1.222341309358509,1.169161342639024,1.699625806583236,0.4985292144902996,0.9095707062331503,0.3554241938592939,4.210521949278957,35,male,high,266.0,False,0,0,0,,repairs,1,0
1.406462563500002,0.6242296295347901,1.61861716655543,0.4803227057795134,0.5550557499480576,1.976054795046826,6.504898255500606,67,male,very_low,422.0,False,4,3,0,quite rich,radio/TV,1,0
1.038201354936752,0.9962864964416951,1.113475517934786,0.3275982454584038,0.729317860562787,0.616371277193819,1.506374676304239,63,male,medium,745.0,True,2,3,0,moderate,furniture/equipment,0,0
1.32958445765581,0.6242918578264205,0.5887206783143542,3.154091758501555,1.998868237480698,3.453722710008027,20.37843290328504,74,female,medium,640.0,True,5,2,0,moderate,domestic appliances,1,0
1.733244600780249,1.167242731783711,0.4000009203044803,1.377909600710716,8.118912283349536,2.05446916746027,48.71035250470379,66,female,high,757.0,True,2,2,0,little,furniture/equipment,1,0
1.748107173962228,1.800714027447228,0.7914226038057511,1.363959022771235,0.7186307531256525,1.878735706491251,10.44585631883261,66,male,very_low,841.0,True,3,2,0,moderate,education,0,0
1.272903000107211,1.004454608725472,1.487919626872075,0.2299385715784185,0.5510823625420368,0.5011859909077948,0.4584388066757412,31,male,high,257.0,True,0,0,0,quite rich,radio/TV,1,0
1.918788372597746,0.5627563082211026,0.961087334756097,2.348070845847903,2.945723114625184,2.743526625006615,10.53281538488765,78,male,high,336.0,False,3,3,0,rich,radio/TV,1,0
0.677067674869144,1.165656992972714,1.206447363647049,1.372496448296406,1.749238093699024,0.1463443246260474,1.255219512423594,51,male,low,459.0,True,3,2,0,rich,vacation/others,0,0
0.6085552753305981,1.230700888112354,1.246084200237471,0.8048025204927098,0.0197328936023978,0.07485789118179878,3.305815074734744,31,male,medium,186.0,True,1,3,0,,furniture/equipment,1,0
1.01963575361528,1.598933971793341,2.207175273582219,0.7832870542001009,0.7644780791354016,5.608300132335464,13.58310000237428,79,male,high,151.0,True,5,4,0,,car,0,0
1.827187355629909,1.259901747559231,1.43192637616396,0.6704536999939026,3.084198707917086,0.427257745603038,2.579729468043273,73,male,high,266.0,True,0,0,0,little,education,1,0
1.007975982678499,0.7382289991352016,0.9460505018828913,0.5566632424337818,0.3105803943075808,0.58687169429552,3.620146611245302,79,male,high,300.0,True,5,3,0,quite rich,education,1,0
1.238579283931597,0.9021220147252357,1.457167257667408,0.2070968339323896,0.4622843263085321,1.523271885148389,24.05438126696108,84,female,medium,735.0,True,5,2,0,little,radio/TV,0,0
0.6777107629999702,2.175885098162265,0.3978258363005298,4.245574793571354,2.793291791984215,1.283244210432204,6.552410813304289,57,male,very_low,667.0,True,5,2,0,moderate,education,0,0
0.2381832555815827,0.4415511238564964,0.1382674615294727,2.461346194262169,4.218593004430504,0.734090043799197,9.758006164170602,66,male,low,714.0,True,1,2,0,rich,car,1,0
1.050105417791008,1.130611800461057,0.6848725850203453,1.724967928148784,1.933928341347679,2.352175150955905,14.55123985441894,55,male,high,842.0,True,4,3,0,little,domestic appliances,1,0
0.5183455434966858,0.965847630766474,0.4989057136532054,0.204523928730804,4.53535172252752,4.313263692094482,21.82198080045293,31,female,medium,830.0,True,2,2,1,rich,radio/TV,0,0
1.613636030910018,0.7663190938106188,0.7770151434127192,3.715163013820855,2.686174305732052,6.02769571522595,29.53349793492898,40,male,medium,815.0,True,0,3,0,moderate,repairs,0,0
1.932552027776905,1.051202961626757,0.4699253469514904,0.9012283811503282,1.320826660421926,0.7079279686177821,8.420548324208891,69,male,very_low,596.0,True,5,4,0,quite rich,car,0,0
1.54434146346868,0.8760977781423495,0.7261331736988613,0.8019469109656777,0.00207700679457191,0.1054114410914821,12.81253298601757,78,male,medium,848.0,True,5,4,0,little,business,1,0
1.137360850456563,0.9447622648866484,0.4389720151933678,0.5479617872431215,7.371238307709934,1.886256656102,65.97996972132097,30,female,high,870.0,False,3,4,1,rich,car,0,0
0.6033029394956435,0.7953062818963075,0.4100122401336999,0.9597050836991378,2.196348351685141,1.476646635694164,33.53840987567953,72,female,high,860.0,True,5,1,0,quite rich,car,0,0
0.9948892791928707,1.44903309881603,0.6307160574075262,0.2975761735781406,1.19513136160945,1.61056419254698,8.030787101107325,26,male,high,929.0,False,5,3,1,moderate,business,0,0
0.5420648104838282,1.150440766836042,1.329329652507721,0.31743290920651,10.65188925647695,1.539400058620495,0.5108512265654765,64,male,high,456.0,True,2,1,0,little,business,0,1
0.7486954961497525,0.9041392524694837,0.343188842939709,1.772367507185606,6.911824838845877,0.9706101001040908,34.53534773805319,65,female,medium,504.0,True,5,2,0,moderate,vacation/others,0,0
1.251878443451465,0.5241520990892484,0.6375967347032591,1.337343314213197,0.03405544874304022,0.1083509323197663,7.474962460401768,33,male,high,510.0,False,5,3,1,little,car,1,0
1.371386360846359,1.440836028421757,0.6195032236834512,2.008506043660442,2.144666443397397,0.6059895285625582,5.400224110934086,54,male,very_low,678.0,False,5,3,0,little,radio/TV,1,0
1.598095376537865,0.4945615460432499,0.30043242615453,1.92246709365542,0.2805330601940411,0.2486510028950228,10.41617766847714,49,male,low,313.0,False,3,3,0,little,radio/TV,1,0
0.6555063766277179,1.400527335607402,1.653869092278142,1.507280903469782,0.007775892413330837,0.01475961149264515,2.984780936245425,26,male,high,275.0,True,5,2,0,moderate,repairs,1,0
0.6570415149637429,0.828700064806047,0.672355174309986,1.321155493128709,1.531746646585757,0.3812964430398972,6.984866856767917,79,male,medium,420.0,False,5,3,0,quite rich,domestic appliances,0,0
1.367947016158576,1.08341250912949,1.067414791205555,1.186371383993021,0.03615705445521899,0.07354793136728308,5.271813357963105,34,male,very_low,865.0,False,5,3,1,rich,radio/TV,0,0
0.7479703512489078,0.9425452908064116,1.019640682872566,0.7299123997587712,6.245304613546587,0.6925653676173893,4.232162819697524,29,male,very_low,665.0,True,3,3,1,moderate,car,1,0
0.1543438841972573,0.9610697510935217,1.704627599661896,2.6170672172381,0.01886442703998746,0.008607884428267243,6.699901740300113,50,male,high,801.0,False,2,2,0,little,radio/TV,0,0
1.149536277116623,0.4778522209857952,0.9692832588434207,1.086376406572292,0.9985424935017688,1.110720917324483,5.663407214393098,69,male,high,866.0,False,5,3,0,moderate,furniture/equipment,0,0
1.432440366595319,1.286611152796262,0.6676199099620063,0.7981143578478502,0.5114724509628342,2.023234384924529,21.04845421158913,67,female,medium,808.0,True,5,2,0,moderate,radio/TV,0,0
0.5555576315216103,0.7396845860395185,0.8719691540218772,0.503070745582749,2.814045761835034,0.7725968298958363,19.69762711205946,59,female,high,661.0,False,3,3,0,moderate,car,0,0
1.038051211251673,1.51108703506584,0.9536981576238331,1.243046499495779,1.379179838411215,1.359619335300572,15.75807743295769,19,male,high,138.0,False,5,3,0,quite rich,car,1,0
1.550109857586053,1.384998535721683,0.4936972321882196,1.094743828438585,0.8316094274552835,3.431664374878565,46.91480012499267,33,female,high,542.0,True,5,3,1,little,radio/TV,0,0
0.734020999951024,0.8824234404050172,0.5900959444473154,0.1496155817127312,0.2750677338163806,2.043797093166304,12.98088843199061,18,male,high,567.0,False,3,3,1,moderate,car,0,0
1.066280968755105,1.02893522291288,0.4342851760120671,5.489385532566833,2.406045159363906,2.825799823505983,10.44994220382506,55,male,very_low,766.0,True,0,0,0,moderate,education,1,0
1.093142135968545,0.78284462566175,0.5106371026870954,2.761845338062931,2.573125314975715,0.9536771173667044,7.358586929357309,44,male,medium,408.0,False,0,0,0,little,furniture/equipment,1,0
1.767329877323168,0.8381716587233802,0.8412292652430298,1.791808250871722,0.5100665250120476,0.109805399918579,4.246334585265268,85,male,high,659.0,True,0,0,0,moderate,radio/TV,0,0
2.556700994444761,0.9782485803698643,0.8442268492165248,0.06301700802197277,0.07646191500404816,1.799775071711382,4.799244769552474,72,male,high,786.0,True,5,2,0,little,car,0,0
1.776427204963368,0.4624131647819275,0.1534903594023686,1.976753141522896,3.578682614675045,1.644595920501012,29.44870276503082,25,female,high,151.0,True,5,4,0,little,radio/TV,0,0
0.8433460190635208,0.4460892207750008,0.3847376923733702,1.423207346470148,0.9277098791248736,4.197595510629584,23.24081625916606,85,female,high,328.0,False,5,4,0,,car,1,0
2.026999127039296,1.368156837553641,0.719659141466117,0.7484166138750937,0.3924855142495325,0.4494293932194308,13.8209971774342,53,male,medium,433.0,False,3,3,0,little,car,1,0
0.565095452377694,1.509123541671401,0.5125546167032908,0.2964088000596719,2.108089232810557,1.841082529406999,1.833449152940252,35,male,medium,943.0,True,4,2,0,rich,furniture/equipment,1,0
1.515436891007363,1.853515267387717,0.4364349036055039,2.885309634674473,0.2026921597485798,0.07176126313718582,6.338355839167117,22,male,medium,459.0,True,4,3,1,moderate,business,1,0
1.587498044679771,1.034965857173715,0.6442264730357801,0.6500544375113548,2.040301929395515,3.669385574254142,50.5382438656094,84,female,medium,905.0,True,5,3,0,little,repairs,1,0
3.177600373123029,0.9650951483466813,0.6688446664318478,0.5791395202079543,0.3785434758768654,2.383426899849294,16.14374252212269,82,female,low,436.0,True,0,1,0,quite rich,repairs,0,0
0.3427063473285004,0.5170294257431984,1.058300953275145,0.4840688470206703,6.655053397612813,1.060218691714816,3.46483364135402,61,male,high,266.0,,0,0,0,,car,1,0
0.2566211078439521,1.017413069150945,0.6725909203747403,0.1494146409011677,0.4904662846000198,2.159974502532285,14.77108209032762,33,male,high,547.0,True,5,3,1,moderate,car,1,0
1.450348376410314,1.08673660380461,0.3776674059528722,3.593196525144331,3.199241947848583,1.738031639917206,18.5475809631164,43,male,high,700.0,True,5,3,0,rich,furniture/equipment,0,0
1.010173669716363,1.675977368013357,0.84072043305303,1.907649240218956,3.943399228524829,0.203594787154752,1.314159793078361,34,male,medium,420.0,False,5,4,1,quite rich,furniture/equipment,1,0
0.63330482188691,1.178808372481529,0.5829448396927047,1.55206363595775,2.853602846410343,1.277476246476061,15.3458067205435,73,male,high,247.0,False,2,3,0,little,business,1,0
0.4623423461670386,0.4738503233309277,0.6143314836013946,1.434761434051352,1.705694093051329,3.547329507907669,33.2649218931553,33,female,high,833.0,False,5,3,1,rich,vacation/others,0,0
0.651765204087114,1.277066880063447,0.7451210152393559,1.175380890520474,1.229537000507684,1.298378766975042,5.668891831767986,61,male,medium,238.0,True,4,3,0,quite rich,education,1,0
0.7344883670073944,0.8581283168826179,0.5517000174896699,1.09389638668561,0.6797045421235501,0.7556713850723435,3.155929863742192,19,male,medium,339.0,True,5,4,0,little,education,0,0
0.2791025646056672,1.336019468010779,0.8917152725322394,0.673620545821497,0.6717726150024597,1.907737222677928,11.50443959416482,42,male,high,493.0,False,2,4,0,rich,business,1,0
0.6626406106214775,1.17790070070537,2.063883144312874,0.3015708033789353,0.8684534851082795,1.337319476098499,15.91539801393395,33,male,high,768.0,True,5,2,1,quite rich,business,1,0
1.759154214744148,0.8370142662427362,0.5409391944694436,0.2151375099743507,0.1705868658696124,1.249749110918701,3.547828723940748,31,male,high,766.0,True,1,3,1,,vacation/others,1,0
2.382410602460669,0.7083016934309215,0.3376703339342486,1.820167360305632,0.8764520320950213,3.041810491163273,22.61547273798844,46,male,high,300.0,True,0,0,0,moderate,domestic appliances,1,0
2.04134512232728,0.434928494757732,0.4489806176372208,1.637661770803525,1.959832022283451,2.153921398474909,18.03552641807429,51,male,medium,452.0,False,5,3,0,,vacation/others,1,0
0.7430962834665542,1.448708577042203,0.9068972092068474,0.7839412098775747,0.04744668474079518,0.1859875157911963,17.12869620990424,35,male,medium,793.0,True,2,5,0,quite rich,business,1,0
0.5175789081409926,1.798601088563294,0.5304648662717296,0.777101369515899,1.822487545803686,1.653822405957484,20.99231514626907,83,female,high,745.0,False,0,0,0,little,radio/TV,0,0
1.418145885271509,2.101195028611788,1.519935790415582,0.3689420253642427,0.9133761615102995,1.255300703461703,22.28634463789311,32,female,high,525.0,True,5,3,1,moderate,radio/TV,1,0
0.7239814422582254,1.681350124643521,0.2194776717327741,4.79681862176012,4.702534015844289,1.578944101097228,22.95553973357703,84,female,medium,350.0,False,3,3,0,little,car,1,0
2.839927948598847,0.6149052804846085,1.484338433366061,2.199858026826216,2.000191605852085,1.769607808776255,4.49431803201181,82,male,medium,864.0,True,4,3,0,quite rich,vacation/others,0,0
1.111516437235984,2.187072994403767,0.384522999370968,2.003547733202651,1.03399628591445,4.424734931228032,23.84500480687224,75,female,high,377.0,False,0,0,0,moderate,business,0,0
1.243880184637882,0.5293064830585534,0.9693260401080156,1.746682460118461,1.057095593012789,0.6198925458423329,2.604499907806981,23,male,high,191.0,False,5,3,0,,radio/TV,1,0
0.7254913728589515,1.056522109322377,0.8764817176209472,1.447447851241446,2.373258103723038,1.634004451242483,14.16558154675234,53,male,high,720.0,False,5,3,0,rich,radio/TV,0,0
0.3533405609904458,1.833185493189958,1.339557591163656,1.124843416632623,2.0480139847248,0.2192648137302738,3.439676315706378,64,male,very_low,738.0,True,5,3,0,little,car,1,0
1.06101053747932,1.101547669641677,0.7365255241764712,0.9718381758063847,0.03030976595505933,0.1432133491292825,12.20706483713042,63,male,high,612.0,True,3,3,0,moderate,vacation/others,1,0
1.189221096029099,0.9690187327547976,0.6668986101804044,0.9155257129899812,1.35376560533219,0.3829446798330719,5.132894485846426,69,male,very_low,411.0,True,5,3,0,rich,car,1,0
0.5176996729449662,0.4380557038274695,0.905170199273358,0.4150026869313347,0.5912753703553719,0.5541585318318406,1.25327180728834,52,male,high,266.0,True,4,1,0,little,furniture/equipment,1,0
1.623530062262257,0.92100888997288,1.417794561269756,0.3968950297117789,9.962426661541631,1.392763509633874,11.34641524627839,73,male,very_low,916.0,True,1,2,0,,furniture/equipment,1,0
1.462927671869976,0.6618425153065063,0.3861906743899124,0.1919736027333059,0.4429446510768682,2.090179193489698,1.810507830132029,67,male,medium,119.0,False,0,0,0,,car,1,0
1.269039439724558,0.659036562328438,0.7008021750544432,4.615146097177178,1.459058135602355,3.42813707856389,7.094975612534089,18,male,medium,191.0,False,0,0,0,,radio/TV,0,0
2.363383232511227,1.388022241159292,0.7257563746407006,0.541782868259318,0.3786343087247394,0.6099602603706709,13.10246255885886,49,male,high,238.0,False,5,4,0,little,radio/TV,1,0
1.295057529457537,0.8194245080830588,0.3660957640445248,2.545313140683959,5.132006565176521,3.828148338450305,37.22266253163029,72,female,high,516.0,True,4,1,0,little,car,0,0
1.151712957505388,0.8050015722792664,1.551309963320105,1.507196480077712,1.639966060116291,2.47573184661498,8.632588309002868,23,male,high,567.0,True,1,2,1,rich,car,0,0
0.5732654204351886,0.7556433183549812,0.8332220392543579,1.125113661934574,1.71502977889215,3.989382755913403,32.68850884242105,64,female,high,616.0,True,4,3,0,,vacation/others,0,0
2.288688093754948,0.5566834795812374,0.4865282259170365,1.111102468569219,2.964482340575065,2.393173374866334,26.67019457460192,65,female,low,223.0,False,0,0,0,moderate,radio/TV,0,0
0.8345354169727242,0.7924073310351522,0.6820203961512749,0.5095456325682707,0.1438760922730044,0.5428483727016946,10.9863892088749,24,male,very_low,914.0,True,5,3,1,quite rich,radio/TV,0,0
1.133299165534018,1.942587503152987,0.2601027948070605,0.0121242629343977,0.2247225712652109,9.134306031975523,0.5780718064773398,52,male,medium,228.0,True,5,3,0,quite rich,furniture/equipment,1,0
0.5717829765291623,1.770588838862398,0.9497623989651209,3.782737798813065,0.007026831758363442,0.006980872854178977,8.403764964322013,60,male,medium,296.0,True,1,1,0,moderate,car,1,0
0.4032763063749881,0.9584689607370419,0.4595529963672219,1.614193775290699,2.033903030187879,1.791099642468556,25.32026097177441,20,female,medium,266.0,,0,0,0,quite rich,domestic appliances,1,0
1.256371117417706,0.6896988848552219,0.6238931075565586,1.515889937848541,3.368153764446637,2.70719347475348,22.73911759233441,56,female,low,574.0,True,4,3,0,little,furniture/equipment,1,0
1.405789655763442,0.9376875158312741,0.7622173117506567,0.5299091608105164,0.4939890414511822,0.1478267747371531,1.921500300564238,42,male,very_low,723.0,True,5,3,0,,vacation/others,1,0
0.613786730961358,0.9533674635443364,0.1811894915347509,4.944460358751032,12.71678944944535,1.736780837344277,43.78881691489772,25,female,high,786.0,False,5,3,1,rich,radio/TV,0,0
1.157030736686809,1.006663856236405,0.8662692221840191,1.387481459962221,1.153525011430627,0.2538177836597463,15.45945227501685,36,male,high,757.0,False,0,0,0,moderate,furniture/equipment,1,0
1.163062933863499,1.673966760887144,0.9229198590695098,1.152986699169451,0.9592307179962399,2.001227725037857,11.22860618246012,42,male,high,557.0,False,4,3,0,quite rich,education,1,0
0.5911511910418548,2.014127212376754,1.102709252839519,0.90940554210868,1.423959268911917,1.760454540340683,12.13861947888941,57,male,medium,698.0,True,5,3,0,,vacation/others,1,0
1.040025831256574,1.378039348342876,0.9239207726588676,0.2768740109028445,2.090791226506191,1.121642839774821,0.5791929101959239,47,male,high,126.0,False,0,4,0,rich,furniture/equipment,1,0
0.462869111285659,0.9632848011766334,1.156900213748872,0.1792085887144895,0.1083175813724902,0.6922714046600256,5.470756713977094,50,male,medium,871.0,True,5,3,0,rich,repairs,1,0
1.54357632325706,1.126002916067008,0.4802141878405024,9.70602683240586,5.184016695134626,6.155320524194064,18.10215197640039,41,male,low,859.0,True,5,3,0,,radio/TV,1,0
1.437301786527476,0.7364525542665762,0.753052861277002,0.9001822495593594,1.146159585390265,0.7664448086701321,10.58876173907489,68,male,medium,761.0,False,2,2,0,quite rich,domestic appliances,0,0
0.7136561666407596,1.609540586800909,2.66106009453821,0.5303852554459463,0.2520873744819862,0.495863419188014,0.4170680590538672,71,male,medium,498.0,True,4,3,0,little,radio/TV,1,0
1.118674177971405,1.931050099773576,0.7869579713894762,0.3188373024478512,0.02518884510797065,0.3783184086205219,4.418233457057127,41,male,high,529.0,True,5,2,0,moderate,education,0,0
1.937610261908578,1.033999409359724,2.590006065460694,0.1549622712609691,2.730457075449103,2.308240867246354,27.46779726782145,25,female,medium,877.0,True,2,4,1,little,domestic appliances,1,0
0.8475876761851082,0.4257237744429791,0.8494525263793439,0.4205718343799225,2.582689500242928,2.693874017177713,4.074568532179575,70,male,high,803.0,True,4,0,0,little,business,1,1
1.320222414017483,1.533896825076908,0.5355087403905896,1.124006419459874,0.4874761880277489,0.3904068088827696,13.94364949441445,68,male,medium,745.0,True,2,3,0,rich,business,1,0
1.230045259789164,1.166691132740862,0.6611595736555076,0.4278962318655656,0.6972090228451469,0.9592378775470031,10.11092264815059,41,male,high,744.0,True,5,2,0,rich,education,1,0
0.4256379374443401,1.230710661125635,0.8610335281860529,0.1934673900992321,0.31057941968421,0.9699799979171873,1.902043770005078,29,male,very_low,485.0,True,0,0,1,quite rich,car,1,0
0.6157803688576269,1.521285120736643,1.044534306458822,0.8131596448001099,0.6179497795031463,1.733199502019387,4.152933665967192,51,male,high,361.0,True,1,2,0,,business,0,1
0.8504143323423794,0.8697041529065415,0.3488723173323599,1.523693145377181,5.478073392726136,2.012690243742829,41.41996898947123,47,male,low,339.0,True,4,3,0,,furniture/equipment,0,0
1.794317785975842,0.8506763867205975,0.7666881910007002,0.9042527433413033,3.128073462940283,1.577247047928198,29.60885688837504,82,female,medium,872.0,False,3,2,0,little,education,0,0
1.165430136896485,0.4652902072469995,0.7206586997493769,0.5665306592474599,4.296045580638933,1.255611347448097,5.832990261347254,52,male,high,832.0,True,3,3,0,moderate,business,1,0
0.6459388579343689,1.182616985773888,1.218899028170438,0.4145979005532113,0.9421363239115429,0.6345372259876124,10.27591440896459,49,male,high,313.0,False,4,1,0,little,car,1,0
2.407748578495186,1.572032572795939,1.009247667885833,2.949346757411695,1.6991212501933,5.339631877665612,19.64376798610126,48,male,low,889.0,True,2,3,0,little,radio/TV,0,0
0.86698556293857,1.857302827820446,0.7107391081849245,0.5352043284005017,3.695609673476769,1.059058689174896,4.234742673981327,64,male,very_low,414.0,True,4,3,0,moderate,radio/TV,0,0
0.1927472949682438,2.44657612395787,1.657966691974031,4.177863597209143,0.328262755790603,0.01104706274905808,11.22985290244138,26,male,medium,687.0,True,4,2,1,rich,car,0,0
1.212760372830959,1.061245449026247,0.9451150926060062,3.018200946854486,2.26003791287087,3.591469307602835,9.912236052306566,59,male,medium,946.0,True,4,1,0,,vacation/others,1,0
1.128795037800544,0.8103599429735663,0.4477292949164584,1.363563888238099,0.4551110524662014,0.3620561845054109,16.5654202153809,69,male,high,650.0,False,5,3,0,quite rich,car,1,0
0.8698839749413603,1.522491878399386,0.5180192906990306,0.4982972661452803,0.7089720371999787,1.019976973490908,11.57652302108583,82,male,very_low,616.0,True,0,2,0,rich,car,1,0
1.844916000534275,1.038439354714745,0.5344042269173096,3.177044750559313,2.367466292305444,2.241845270418138,8.280193752047095,19,male,very_low,557.0,False,2,2,1,rich,business,1,0
0.6734965204817752,0.7971247282816204,0.34100525947967,3.154808159089493,5.170068993308253,0.4367786743482421,6.7168754788353,61,male,high,266.0,True,4,3,0,little,furniture/equipment,0,0
0.6689689924003411,0.6707790189970755,0.7746848028366123,2.221704850205851,0.8951695983560303,3.82957616498688,16.14742796992543,55,male,medium,393.0,True,3,3,0,,furniture/equipment,0,0
0.8420182045682886,2.090887654253884,0.471564951412895,1.625479723406431,0.1280037448345711,0.1579158972211777,7.255037643906789,56,male,very_low,405.0,True,0,0,0,little,vacation/others,0,0
0.522145794144974,0.8872910399245629,0.5700213871991989,1.224801337733249,2.808104551987881,0.4884738438625553,4.907398902791914,83,male,high,877.0,True,0,0,0,little,business,1,0
1.48774374616039,1.210286583699231,0.7752041652708447,1.215169005936264,0.9227965964751587,0.9690956325580394,5.37498824193867,27,male,high,706.0,True,5,3,1,quite rich,car,1,0
0.568569959457353,1.433843147680072,0.7935068255768445,1.094042239449836,1.604514653318998,0.3579386589941151,4.745572615985695,74,male,medium,540.0,True,3,3,0,rich,car,1,0
1.664241710109461,0.9923080041406991,0.4707986002024017,0.9623665992952798,2.919322551687924,1.016072613165146,17.69862380825401,79,female,low,580.0,True,5,3,0,moderate,radio/TV,0,0
1.251108307371814,1.552561618248341,1.210773478717275,2.065953507460972,0.732890439569531,2.44403828610033,6.409707824101545,50,male,high,186.0,True,1,2,0,,car,0,0
0.4344181413511198,0.5049460683756003,0.8239536371487606,1.566137553406556,2.158442356778368,0.2995622257176106,20.6774196635273,50,male,high,288.0,True,0,0,0,quite rich,business,1,0
1.906322211415556,0.6007172018052517,1.225329147614981,1.171742878161117,4.234791671804954,0.2761296631856889,1.558804692560622,55,male,medium,485.0,,0,3,0,little,domestic appliances,1,0
0.8309558433592754,0.8197591784793348,0.4119311802887436,1.097725627355037,0.0737636516099428,0.2430256985265817,2.554665513358518,49,male,high,524.0,True,5,2,0,moderate,education,1,0
0.5571185316393217,0.7696137046685477,1.257780912942578,1.061421810567429,1.73352144495035,0.6536002312803428,5.251723432590174,72,male,high,300.0,True,1,3,0,little,business,1,0
0.7108164275357777,0.7596468330626722,0.927585125428347,0.7878204986361095,1.915628801382989,0.45652028438,2.127274915483766,59,male,high,925.0,True,1,1,0,,radio/TV,0,0
0.9046135862157139,0.7855276081264488,0.341508754758569,0.5692422047341438,0.7015655630006281,0.8445784459975374,15.18498208848164,24,male,high,917.0,False,2,3,1,rich,vacation/others,1,0
0.2984546622139929,0.9445258106364238,0.556797121903597,0.2620580524652851,0.7367426727730939,0.7343561742050714,23.49460781571492,47,male,very_low,512.0,True,1,3,0,moderate,vacation/others,0,0
0.7581041165877532,0.8024924281791208,0.5658494659188309,0.1608899952017934,1.407753732536541,2.611323841418083,3.415790115697257,71,male,medium,360.0,True,0,0,0,moderate,repairs,0,0
1.27897776895837,1.308035398192893,0.5198545775075742,2.290414755257304,0.210833192922075,0.1262004452198396,17.75497974594592,44,male,high,552.0,True,0,0,0,quite rich,domestic appliances,1,0
0.06606592674612739,1.309952001379049,0.8285584589496602,1.132283732091453,0.8460329055034546,1.365817275823124,9.630503773333714,33,male,high,603.0,True,5,4,1,little,vacation/others,1,0
0.9008431512596574,0.4456093273047592,0.8430194283253833,1.089818766798528,4.581524992891661,0.634666905377507,17.45239943755442,18,male,medium,626.0,True,3,1,1,quite rich,vacation/others,1,0
0.4959170552708651,0.8955266650723772,0.628117082312565,0.9258738396244153,1.332197251834242,0.5418767726821131,8.048189428242903,27,male,very_low,801.0,True,0,2,1,little,business,1,0
1.39132292745223,1.265326955572633,0.9233810394701125,0.05929420322612784,9.704380667856555,7.481455019888316,13.20283578299788,18,male,high,947.0,True,5,3,1,moderate,car,1,0
1.036240919063371,0.4920640048941047,0.1335225768609528,6.484598826385419,7.691574870055389,2.672187520018238,35.85784666404389,21,female,medium,266.0,False,0,0,0,,car,1,0
0.7893582724160496,0.9032946961496297,0.4617007843108907,3.60731522342637,5.331113315181026,2.848753999711111,25.79521651100887,64,female,high,284.0,True,0,0,0,little,furniture/equipment,1,0
0.8155287031613748,1.100622400305676,0.937951096277944,3.167017314923404,2.158185428854224,1.700288757141656,7.261839849198974,61,male,medium,266.0,True,2,4,0,quite rich,radio/TV,1,0
1.450173627813103,1.477706561911516,0.4180414211002479,1.471593000964275,3.439500813148224,0.5513645040497394,4.603463095500709,44,male,medium,266.0,False,3,3,0,little,repairs,1,0
0.8839154776074879,0.995604763418448,1.106703993838529,0.8015686607450108,1.605026992190147,2.030711365129038,18.60555003186584,67,female,low,168.0,False,3,4,0,moderate,business,1,0
1.943906750307795,1.222733985701955,1.197006845204781,0.4241947098364135,0.6746396337548418,0.7023796378021886,2.452313190280369,53,male,high,794.0,False,2,2,0,rich,vacation/others,0,1
2.256711736534353,1.492049408235623,0.7410085199897544,2.496386603666251,2.368928863615103,1.221597753434967,3.627208697177148,46,male,high,354.0,True,4,3,0,rich,domestic appliances,1,0
1.097778419982888,0.858242745444472,1.134555349033491,1.597556485274439,0.6846021169926976,1.997759818689241,6.902281470556782,83,male,high,296.0,True,5,3,0,quite rich,business,1,0
0.7576847225178047,0.8325864167869103,1.253593369381574,0.742761704998552,2.603612352092203,0.4179572900454509,4.588181099374419,40,male,high,790.0,True,5,3,0,little,car,1,0
1.270117426303412,1.153385102331681,0.4214896453438277,0.3135915775273009,0.3444205751031607,1.48871029759343,10.35177999454643,19,male,high,702.0,False,3,3,1,rich,domestic appliances,1,0
1.312952085354149,2.251105293560152,0.5047572257933145,0.04840986993016859,1.688822849446407,5.731659769697792,2.285471073450419,42,male,high,803.0,False,0,3,0,rich,education,1,0
0.6864561310314075,1.324582864990896,0.3672386455888372,2.394456282585248,3.782101818879978,2.5216909174692,24.48233520448241,66,female,high,,True,2,3,0,moderate,furniture/equipment,1,0
0.5339345870364621,1.50043237018395,0.5750181908405153,1.885939799357998,0.781292811533803,1.416053086316565,6.499862802292537,38,male,high,837.0,True,1,4,0,moderate,radio/TV,1,0
0.8061689006517243,1.33313842853501,0.6353692843316557,0.2276547155471199,2.176886601960427,0.9788612875471573,36.39083941993426,32,female,low,726.0,True,5,3,1,moderate,repairs,1,0
1.885388089178706,0.8454024187458543,0.7970230381322793,0.1755076927018359,1.075557083156264,1.736497894707879,2.256261301110499,67,male,low,603.0,True,5,2,0,little,business,1,0
0.4819912123623148,0.576583813987694,2.115996925976328,1.100136550918227,0.4864119507722794,7.32042482810775,13.43525518729441,40,male,low,243.0,False,4,3,0,moderate,furniture/equipment,1,1
2.257185083294172,1.52528335118023,0.8700681326244998,2.094877178749718,1.558287463192094,0.1531537917615667,6.174809749918996,62,male,high,663.0,True,5,3,0,moderate,vacation/others,0,0
1.430640132753921,2.52004350471435,0.772389717398286,1.659299289979315,1.211725122584294,0.2035762955320845,11.75326529423019,22,male,high,831.0,False,4,2,1,moderate,radio/TV,1,0
0.7868406958516653,1.651916226467086,0.6059261512181132,1.038640919440577,0.8960672743983891,0.4432847643033254,12.11953486873405,27,male,medium,168.0,True,1,1,0,little,radio/TV,0,0
0.7411526361002233,0.7471392751210705,0.4374305657999957,0.4222728734866526,0.1798770098437623,1.014790555941996,15.19176264101229,18,male,very_low,305.0,True,5,3,0,,vacation/others,0,0
1.188051982540569,0.7394172195093207,0.6333485862624835,0.1598023367810319,0.0004856594814090384,0.4296341264785129,5.606813504051376,38,male,high,339.0,True,2,2,0,moderate,radio/TV,1,0
0.8242896857272646,1.088734225753266,0.2970233071640858,4.675764203717879,4.78427847373217,1.440631672974749,18.19524135974765,47,male,high,266.0,True,5,3,0,little,repairs,1,0
0.4685977069082466,0.5789174533171436,0.5101659963654254,1.793949568074957,3.114701588213113,1.817943541651457,24.92564597392164,82,female,medium,218.0,True,5,3,0,quite rich,car,1,0
0.7175119264497329,1.174212565154361,0.7974169962766461,0.7244588201709247,0.1801863572705836,0.2429057229421394,3.001025109736873,18,male,very_low,870.0,True,5,4,1,rich,radio/TV,1,0
1.90261061082519,0.4001900552744908,2.340137213566027,0.5568336187694041,0.4864304843342763,1.569351396046828,5.821763683451476,69,male,medium,266.0,,0,0,0,quite rich,business,1,0
1.344761620696759,1.723595182377619,0.839688184749536,4.543910181328707,0.8373665118650355,3.930617778698015,10.06955421021841,51,male,very_low,938.0,True,0,0,0,moderate,radio/TV,1,0
0.6905803380751958,1.430701340882462,0.4575868388637556,3.916591074928447,3.056408879256674,0.9226104397585949,7.186370148662214,55,male,high,882.0,True,5,2,0,quite rich,car,0,0
1.950890869701813,1.830680512655512,0.6971142901369315,2.371497751808182,0.584580437450184,0.1031574329366363,6.351048013888843,43,male,high,727.0,True,0,2,0,,domestic appliances,0,0
0.7606042097629709,2.201486738264284,0.1990212365905326,2.313561359598053,11.93290405656789,1.126598627047242,36.14569635808327,73,female,high,892.0,True,1,0,0,moderate,furniture/equipment,1,0
0.8236094600841698,0.5793046625681996,0.5240702201127222,0.2785530528317166,0.4710097015222238,1.625883759748964,15.78171542742565,84,male,medium,817.0,False,5,3,0,quite rich,car,1,0
1.013194167874286,0.8995794109450728,0.6780033717828565,8.258686629845712,8.304796356978885,0.04017492931284432,13.8382530104901,75,male,medium,157.0,False,4,3,0,,education,0,0
1.000224499585639,1.510659958833456,0.2233070629002192,0.882500459978044,0.1666445319472432,0.6563129516652276,7.921303744837386,85,male,high,328.0,False,0,0,0,moderate,car,1,0
2.439383396567487,0.8435214791420588,0.3024615477454404,0.09914018432189001,0.1327699841613794,3.219484347687882,7.42436340723435,37,male,high,884.0,True,5,3,0,moderate,radio/TV,1,0
2.912487504617047,1.031159428031165,0.8103111523424699,0.07888453934050961,0.065521529627411,1.567371361944448,5.232822054589362,30,male,medium,425.0,False,3,3,1,rich,repairs,1,0
1.247061199417718,0.7128598446644046,0.8036647255015698,2.043955022539225,3.577088073443717,3.453143013023695,25.06276252378504,39,male,high,864.0,True,5,3,0,,vacation/others,0,0
1.81541064249552,2.303309785070691,0.7566724283133396,0.7910916556731821,3.944601471517239,2.944001022114458,23.69363469490328,64,female,medium,266.0,True,0,0,0,rich,vacation/others,1,0
0.3354668483301797,0.5415785306891516,0.6633655334096269,0.6145885863329571,0.559325607826172,0.2133515306041821,1.039050103902706,19,male,medium,545.0,True,1,3,1,little,education,0,0
0.7104970886594517,0.823274554598797,1.124278036155098,0.5723793474180112,0.06520083461928257,0.1968567807031768,5.054952666022752,50,male,high,320.0,False,3,3,0,little,car,1,0
2.410343714573257,0.8276972611807043,0.4885293284281143,0.5638884401163423,0.1215347123592349,0.5936319656014021,12.06233279055541,39,male,high,197.0,False,0,0,0,little,car,0,0
3.136521004099733,0.637379934786569,1.091746440986577,0.1340318257067188,1.101748153436025,1.63213309044715,2.566290853938944,64,male,high,364.0,True,5,3,0,little,car,1,0
0.5530744405144742,0.6669315341650066,0.9762213114224709,0.7972434813573223,0.2653236259352266,4.585350641045977,12.33680309640126,44,male,medium,905.0,False,5,3,0,moderate,car,1,1
1.164153392829957,0.8807633142836135,1.21513932053514,2.769504302149763,1.207615833262105,2.031868404223816,6.425018678101172,38,male,medium,703.0,True,5,3,0,,repairs,0,0
0.3958519372898408,0.9172712677005328,0.3142972336175876,2.212238831107431,3.142314419248953,3.183360481233304,28.91949592369473,38,male,medium,695.0,True,3,3,0,quite rich,radio/TV,1,0
0.6072648732948457,0.5377843256819868,0.5784511337867374,1.909200055873031,2.391860847698851,3.492846850926741,25.16620904498809,30,female,high,417.0,False,5,2,1,,repairs,1,0
1.190408271756219,0.9717170259939588,0.7920011968648628,0.6767847022798866,1.690469132214712,0.8820166214311947,10.89676007895351,31,male,high,715.0,True,5,1,1,little,radio/TV,0,0
1.310136916780687,1.508216804650274,0.6405219377920559,0.4394440376373841,0.007908808326558107,0.2814892302358782,4.952521273555109,61,male,medium,266.0,False,5,3,0,quite rich,radio/TV,1,0
0.8805774500068742,0.7563054950128678,0.5699905078296433,0.3708202250275077,0.3238219699896483,1.044659284639042,15.36441114327728,39,male,high,661.0,True,3,3,0,moderate,car,0,0
1.587475675981923,1.50028832037631,0.6861658395599656,0.3701919401938062,1.72320084114479,1.208878410489558,2.096176427705505,77,male,high,814.0,True,1,3,0,quite rich,repairs,1,0
1.924935844329773,0.8933159506126696,1.656798880543286,0.3551566655583463,1.218736726526701,2.078016670641599,15.50253506501221,38,male,high,,True,5,3,0,little,education,1,0
0.7105404270127924,1.18789195054039,0.2341961719356648,2.236056070645988,7.02447251442484,3.049312945223897,68.83772183228025,36,male,medium,978.0,True,4,3,0,rich,car,1,0
0.3146049760712665,0.4959897815369403,0.2406290353401637,0.8338257007196126,0.8624492675445664,1.152491189491155,8.911850191211844,49,male,medium,174.0,False,5,3,0,little,repairs,1,0
3.412096126511745,0.9942974205922417,0.7540126795926407,0.6643485281951356,0.6976925539006139,0.5588057766024366,4.163840352364545,75,male,high,157.0,True,4,3,0,moderate,business,1,0
0.6707501590150541,0.5997745901117709,0.6106341284894725,0.4542695229731665,0.3891460516245816,0.8323774687887866,14.28339417976607,47,male,high,885.0,True,3,2,0,moderate,domestic appliances,1,0
1.462357666294477,2.215487387688515,0.6786461861467173,0.2076954377899636,0.0283818619530818,0.897101410379227,13.10654241049316,84,male,high,270.0,True,3,3,0,,education,1,0
0.9420266323175672,1.174811712148218,0.4585964031764465,4.19565491950802,8.613678482360339,0.6885211174792603,3.095090573512556,46,male,high,313.0,False,5,3,0,moderate,repairs,1,0
0.782069150194697,0.9452666600155757,0.8227082108911219,0.8392572460971868,3.588984276488237,0.8507936045310015,15.0071194679228,32,male,medium,728.0,True,5,3,1,,education,0,0
0.8452711272542149,1.394800810559029,2.801289984732607,0.7571665306015012,6.525983732847533,0.1868099122085249,0.9585655435342517,69,male,medium,962.0,True,5,3,0,,education,1,0
1.016485788577419,0.6452892262251256,0.4033314524439352,0.6137764794767706,0.06795966897782524,0.5444681495862697,10.92164527679346,75,male,medium,675.0,False,0,0,0,quite rich,car,1,0
0.8201367387850136,0.6927732576277849,1.195754026498111,0.4765498428453728,1.219182079159066,2.327839279430703,25.87581428541796,21,female,low,354.0,True,1,2,0,little,vacation/others,1,0
0.6857158876374669,1.408713402149645,0.1669817495114906,0.07572760201505725,7.9729595684843e-06,1.174029300363105,4.327564772142853,42,male,high,933.0,True,5,3,0,,radio/TV,1,0
1.10078973290347,0.4860301884065787,0.5860552378318821,1.065649879656719,0.01298594217101033,0.1105697353489574,4.423108278188137,37,male,medium,228.0,True,1,1,0,moderate,car,1,0
0.4194829708361237,0.9551988646216794,0.522558764602338,1.060925475960251,2.939085653149554,3.228396894211579,80.29835455256618,74,female,very_low,843.0,True,4,1,0,little,car,1,0
1.327676781433451,0.7810665147774282,1.169908936429558,0.7012739737928353,0.5069725257876307,1.196822663666135,6.889784915098391,54,male,high,266.0,True,5,4,0,moderate,car,0,0
1.340482673113918,0.6303762919404252,1.294601497981001,0.4915177707720187,1.153714390201288,0.9434697746036819,7.93883156848071,71,male,high,904.0,True,0,0,0,,business,1,0
1.31692513396432,0.7456896565344385,0.2446272431885423,1.105184044291533,2.43612917213111,0.9923134611910105,3.567299937018509,38,male,high,367.0,True,5,2,0,,furniture/equipment,0,0
1.343438359675651,1.269938810432873,0.3402141678391081,0.641863348908647,0.193625789494627,0.8661749151702666,27.84307321306912,63,female,high,956.0,True,0,0,0,little,repairs,1,0
1.311379337733422,0.7631194663397132,0.6638065925730443,0.5280733593289254,0.4494001839786548,0.6326624955435352,5.399200401746534,19,male,high,704.0,True,3,3,1,quite rich,car,1,0
1.564875235857877,1.23795215271274,0.9157081169281772,0.2474834998293032,3.109398564247999,1.791054354947264,3.940263498483788,37,male,high,339.0,True,1,3,0,quite rich,radio/TV,1,0
1.978920803520678,1.715279964408902,0.4191678200175543,0.1994268909837858,2.657103293360584,3.657519709612502,12.63122237689592,27,male,medium,284.0,True,3,3,0,,car,0,0
1.91961505023951,0.8601999735990692,1.239059610803829,1.16610432914798,0.5536418008426125,0.1622260285574696,9.926821745279979,58,male,high,732.0,True,5,4,0,,radio/TV,1,0
1.293974527992202,1.468678602359542,1.273660576114799,0.5679296615803026,0.5289730810758232,0.2885273505442036,4.184653807963826,31,male,medium,774.0,False,5,3,1,moderate,business,0,0
2.310184937810656,1.101434897179444,0.608661237756582,0.4945542666295994,0.001759229303825671,0.2163475948518901,16.08233653414796,72,male,high,734.0,True,1,3,0,little,car,0,0
1.375253072853927,1.013274985309691,0.9216468465629838,0.4277146821242344,1.44749911057377,0.8076211036074673,4.349235198618727,76,male,high,815.0,False,0,0,0,,car,1,0
2.598925790384835,0.9874415088369333,0.9838152268299367,0.1211887778669062,0.5870859813219576,0.8586206931980683,13.56275607753854,64,male,medium,716.0,True,0,0,0,quite rich,radio/TV,1,0
1.689069160755027,0.7808328235072053,0.4416515122328849,0.5379847560114585,0.02577905069023377,0.4430054276587721,9.282269882069897,57,male,very_low,313.0,,0,0,0,moderate,car,1,0
0.4589575632383557,0.4419234280540945,2.236332844101987,0.3217516192768192,0.534869992540998,0.6109145564144486,1.860094762257028,67,male,medium,387.0,False,5,3,0,,education,0,0
0.7438835816673762,1.695053847722987,1.653218734688645,3.994705601273158,1.268807076012608,0.01619601453661351,3.090883008730759,46,male,high,405.0,True,5,3,0,moderate,repairs,0,0
1.599770747019281,0.4908089254933142,0.177567241627271,2.205114639696284,5.038001780195316,3.664366584510746,33.00390524807139,29,female,high,300.0,True,3,3,0,moderate,radio/TV,1,0
1.026100897978194,1.07351864018514,0.85309774476006,1.579921945323461,0.4655260008341981,0.1681107682293527,9.863994548927922,40,male,medium,702.0,True,4,1,0,moderate,repairs,1,0
0.7306421332305479,0.6695306388402772,1.817252630698821,1.046014296806738,3.447242425403707,2.697941169998757,22.05336260053802,64,female,medium,266.0,True,4,3,0,little,car,1,0
0.7554213262454768,0.9530983637644558,1.711919882610763,0.5797695848379617,1.003549059719681,1.017442500552487,8.19894808464383,29,male,low,374.0,True,3,2,0,little,repairs,0,0
2.43347053381782,2.901180757172273,0.456574080489579,0.06971774436088396,0.4728181394871636,3.682078177860224,2.719639641907662,23,male,high,478.0,True,3,2,1,quite rich,car,0,0
1.016575812791648,1.542343926854577,1.521730783449508,1.194735427135926,1.111310030171494,2.571406399435072,12.38852317864642,51,male,medium,420.0,True,0,3,0,little,repairs,1,0
1.628186656151596,0.8554414191584145,1.201606427532165,0.8145804107455287,10.0293115736866,0.7099378320170598,8.034536155779234,62,male,medium,508.0,True,3,2,0,little,education,1,0
1.249805802672063,0.8302618508354743,0.2559842111555717,0.8068438356857628,0.0623522842402728,0.5377902504597732,14.61774797341446,41,male,high,664.0,False,5,5,0,little,vacation/others,1,0
1.406130200977296,1.29050124987188,0.5573451386198538,0.5412909889120848,1.295297692865257,0.9744857306374625,9.100074002015846,52,male,very_low,420.0,True,0,0,0,little,car,1,0
1.161695478482435,0.9233727666236947,0.5126655081265059,0.324310797845447,0.5481065131697419,0.2029971141294402,3.74315950774697,37,male,high,257.0,True,4,3,0,rich,car,0,0
0.5465433455560047,1.78410034409408,0.7160708933462567,2.210279527780885,2.45090473045224,4.512372506212498,22.06093389509883,22,female,high,741.0,True,0,0,1,quite rich,vacation/others,0,0
1.251946643119888,1.053266966317404,0.3833425942332589,1.639793930775493,4.269094047726743,1.737598407988664,38.50367204730654,36,male,high,266.0,True,0,0,0,little,business,0,0
2.497483075887565,1.609493440067541,0.615972411474915,0.8669704096534443,3.998488424677304,2.73523994022546,45.69486620803285,71,female,medium,832.0,True,5,3,0,quite rich,education,1,0
1.567627692781992,1.715977753588362,0.8810272855522907,0.8426658058703481,0.5426291317840806,1.031777092683177,5.214234834682999,31,male,very_low,826.0,False,3,3,1,little,education,1,0
0.9429161821063256,1.572227857597591,0.6191295316512382,2.35301129549222,3.610102012354085,2.493915283177174,19.28849141414131,24,female,high,207.0,True,5,2,0,rich,domestic appliances,0,0
0.1214080490670734,1.047548268418972,0.4499249874885215,0.750038638796251,1.105881357065203,0.7352543721002345,8.152805112677097,76,male,high,396.0,False,5,4,0,moderate,car,0,0
2.221979002119577,1.024969640252289,0.2946037084130022,0.6567250545676171,0.9961574094624314,1.497338928621498,32.72819392038642,48,male,very_low,774.0,True,5,4,0,quite rich,business,1,0
1.210842549081914,1.514298553093771,1.398079254432097,1.052147549537816,2.046208829117779,0.2490977114443815,7.532834905726834,80,male,high,524.0,False,5,4,0,moderate,domestic appliances,1,0
0.7366318037052717,1.152253388280263,0.6316019329439941,0.8630321397779014,1.722482175604278,2.242516709476925,32.33802524744134,74,female,medium,168.0,True,3,3,0,,car,1,0
0.6672456458947877,1.469223622861903,0.6607918131374583,0.3537579675755317,1.752694191818177,1.530893926972705,11.36159395523619,47,male,very_low,849.0,True,3,2,0,quite rich,education,0,0
3.415086373256383,0.7117974274076083,1.180077909100886,1.947658618651888,0.01018810649782506,0.0249533600408089,10.59777594381164,76,male,medium,151.0,False,0,0,0,,vacation/others,1,0
1.83526789376057,0.8842027981927296,0.524695841534419,0.5216464152802445,0.2789979159950685,0.662075235284082,4.916682478453758,77,male,medium,942.0,True,5,2,0,moderate,radio/TV,0,0
0.9802442617011934,1.059756591707584,0.6856746523335381,0.4104679684437838,0.03102155005983915,0.4637482045909225,12.04193222506392,37,male,high,408.0,True,2,3,0,moderate,vacation/others,1,0
0.2946970551317818,0.4556485219935155,0.6401088539451534,0.1581223815996173,0.4646725350649381,2.08647287139631,12.51601769800251,46,male,medium,439.0,True,5,2,0,quite rich,vacation/others,1,0
1.398538000436418,1.783635491946941,0.4790181442099838,0.007793972385395777,2.500369290255419,16.76397320313908,4.170089212639052,57,male,very_low,946.0,True,3,3,0,moderate,vacation/others,1,0
1.830171039615206,0.8876513031312396,0.5358226570429788,3.850532659785223,1.878257886790751,2.183529163652625,8.052258305925466,80,male,low,950.0,True,3,3,0,rich,radio/TV,1,0
1.131858772496616,0.6617120824314907,0.451913081149351,2.247087602694162,1.612126973322294,0.2407112908347923,4.999086505030209,83,male,medium,587.0,False,3,3,0,,car,0,0
0.5098328487010625,0.7928988946384509,1.251250574969744,1.537328300924588,1.122099610901955,2.663143796298451,9.352615399155432,21,male,very_low,886.0,True,1,1,1,rich,radio/TV,1,0
1.22647536977139,0.7979958214054498,1.214465008850469,1.48427442523341,0.3507585828940114,0.1005982658481274,7.183283959369345,43,male,medium,926.0,True,3,2,0,,car,0,0
0.9287482269708471,1.270402357282787,0.949631967087818,1.056933681036648,0.4149696851785735,0.1721645888171228,3.247149338446356,21,male,medium,132.0,True,3,1,0,,furniture/equipment,1,0
0.3531911424386047,1.545147062143621,1.043298336434983,0.6421217894755722,0.7435626753754377,1.597783529776374,12.52260382858918,77,male,high,417.0,False,5,2,0,little,vacation/others,0,0
2.880522781545731,0.8962995200706786,2.546504132462135,0.1352945792931623,0.07193057448930697,0.3481129478245895,1.267927365163801,65,male,low,266.0,True,1,0,0,,car,1,0
0.2318202919029072,1.679956158004406,0.3589256106140336,1.605919041763764,3.822830469826164,2.014468510282712,32.37591841559293,27,female,low,860.0,True,4,4,1,moderate,furniture/equipment,1,0
1.151660899385665,1.273243523346336,0.7497724759997976,1.413746867368425,4.409397798989347,1.141972416593425,12.13447923830561,73,male,medium,471.0,False,5,3,0,moderate,radio/TV,1,0
1.468896598749787,1.223940702332604,0.8342113508949561,6.372731054178621,3.796901564517369,2.454211740459685,5.76715622006253,51,male,high,833.0,True,1,3,0,quite rich,radio/TV,1,0
0.5367653442937499,1.191702914393667,1.0935745205019,2.1471688374852,13.42741409374801,0.2078466694984139,0.6961751419560689,73,male,high,439.0,False,2,3,0,quite rich,education,1,0
1.032331132900802,1.286055046928972,1.077504706068427,0.6356028888484452,1.468225246226254,0.5956742490876897,17.70017996494674,18,female,high,374.0,True,0,0,0,quite rich,furniture/equipment,1,0
0.2647017060754821,0.5712344368392709,0.8562891074377639,0.1822916501685909,0.646446569326058,1.30898995230138,2.398750855254038,35,male,medium,858.0,True,3,2,0,little,car,1,0
3.508385239769791,0.7054798961879014,0.7859945807782683,0.06513253692696419,0.00913589939973705,1.348506445610616,14.73167959046704,37,male,medium,266.0,True,4,3,0,rich,radio/TV,1,0
1.287154004931225,0.4626576215457233,0.9992331742716013,0.1363001835440049,1.108308229278022,1.919050256739474,6.38825586742267,72,male,very_low,266.0,True,3,4,0,moderate,radio/TV,1,0
0.8598352205928328,1.418858855693967,0.5180824650829826,0.05729151261379604,0.6744251489296449,3.901038052210159,0.8916528114486668,44,male,medium,703.0,True,3,4,0,quite rich,radio/TV,1,0
2.004944930307635,0.5133882271199749,0.8781724231961188,0.916804363394274,0.1842119061801521,0.2223134955683541,10.80403199044986,19,male,high,863.0,True,4,3,1,rich,vacation/others,0,0
0.4924081336928444,1.957182066659133,0.4908441434739138,0.8534835099083303,0.222654447774679,0.4879766323024428,26.88336355860636,20,female,medium,174.0,False,0,0,0,rich,repairs,0,0
0.6043062748122653,0.8973069008792289,0.6620571663884404,0.8414652221042432,0.5671658319203963,4.314787794899941,18.28075153891259,44,male,high,787.0,True,0,0,0,,car,1,0
1.476066926910771,0.4532606407207462,0.6432772015737981,0.4436143862449503,1.417150854478819,1.158899607791029,18.011232206842,19,male,very_low,522.0,False,5,4,1,quite rich,domestic appliances,0,0
1.310176035098344,1.786178919923252,2.332411804419281,0.2754741848046084,0.6888617891041963,3.597224991269993,34.12010509250078,66,female,very_low,836.0,True,5,2,0,moderate,car,0,0
1.477245829074589,1.12454657224879,0.3918524070579498,4.492993149524942,11.13471135049587,6.643850020433306,56.34599411008595,61,female,medium,433.0,True,5,4,0,,furniture/equipment,0,0
2.369200979970867,1.302865725141356,0.5664358241272741,1.391901121789543,0.03179164949787534,0.1097578715681555,5.277336386534069,30,male,medium,618.0,True,5,3,1,little,furniture/equipment,0,0
1.65359434144814,1.304487416951656,1.22180202363921,0.2957248891446631,0.8832775751763725,0.9630140960722955,23.71100411223328,18,female,medium,587.0,True,3,1,1,rich,car,1,0
0.998012475392935,2.203268372395077,0.4527595027783211,3.596887261015499,3.173097264823502,0.7905584131934842,5.880726441593593,61,male,high,900.0,True,3,3,0,,radio/TV,1,0
1.045158639073285,1.526148318284765,0.2828346106196064,1.441723157355485,1.874074369584958,0.9240736791126484,20.30091868345902,75,female,medium,233.0,False,0,0,0,little,car,1,0
0.6839087573646613,1.019607244901424,0.8141684491164292,1.036662847058782,1.756382921230222,1.994799924746884,12.89050239697744,33,male,high,157.0,True,2,3,0,moderate,radio/TV,1,0
1.986205759380631,0.999165277523088,0.8141076982860269,0.3709300492371455,0.03455660805940067,0.365467536599996,3.897436696675237,63,male,high,894.0,True,5,3,0,,furniture/equipment,1,0
1.370968222387068,1.377564664797468,0.4215463005808954,0.2305124777716085,2.417195456549416,2.631317681069993,2.035067122043465,30,male,high,770.0,False,5,3,1,little,vacation/others,0,0
2.114766996397098,1.1925940786851,0.1722947605098878,2.593865332076297,4.413129042691744,1.242117913805603,14.09864694903383,30,male,high,755.0,True,0,2,1,quite rich,repairs,0,0
2.130977466730755,1.698630937047652,0.4467742627773933,2.235265417128148,7.675027166910584,1.170320944706718,19.7466860597075,52,male,high,765.0,True,2,2,0,rich,repairs,1,0
0.4961942393581453,0.6774502826623627,2.655882318512927,0.510956927051206,1.06850549644678,2.54335281508877,18.61358441543918,61,male,high,665.0,False,4,4,0,moderate,education,0,0
0.9575606136732104,0.8192895661752659,0.3521241764208552,2.643563109548638,0.2974774824700534,0.2004405507376924,45.35961384777998,72,female,high,174.0,True,3,2,0,moderate,radio/TV,1,0
0.8904596865568303,0.9715177161893271,0.3407594272152086,2.632699165439224,7.71213885319034,5.737988204418425,63.22777591487464,78,female,high,433.0,True,5,4,0,quite rich,vacation/others,0,0
0.8150012821952487,0.8367827971437536,0.5273645283008467,2.139667348754537,0.1212851664183243,0.1061280697258759,15.5905706990481,78,male,medium,889.0,True,0,1,0,moderate,furniture/equipment,1,0
0.8596793420856658,1.005174353119916,0.5113512841349844,1.864873587797193,0.1374258355512773,0.1496277048703848,19.27651707756461,39,male,medium,654.0,True,0,0,0,quite rich,car,1,0
1.645596687894428,0.9578967712790293,0.7589017960212269,1.665411405326085,1.243952080377752,2.247024943774111,10.13134733340361,81,male,medium,552.0,True,0,3,0,little,education,1,0
0.6888823088338696,0.6117294349456326,0.9989487068739681,1.015692781613924,10.81975687152557,0.6034460033017888,2.021416299881768,55,male,medium,764.0,True,1,0,0,quite rich,business,0,0
0.3953424014693605,0.9997707087000325,0.4302869986116141,1.981401603971354,3.678991327843171,4.126249175480468,36.03852466006807,60,female,medium,213.0,True,5,1,0,rich,radio/TV,1,0
0.7960008344622513,1.529230829758738,0.318529779106094,1.486643059688874,5.713093748280871,0.9474228644924522,10.76252879118291,38,male,very_low,651.0,True,0,3,0,little,car,1,0
0.4491444150008272,1.508119800404997,0.6246277696624057,1.442297737674925,0.4209507167933,0.2797163027415622,30.01518807077946,37,male,medium,630.0,True,3,3,0,rich,furniture/equipment,0,0
0.2921398593025468,2.325541014848709,0.56963867328717,1.068248905795482,1.791922687432577,4.293405414028437,31.20222783699267,82,female,very_low,247.0,False,5,3,0,,domestic appliances,1,0
0.4019311872082715,1.558430226694578,0.8951254926347393,1.019473269198012,0.9404557630283521,0.7835030673734574,5.68927524318222,19,male,high,731.0,True,5,3,1,moderate,domestic appliances,1,0
2.493964281568889,0.4008917639039419,0.3107021494227031,0.646964117713558,0.1925567283652082,0.7621224570335224,4.805630565063229,25,male,high,739.0,True,0,2,1,quite rich,education,0,0
1.09798928459498,0.9036769332962534,0.7985577213775998,0.4430713886646139,0.1126414350696409,0.3953614913625078,3.411236575310157,49,male,high,729.0,False,5,3,0,,furniture/equipment,0,0
3.472723982987072,2.195624716713116,1.524238165891192,3.047748310993274,1.824091107505426,1.718471573042908,2.112111922694363,27,male,medium,433.0,True,5,3,1,rich,business,1,0
1.048120960765501,1.936920321280356,0.5104715081383908,2.541727063142133,4.183252876021386,6.2925778032851,54.13383167347366,43,male,very_low,270.0,False,5,2,0,little,car,1,0
0.5961500133262925,0.7762307302303253,2.961158229127688,0.8683291981006714,0.2124271445120515,1.089544037008722,0.9917755124141452,25,male,very_low,582.0,False,0,0,1,little,vacation/others,0,0
1.546038159083325,1.000589224089462,0.4877441511951404,0.4899505450324673,1.55993037917596,1.236435036687909,7.497173980419333,62,male,medium,377.0,False,0,3,0,little,car,1,0
2.103746395390911,1.148038768442472,0.6813315185324657,0.05948059156375357,2.188709576229095,5.49618837614751,5.568354093733792,30,male,high,713.0,True,1,0,1,rich,car,0,0
0.9775471967498498,0.7260463293472932,0.7691216471622172,1.112432821951836,15.13326238798937,0.5166334155278381,1.895535896039948,30,male,high,344.0,True,5,3,0,moderate,education,0,1
1.549380636058469,0.6847451663118596,0.9244893477782856,1.377992925168824,0.2600341343363618,0.1130849159000883,4.583691074179333,29,male,medium,266.0,True,0,0,0,little,furniture/equipment,1,0
1.70098299415105,1.544265352219472,1.57029361436713,1.102536871363458,2.002108111240341,0.1937354292192975,6.079840618288033,53,male,medium,902.0,True,5,3,0,,radio/TV,1,0
0.8431551491739043,1.641602995358119,0.5805595572188208,0.8949290688776769,4.770795529633466,0.6308492577489104,19.54564705231357,59,female,high,228.0,True,0,0,0,rich,car,0,0
0.421280087958027,1.880144867384382,0.4799197332815942,0.6661894932497012,0.4118491296130208,0.5621218579177847,2.397951499127356,84,male,high,904.0,True,0,0,0,little,radio/TV,1,0
1.032602011307846,0.7460405759194474,0.6943227068543824,0.5541737398137501,2.057606767401397,0.943312102587731,7.285635110531491,65,male,high,266.0,True,3,2,0,,domestic appliances,1,0
2.057398378550214,0.3559225903060577,0.4498927204993833,3.138681550784207,7.828599663007098,13.78076838720205,83.98278155538205,56,female,high,266.0,True,5,2,0,little,education,0,0
0.6310676304214979,1.471353986872407,1.358544947954944,2.449161888752115,1.303680326290286,7.174980626415787,20.91807989946242,43,male,high,305.0,True,4,3,0,little,car,1,0
0.451040769445903,1.374897561368855,0.798591344864662,0.5513479243257973,6.553921675735389,1.369466409954104,7.929469920729958,79,male,medium,471.0,False,3,2,0,little,vacation/others,1,0
0.2764418089883905,0.8006676324582431,0.8891270409007115,0.3464856983920052,0.68660937761935,0.8091627736086946,3.484536343261117,22,male,very_low,266.0,True,0,0,0,quite rich,radio/TV,1,0
0.8496493216469555,1.286155910874423,0.7907355680442635,3.136996938179647,0.5788475929026032,0.06016262804602554,13.9026636360493,43,male,very_low,655.0,True,4,3,0,rich,domestic appliances,1,0
2.052826933595969,1.113821576124998,1.444866810048321,2.284643010482572,3.182342561269914,4.393319376011752,15.78954522216841,43,male,high,243.0,True,5,2,0,quite rich,vacation/others,0,0
0.2817866482325663,0.8874998319727707,1.438327123210204,0.7453813966826779,0.4201839246474428,2.368288563050199,4.577535450605404,81,male,high,871.0,True,5,3,0,rich,education,1,0
1.024352332764443,1.332155612750741,0.9794736657123833,0.7114341171099561,0.334070669975207,0.2777989901956905,4.037772300309465,28,male,medium,656.0,True,1,1,1,quite rich,radio/TV,1,0
1.588473724646927,1.059611578279434,0.8007443530742394,0.6176266653379802,0.2084003800864767,0.3520216190415665,4.687602849611869,27,male,high,428.0,True,0,0,1,,education,1,0
1.374975200425559,0.6372242935137704,0.6251704194582944,2.349208901438663,4.32423511424163,2.285011515732498,17.59473977618192,28,male,high,228.0,True,5,3,0,rich,radio/TV,0,0
1.328263558939453,0.2338961270031681,0.3146807704303783,1.242118876584616,3.545495386797445,1.25634846953463,19.92536295052245,76,female,high,433.0,True,2,3,0,little,furniture/equipment,0,0
1.169161498482778,0.680804426085673,0.9144231210392058,0.7007457969515776,0.2324866824695295,0.3687847107429555,20.76387268881553,64,female,medium,504.0,True,2,2,0,rich,car,1,0
0.7378766268532578,1.4354812824352,0.526645218627399,5.334837184083305,2.087086178199768,1.266099391006128,4.495506014539494,44,male,medium,284.0,True,5,3,0,moderate,vacation/others,1,0
1.390508719095906,1.258024202405693,0.2477976595309566,3.587239031322978,4.023532218693124,2.822174384375614,29.63728889806472,51,male,medium,899.0,True,5,3,0,quite rich,repairs,1,0
0.901372128050926,0.7688068071244847,0.9793646271158355,2.481798456627976,3.150907155698413,2.110036342973947,10.48400362640425,69,male,very_low,,False,5,3,0,quite rich,vacation/others,0,0
1.42482053542847,1.355461157778483,1.216629286989864,1.66276458679415,1.837836580424868,1.09868625774937,11.22364003598218,26,male,medium,324.0,True,4,2,0,moderate,repairs,0,0
0.7468068599382,1.250348982383889,0.7911938977114207,1.558436134543369,0.1934982817890188,0.1020267314877639,3.39591388844563,67,male,high,747.0,True,5,3,0,rich,education,0,0
0.4615629628090285,0.7266010018005858,0.7259583113704666,0.313679708157972,0.1030370411990298,0.7157810930733984,9.658044995692824,56,male,high,163.0,True,5,2,0,moderate,repairs,0,0
0.403837954247828,0.8775767712095753,0.7997604647655779,0.1062581305434068,1.221865250393247,2.555237208216514,3.927583266797265,29,male,high,339.0,False,3,3,0,,radio/TV,1,0
1.361329267808645,0.9863163230738465,0.6583601772537192,3.883722983836619,4.238242689567334,1.036929419017543,8.681977490741774,23,male,high,,True,3,3,1,,vacation/others,1,0
1.558187264798507,1.252821212042438,1.184449776640351,2.605143279939017,4.985386124628154,0.1402111125377043,14.22375006425072,43,male,high,466.0,True,0,3,0,little,radio/TV,0,0
1.243901732668302,1.2824534245193,0.6229273275926898,2.051328974040644,2.762142823439204,3.921008580267123,14.89147629704879,65,male,high,266.0,,0,0,0,quite rich,furniture/equipment,1,0
0.9974319099128586,1.922775335755435,0.7095126716480162,2.02609589613329,1.465134506417763,0.5433442640372506,1.872674247351654,84,male,very_low,296.0,True,3,3,0,quite rich,vacation/others,0,0
1.558827308619057,1.012901242419808,0.7195732388241071,1.548404777461225,4.581003492290724,1.020675111297353,11.73286181088027,65,male,low,688.0,True,3,3,0,,radio/TV,1,0
1.034813498545712,0.985410937411052,0.5409117279052629,0.7423933787808797,0.1145722126752855,0.3735378045269446,8.322878511879969,57,male,high,357.0,False,5,2,0,little,vacation/others,1,0
1.271211817331106,0.8823779157821505,0.621399851645285,0.5615038915726516,0.9135359310123198,0.9580671110119037,16.61440513264981,79,male,medium,157.0,True,5,3,0,,repairs,0,0
0.2164263875847121,0.9001869665798168,2.156642591982632,0.4049064656337114,3.043948731116478,0.4225578260349757,3.50173146338733,33,male,high,157.0,True,0,0,0,little,repairs,1,0
0.9117780988942917,0.8637923570017167,0.7221666783915687,0.3621763456355965,0.2638437411665899,0.697698217248818,5.259671127370047,79,male,medium,247.0,False,3,3,0,little,radio/TV,1,0
1.394789166289289,0.9658009698902943,1.537064300987089,1.465672288398531,1.424963900028127,6.881261723215599,43.77511478001402,75,female,medium,247.0,False,5,3,0,little,education,1,0
1.178773084662566,1.218833866013782,0.583285676212899,0.8909323476154631,2.532075406394881,4.091210556724827,43.63730326342227,60,female,high,425.0,True,2,2,0,moderate,domestic appliances,0,0
0.6784961877885685,0.889875014448167,0.9755260650404605,0.8545363034131528,2.665155367754499,0.5539091290046825,9.936754338257728,20,male,high,540.0,True,5,4,1,little,business,1,0
1.609832999397385,0.5312385809804434,0.5667419991173099,3.180061996317958,1.054386296525074,1.876142627309378,8.295380632823555,68,male,high,733.0,False,3,3,0,rich,domestic appliances,1,0
0.4538623080404492,0.6892915520927589,0.694803745801446,2.121538539059156,2.07530204943888,0.656799881381597,2.987552908617919,48,male,high,402.0,True,0,2,0,moderate,radio/TV,1,0
0.5748744013918798,1.225535147870007,0.93890355136451,1.930150067152385,1.837357869665833,2.199325846600929,8.579730993977972,76,male,high,777.0,False,5,2,0,little,furniture/equipment,0,0
0.3381457615530409,0.7113708631000407,0.3864663606662203,0.8408689394120368,2.523216259243385,2.936594519326607,50.05110435094159,34,female,high,552.0,True,4,3,1,moderate,domestic appliances,1,0
2.731489705996363,1.172242821132199,0.4285736848850535,0.2400501417011683,4.392366771688034,2.831351006142538,0.899558681183482,82,male,high,387.0,True,2,2,0,quite rich,repairs,0,0
0.7488929919666434,1.677326397425995,0.5407592805203022,6.041896046395713,0.2494808782756877,0.02058156791458599,14.15567744022784,23,male,high,357.0,False,3,4,0,rich,car,0,0
0.5113092230036298,1.635991428699616,0.6611144254954665,2.659070949673285,3.321124533004751,0.5958093102465725,3.468619682393057,73,male,high,689.0,True,5,3,0,little,education,1,0
2.045100246842862,0.6685935066733902,0.2670578759466047,1.681771663336258,1.081836881154725,1.099923089596957,12.17336655381746,46,male,medium,428.0,True,3,3,0,,vacation/others,0,0
1.065539258745883,0.869886674610215,0.7544540333045259,1.12983860396937,0.927974631451727,3.061790108432305,11.06911978490117,65,male,low,594.0,True,3,2,0,little,car,1,0
1.611182548921554,0.7318537316385411,0.9521057280088148,1.092205222807037,0.3565805011643233,0.1924690844339034,9.195402903217431,24,male,low,929.0,True,3,3,1,moderate,vacation/others,1,0
0.8947199839269956,0.9163540950639741,1.201560023418771,0.4352523260534995,0.5610919694520035,0.9999284333211074,9.55100476825282,22,male,medium,849.0,True,1,3,1,,car,1,0
0.8463073096037049,1.206811988207185,0.9286096391076843,0.3624556426033443,0.1122874549838304,0.547860952503256,16.34045600172951,67,male,very_low,778.0,True,0,0,0,moderate,domestic appliances,1,0
0.2066728331295614,0.6207363281131097,0.2812558105793434,5.423956697065793,3.839819290919791,1.048300694112108,9.021754410750955,60,male,high,843.0,True,2,2,0,rich,business,1,0
0.6588196586309945,1.156874295110756,0.3913202764564138,2.741811927298493,1.60227839937957,3.551058834605458,19.14740272710291,40,male,high,374.0,False,4,2,0,little,domestic appliances,1,0
0.5441678540493041,0.8465582375796213,0.1743706618959853,2.027429103433624,8.434922645918626,2.434226363465941,80.21525737919141,37,male,low,464.0,False,4,2,0,little,furniture/equipment,1,0
0.8929151837815992,1.180106606119189,0.8609282120553813,1.059789571097782,0.6518287760945746,0.2540362335816017,6.139770082372906,60,male,medium,589.0,True,3,3,0,moderate,repairs,1,0
1.201628312338043,0.6447941148591816,1.818135379974465,0.9900784256344686,1.436072310145974,3.518592077888635,22.10400533579936,59,female,medium,367.0,True,5,3,0,rich,education,0,0
0.9879124963434934,0.2230132208916707,0.4764878726850798,0.9012952893561971,0.006887861782769784,0.1829849482911053,13.65351420034303,34,male,high,906.0,True,5,2,1,rich,repairs,1,0
0.781750732999569,0.3319828758300955,1.591858612295444,0.7240198650674998,0.03092017859121892,0.08656976698337494,7.400215822028664,35,male,medium,482.0,False,5,3,0,moderate,radio/TV,1,0
1.1639614980038,1.898256722251752,0.3853247175317495,0.3733269440803546,0.3479706499880222,1.336709058217498,9.282120934958524,69,male,low,621.0,False,5,3,0,,furniture/equipment,0,0
0.6902266901860865,0.8587264335118896,2.563027078097975,0.3155791234646886,0.1346489899996037,2.199924331650005,4.10726813696139,77,male,high,635.0,True,4,3,0,moderate,radio/TV,1,0
1.161028441015262,1.365984390932302,0.7990418347932128,2.376735458918615,2.679618965303573,0.1549313951133565,4.522466509864691,40,male,low,677.0,False,5,4,0,moderate,radio/TV,1,0
2.31023009436946,1.277735501521148,0.4107186133661043,0.5336617787910014,5.261709115774089,2.079074913638442,5.289325363115366,62,male,high,343.0,True,3,3,0,,domestic appliances,1,0
1.472828004244989,0.4267506732695776,0.7258298639767313,0.2084828289982122,0.05934239079980438,0.899486624088885,8.681997176594177,57,male,high,870.0,True,5,3,0,,car,0,0
1.189651029314645,1.003018820341566,1.035827787001223,0.04668410037997486,0.3803764171582548,2.706138909926295,3.212559357542301,46,male,high,471.0,False,5,3,0,,car,0,0
0.8120763431980167,1.088061576871078,0.2487704657288413,5.36139382307949,1.660001035618695,0.6623853769298729,1.480525491426333,62,male,high,354.0,True,0,0,0,moderate,vacation/others,1,0
2.059267515852929,1.031122645220682,0.8571289179825362,1.132142606818698,0.8252044665491984,0.8065500099166156,4.136262233792437,29,male,high,688.0,True,1,3,1,quite rich,furniture/equipment,1,0
0.9069202613677241,1.740621073219938,1.026583257502435,1.375120949637644,1.247570778465111,0.1912647135761482,4.987425202694699,54,male,medium,615.0,True,5,4,0,moderate,business,1,1
1.169479426013047,0.6986345939211195,0.06966830151834957,8.452271654291506,15.26611041303475,4.671314020536252,57.01486135217174,59,female,medium,191.0,True,3,4,0,,domestic appliances,1,0
1.229218268759411,0.8696492500346441,0.8848495684003831,3.049760573397708,1.211620252001584,1.925509862128081,3.871483601091216,58,male,high,706.0,True,5,3,0,moderate,repairs,0,0
0.7561354708548405,1.15276003462841,0.461468698499161,2.049322812423909,4.861927382485077,1.563261770930735,19.44651804742353,73,female,medium,252.0,True,1,3,0,little,domestic appliances,1,0
1.885557172175439,0.683623726721755,0.5727217935816524,1.850536180786335,2.432088843345532,2.224541343945878,16.10157030471891,23,male,high,570.0,True,5,3,1,,radio/TV,0,0
0.5813860460124518,0.6922738485265599,0.96219979312701,1.549498812056147,3.637750424550531,1.677243291301074,12.72364581125506,54,male,very_low,387.0,True,5,3,0,little,business,1,0
1.286802953367987,0.6358654244701368,0.6582899310363852,0.7783025053529555,0.7454146108594462,0.4400238809678663,1.757114876627377,45,male,low,480.0,True,5,3,0,little,business,1,0
1.144858174243343,0.472094101479354,0.5006700322701909,0.7725257219871523,0.556230075043145,0.5608834033953023,6.656948811849439,41,male,high,218.0,True,5,3,0,moderate,domestic appliances,0,0
0.2911000232052005,1.192453427098512,0.9594985148158256,0.3639921375777526,2.861772539076038,1.223034578676119,5.55809185531979,75,male,medium,755.0,False,3,2,0,quite rich,furniture/equipment,0,0
1.215171374367795,0.7816006530796772,0.9313511216792212,0.2868139425920483,0.4155697757530081,0.8135805606022262,4.722735500001067,42,male,high,594.0,True,5,3,0,,car,1,0
0.5048228232428654,1.081507166059568,0.4683791548046836,8.754524937603545,8.388278707206998,6.90747382063316,28.96464080031248,65,female,high,266.0,True,0,0,0,moderate,furniture/equipment,1,0
1.263942272399603,0.8274968093926547,0.7129512542490789,3.048330640702498,2.046911127096638,0.08656370721127406,1.858357709954174,42,male,very_low,320.0,True,4,3,0,little,radio/TV,0,0
1.400752808133991,1.33251516531864,1.306527051959209,1.233243606320747,2.338127720099033,3.511732915163646,20.85192109363901,62,female,very_low,839.0,True,0,2,0,moderate,domestic appliances,1,0
1.888550952179855,2.198063804979503,0.7977335539456146,1.075366345060483,1.697589873964473,2.463590871668855,22.77550157201336,41,male,medium,364.0,True,5,4,0,little,furniture/equipment,1,0
1.326265273090844,0.7857919962502543,0.8683151852168605,0.956593455436002,2.036405692582063,2.204538912343874,20.62807031272612,52,male,high,637.0,True,5,4,0,little,radio/TV,0,0
0.5522136196339434,0.7586821144652108,2.178476334381177,0.9519295583537124,0.3330925173927073,0.9901474736185765,1.325734585129839,50,male,medium,243.0,True,4,3,0,little,furniture/equipment,0,0
2.37527652249077,0.6406449974885643,0.8405235569213023,0.9466085140521687,2.221258170533869,3.864409600935042,52.81122822345078,39,male,high,126.0,False,5,3,0,quite rich,business,1,0
0.6941634206807398,1.116313380409371,0.663607401247845,0.5495171144350022,0.7683976714829981,0.7593736204109105,6.133502553009144,40,male,high,266.0,True,2,3,0,quite rich,radio/TV,0,0
0.9417300070461786,0.5879290188515393,0.9381897822879948,0.5384635168044654,0.581293115255203,1.699459595455518,8.61597274489267,54,male,high,960.0,True,5,3,0,little,education,0,0
0.9589879874211771,1.072083386786915,0.7867064097537243,0.06430528404270029,1.123454407375037,3.678178359409492,4.884273654173317,74,male,high,792.0,False,1,1,0,moderate,repairs,1,0
1.985319979365655,1.697572059905097,0.9289010825803609,1.635320065911013,0.02495245829726405,0.0328708773709133,1.175792293030446,24,male,high,144.0,False,0,0,0,quite rich,car,1,0
1.903054219183833,0.8770618574563949,1.012379911292304,1.509555285969378,2.212908678464025,2.564099744009655,13.54561138419687,25,male,high,300.0,True,5,4,0,,car,0,0
2.401381098856776,1.004194233098892,0.9687426626173645,0.3276341257464123,0.04620441071790637,0.4049561955748144,9.365701027215055,52,male,medium,710.0,True,4,2,0,rich,education,0,0
1.373689873222788,1.308651343653903,1.080221056026792,1.301761701132895,2.279207999802209,2.078687157010361,19.19616502375877,19,female,high,266.0,True,4,2,0,little,furniture/equipment,1,0
0.3220496771258253,0.9934853479765106,0.1122447030218319,0.8485459674451623,0.2668401475767803,1.350493077887492,30.13291762662611,69,female,high,653.0,True,5,2,0,little,education,0,0
1.275599359278949,1.104425168413917,0.2856477264210457,0.7159854243855768,5.24597600547502,3.179881789132704,124.5608544063437,35,male,high,835.0,True,0,0,0,moderate,vacation/others,1,0
1.935773632274601,0.5420760070338265,0.1415463182787589,3.012428747041473,4.173854718448718,0.4883404176365117,9.167704860350451,52,male,medium,918.0,True,3,2,0,quite rich,car,1,0
0.9490487490474036,0.7991236872580832,1.151240549814941,0.9599035616548706,0.045563138949078,0.08263271312746844,2.70396156252056,79,male,high,891.0,True,0,0,0,,radio/TV,0,0
1.367205561088308,0.7232423955968841,0.6794710594915611,0.6537621758511997,0.3003705217146355,0.3836233184761268,2.50674676716367,80,male,low,851.0,False,5,3,0,quite rich,radio/TV,1,0
0.9055923055742217,0.7644582988414168,0.8368075761892889,8.607155710216167,0.2462076516847593,0.005301620143581061,16.40540058037463,50,male,high,587.0,True,4,1,0,moderate,car,0,0
0.8503496086294341,1.272935732710333,0.39445673189863,2.386733214197026,2.629701566622046,2.383796022667356,20.29274553225037,58,female,high,682.0,False,5,3,0,quite rich,furniture/equipment,1,0
1.922470045083356,0.5809501132254213,0.6178961961769354,2.129664986372105,1.738325737020381,2.421347407477249,13.37639551700925,67,male,medium,540.0,True,5,3,0,little,car,1,0
1.286663197557536,2.22613700477139,0.4983252509173881,1.896119861656708,1.503507022325698,1.108536865612293,8.062812374508844,84,male,medium,238.0,False,5,3,0,little,car,0,0
1.092096575352634,0.7503118909141557,1.240746114401035,0.673044519983727,1.297517624805783,1.119190598988979,12.53800317059612,29,male,medium,912.0,True,0,0,1,rich,car,1,0
1.377626507901043,0.9398307669218668,0.416290339311276,0.4704457985435614,0.9182938362759231,1.424763961739842,11.06652939257808,83,male,medium,769.0,True,5,3,0,little,business,1,0
1.03411455274788,1.188013821907757,1.364237692918818,0.4457615760068455,0.1826171831934555,0.3175662296779598,9.411026596326936,83,male,low,944.0,False,3,3,0,quite rich,domestic appliances,1,0
1.237127912301971,1.473443076687428,0.9092735360273029,2.447744789814146,0.1634591441165157,0.05384178722696339,12.90111117487655,77,male,low,207.0,False,5,4,0,little,business,1,0
0.4804941210299956,0.7910411290652387,0.6084825120321232,1.491940257328977,1.91010394944634,0.5670192498037544,4.963670067481711,60,male,high,151.0,True,0,0,0,little,car,1,0
2.119163086511592,0.5185537348533505,2.01989800476269,0.9003450536954128,0.5951306362699915,1.675048896265018,4.288513219684615,66,male,high,567.0,True,4,2,0,little,vacation/others,0,0
0.5168713945914225,1.234779754016185,1.039942360453449,0.5600322162261689,0.6988926826021045,0.4501991269746815,5.254363792716394,28,male,high,266.0,True,0,0,0,quite rich,business,1,0
0.2339359539816262,0.9635107887549275,0.8234644078447733,0.3616373921934332,1.074571832635554,0.9214255775568663,17.65708440841881,69,male,high,851.0,True,5,3,0,moderate,furniture/equipment,1,0
0.8661441671002416,0.8762493422461606,0.6931964789700672,0.9129335578488936,1.267945944815067,1.428415023294583,19.64302274877892,63,female,low,963.0,True,5,3,0,little,radio/TV,0,0
1.803944262812042,0.6983673339484548,0.8505022478769404,0.6151042070851982,0.4073013384963721,0.4455595563328963,11.05280829252602,63,male,high,773.0,True,1,4,0,little,education,1,0
1.96012644223619,0.5366130159538568,0.2954905116622197,0.4692882264347535,0.5776406175020036,1.43646183492581,6.740587857991382,71,male,high,763.0,True,5,4,0,quite rich,car,1,0
0.8641317604677944,0.9710021564789624,0.9089013134754442,0.1746079794075463,0.7026238350929103,1.234604941053866,1.931207916895552,23,male,medium,678.0,False,5,3,1,,car,0,0
3.775348245693865,1.897041095146014,0.4611310747949596,1.860022932095117,3.946344107444097,2.738426778229445,30.91102212933615,31,female,low,761.0,True,5,3,1,,vacation/others,0,0
0.5893572667348845,1.216211267496369,0.6661456181844673,1.718367613046305,2.578797426680514,1.868836254190961,18.84831056852752,48,male,medium,320.0,False,3,2,0,,radio/TV,0,0
1.45331838204553,0.3487650861790282,1.218203994791395,1.097843820155219,1.740309325944756,2.710713490436742,15.4129877635851,19,male,high,324.0,True,0,0,0,rich,education,1,0
1.973417909732531,1.064029239474424,1.53132418857604,0.6681170310140299,1.715240148896755,2.764621725469174,27.2056161933126,77,female,medium,367.0,True,0,0,0,moderate,radio/TV,0,0
1.395867887561443,0.6383275704791709,1.869774299531498,0.3779516558087432,1.385683185854483,1.380796553188409,6.655833836784051,56,male,medium,820.0,True,4,3,0,quite rich,business,1,0
0.3805744176958864,0.7452328965401126,0.4535426830569841,0.1614312959136631,0.4543322231829525,2.214129958728722,4.262468222522134,38,male,medium,927.0,True,5,3,0,little,car,1,0
2.007366388256121,0.8716344367385286,0.3561534386172076,3.395361706635981,2.294602157181638,1.381231360229995,8.578544716994998,33,male,medium,339.0,True,3,3,0,,education,1,0
2.080456491305487,1.132545890596015,0.6481267997265251,1.92233134442594,0.8997174216684629,0.1552498631621849,3.996174243247792,34,male,low,275.0,True,1,2,0,rich,vacation/others,1,0
1.789427405325247,1.252577116956951,0.5315659156951461,1.797376169319571,0.3260128900065994,0.174546516879787,9.233933882495633,42,male,very_low,841.0,False,5,3,0,quite rich,car,1,0
0.8930182773523065,0.926191972547784,0.4544167579038177,1.17164735464303,6.646909917432083,0.8100108866185163,2.536816803617217,43,male,low,835.0,True,5,3,0,little,vacation/others,1,0
0.5545372759799811,1.01988849155153,1.181965720783531,0.7700277210119364,0.1538313496150121,0.1870236138488411,11.46342539087946,51,male,high,623.0,True,4,2,0,,education,1,0
1.174100966453564,1.178820978988999,0.466507405466991,0.3089023069742648,5.510249749399346,2.775299072262866,3.551963757405483,58,male,high,390.0,False,5,2,0,moderate,radio/TV,1,0
0.4214880567362216,2.101337242950594,0.337390133845053,3.45104707411748,2.623554648249104,3.194355333935321,24.68323431879018,23,female,medium,223.0,True,0,0,0,quite rich,repairs,1,0
0.5769591054660829,0.6055439920082929,0.686569622736252,1.537897406859159,2.812660171777974,2.029515052978809,16.21254337216631,24,male,high,811.0,False,5,3,1,rich,business,1,0
0.8051167892463058,0.5902214727512084,0.7622664852095403,1.351395921767258,4.229027732427411,0.4295413035869783,8.557364389577202,68,male,high,763.0,True,5,2,0,moderate,vacation/others,0,0
1.145153291536518,0.5743516344185576,0.9866252322151386,0.4815863493449195,1.483679158956859,0.7380097195812935,5.781016726461293,53,male,low,266.0,False,5,4,0,quite rich,vacation/others,1,0
0.6802098755906385,1.800877149422596,0.4040674670726629,0.2802537114699651,0.5137792110546175,2.018821263932946,13.46694805679683,43,male,high,332.0,True,3,2,0,,education,1,0
0.3991129114425251,1.46607340411819,1.00993370830276,4.67881805630406,7.074977277109814,0.05794143578273334,5.291645742482862,68,male,low,621.0,False,3,2,0,,vacation/others,0,0
0.5142921263171194,1.507318314774303,1.015860765654659,1.52325224908667,1.536566803500252,0.1349518959974119,0.6636992653904527,49,male,high,266.0,True,5,3,0,little,business,1,0
1.046187921106761,0.7943058721772114,1.24740185122084,0.8968018254037835,1.228161327332171,0.2574676851929775,4.298415606715014,81,male,high,498.0,True,0,0,0,,vacation/others,1,0
0.5324661897218901,0.9466692111776384,0.7351460152308673,0.5764616348652449,4.062953735862189,1.127532218588803,7.909439514290685,34,male,medium,420.0,True,5,3,1,little,radio/TV,1,0
0.5653631672881279,0.8333809152993771,0.5061422156617479,2.042059430717971,0.155234324919607,0.1258039026463452,9.768224853919955,35,male,high,332.0,True,5,3,0,moderate,radio/TV,0,0
1.353152644354445,1.099780805235365,0.623220885465659,0.2363993708466794,0.2715884588459024,1.430008442956328,16.67105436446639,46,male,high,144.0,False,5,3,0,moderate,domestic appliances,0,0
0.428857257138362,1.617204683023375,0.2461081486155252,4.859369461694472,2.307835022653299,1.074980089098969,5.831419200995814,78,male,low,825.0,True,0,0,0,quite rich,car,0,0
0.6377857672039555,1.303642165248733,0.3848505381468931,2.939903940724701,8.414780629568522,2.632601304640012,31.37759003349538,20,female,high,574.0,False,2,3,1,quite rich,radio/TV,1,0
0.2904282244620204,1.313599790717631,0.4079342995990513,2.244097530095454,1.883044200528665,0.3160065775416699,14.40366244231208,73,male,high,408.0,True,0,0,0,,car,1,0
0.8745243702211435,0.4654271554892102,0.4576552716430577,1.322276834759428,0.04018547714459567,0.1614205872037995,9.709778312833542,65,male,low,396.0,False,0,0,0,moderate,repairs,1,0
0.9126658843033001,1.560291229954371,0.7280718049475624,0.1746419229396474,0.6415926390530212,1.660058304047494,4.363913709386562,27,male,medium,599.0,True,3,2,1,little,business,1,0
0.347827330744883,0.6379935372692179,1.221263758546113,1.808639676980936,0.4086971071709385,0.468812054547,0.5058732697750681,26,male,high,266.0,False,5,3,0,little,radio/TV,1,0
1.580806179245108,0.8313370646953582,0.8105048797538673,1.635013249637233,0.02033097776856602,0.0618601530758219,18.90135755504441,41,male,very_low,138.0,False,5,4,0,moderate,radio/TV,1,0
0.3864521175817531,0.8930643134094121,1.386738738787554,1.156491383792039,4.351208731111488,0.3378298461949326,11.92708084309996,20,male,high,266.0,True,1,1,0,moderate,car,1,0
0.9355842537410705,0.6791567942561596,0.7969477150875384,0.2885737441933051,0.5864919846928243,0.8991689410907657,14.81893430336399,85,male,medium,485.0,False,4,3,0,rich,education,1,0
0.9144416550938219,1.413928697727627,0.9207069638256956,2.473290522542029,3.728285126384242,5.248854194898284,23.60167211741509,54,male,high,284.0,True,2,3,0,little,business,1,0
1.806772153329171,0.4486040337252492,1.230929707535185,1.500104820224184,0.2700543137399304,0.09203865625054206,9.726240000358564,68,male,high,803.0,False,4,3,0,little,repairs,1,0
2.338760802674926,0.8161263850871333,0.6030570527376984,1.3852034725753,2.800514393516961,2.761599251101449,18.7574119264299,74,female,high,932.0,True,3,4,0,little,business,1,0
0.51495961183404,0.5218040716021237,0.3922369376362412,1.382010351714825,0.4491934997555456,0.3623672772552223,10.15107250650237,31,male,medium,157.0,True,0,0,0,little,car,0,0
0.9179757376832901,1.564326727972796,0.5803267544001741,1.225690051771938,2.167512010545089,4.203200947312924,33.95194993770009,22,female,high,876.0,True,3,2,1,,car,0,0
0.7243953187197635,1.736319160480633,0.9867703459197569,1.148452682384203,0.5726995771341581,0.1819350486093047,4.412978631403322,77,male,high,284.0,False,4,3,0,moderate,car,1,0
0.5785691847027505,1.463875167660143,0.5291070403620922,0.952493644341366,1.138174719043838,0.5260827630105458,5.151138636356638,18,male,high,138.0,False,5,2,0,,car,0,0
0.9505537036989594,1.265969063705274,0.4881157306208972,0.934083886344652,3.3467715818528,0.8287013043200526,5.263907544550021,65,male,high,807.0,False,0,0,0,little,domestic appliances,1,0
1.26001033158158,1.757356374446483,0.716259480364089,0.648081644855375,1.489978212855171,1.697296288098754,26.13068997310588,24,female,medium,615.0,True,5,3,1,moderate,radio/TV,0,0
2.092536014568445,0.996578268675,1.544887422675895,0.5091834372400124,1.202121149044628,2.634693149783608,14.61190115107001,45,male,high,777.0,True,3,3,0,rich,repairs,0,0
0.528588012994483,1.787100147191634,1.009794051020932,0.1931391290617933,0.07761679351128029,0.6267018338481892,2.656499562862527,84,male,high,119.0,True,4,3,0,quite rich,furniture/equipment,1,0
0.5441543484702906,1.161429469809924,0.6048939076909852,1.591984720551549,3.568650053777676,0.9662370885930746,11.77759843131964,42,male,low,574.0,False,3,3,0,little,vacation/others,1,0
1.465245580838047,1.364328848582668,0.9793816910254118,1.560475396960404,1.333101293749579,3.423805878147704,14.5313011676225,30,male,medium,207.0,True,2,3,0,little,business,1,0
1.255829397704506,1.593569380568738,1.134915514278196,1.013562798881727,0.1001673824158541,0.1281024684027418,10.60838986185833,37,male,high,749.0,True,5,3,0,,furniture/equipment,1,0
2.441354382345414,1.66159594590721,0.5663421656916958,0.5498776449755681,0.5568782325890352,0.8979527213551912,16.62117529205556,65,female,medium,339.0,False,1,1,0,,car,1,0
0.2885500648572619,0.729286002046769,0.4800471481122306,0.09587369288743207,0.1275849106312971,2.148846931981161,3.505096868359341,30,male,medium,520.0,False,3,3,1,moderate,furniture/equipment,1,0
1.505949288913661,1.395186195198516,0.1956333294702809,2.512214175766793,4.54773588991008,2.489611623528518,41.95082433977652,23,female,high,266.0,False,1,0,0,quite rich,repairs,1,0
0.5157100903812476,1.536907720660834,0.803657092786929,2.368775202601451,0.5060576922832137,0.078277111917022,3.486774636019651,80,male,high,238.0,True,4,3,0,moderate,education,0,0
1.604578816212467,0.56740904753387,0.804721109760504,1.776307336834963,3.558282298674232,3.380659355127239,26.82523584765708,27,female,medium,506.0,False,3,3,1,moderate,radio/TV,1,0
0.6289294288451794,0.5886907616929881,0.4614587554644141,1.748915610109002,0.9562493572994152,0.2804209626320837,4.286651663418578,60,male,high,296.0,False,2,2,0,little,education,0,0
1.406891048150092,0.664315460890632,1.563476474412357,1.033311102085003,0.1145078157557569,0.0963977819869746,16.66841917419679,51,male,high,473.0,True,0,1,0,moderate,business,1,0
0.6907896175877657,0.5891691971484316,0.2776841991478786,0.6984498010269472,0.3280964162268239,0.8476327274489903,12.13648061108051,55,male,high,425.0,True,3,3,0,,car,1,0
1.66526132686338,1.530299033204308,1.495708171697094,0.3875422080253469,0.2352084795733315,0.7511801810464799,2.198725609472256,19,male,high,861.0,False,5,2,1,quite rich,radio/TV,1,0
1.790636957472684,1.459134336906377,0.8446631967550654,2.699564187599359,1.164058377382045,3.319480933486746,12.83790606812901,27,male,very_low,288.0,True,5,2,0,,car,0,0
2.496519934215379,1.373595334967157,0.263496584603727,2.208585065277182,5.775094004301352,4.929532267908032,54.82829318071123,72,female,medium,309.0,False,5,3,0,little,business,1,0
0.7184682214968581,1.786183083421873,0.5341086374802977,1.523949507768855,0.0651463457904692,0.1037633868175478,2.389029502217134,65,male,high,390.0,True,3,2,0,rich,car,0,0
1.015886992751657,0.5513377088412356,0.52471182782035,1.368777315212755,0.1900606566952643,0.2458776364135505,14.62639151827583,50,male,high,883.0,True,5,4,0,moderate,radio/TV,0,0
0.9113485177450422,0.6003760792542074,0.4176111214366116,0.5379271012791652,1.353829939080446,1.684128442915739,29.87127361479212,53,male,medium,279.0,True,4,3,0,quite rich,radio/TV,0,0
2.35605325176558,0.9860842116368072,1.659807566372339,0.3828807216130537,0.5158357424067407,0.8899032423361285,6.411811229234815,75,male,high,482.0,,0,0,0,little,furniture/equipment,1,0
0.5727209455088904,0.6318662925270114,0.8070084581709823,2.065539856626835,4.201289761436635,1.201589397137446,16.41107077386699,65,male,very_low,869.0,True,5,4,0,,business,1,0
1.396846659619504,0.7763790713337506,1.112333835642973,1.835053562676852,1.258419982786128,1.185811526438023,6.932927916442589,77,male,low,218.0,False,5,3,0,quite rich,furniture/equipment,0,0
2.793558784293248,0.9908362883282327,0.3340616308932499,0.2099468981053149,2.408347689764461,3.377656701922754,2.759222949068131,48,male,very_low,818.0,True,1,5,0,moderate,vacation/others,1,0
2.143208737968043,0.8847552382766916,0.6231862060458289,1.157780697543982,0.5402141440776249,0.2710541040971416,2.48299945953425,42,male,medium,266.0,False,5,3,0,rich,vacation/others,0,0
0.6298417736958496,1.188668963314149,0.5054998364146527,0.08443266341806714,0.9728785926362015,3.608325610296236,1.108978543799306,31,male,high,610.0,True,5,4,1,,furniture/equipment,1,0
1.076192285603883,0.987667829790207,0.8910105450422667,2.19396451949959,1.551344952738539,0.141582105613886,10.872780973848,32,male,high,431.0,True,5,2,1,little,car,1,0
0.6748783553705476,0.7060300890811737,0.5597741905984158,1.766847665157379,5.798044411897685,1.612370020931242,24.59582134676213,29,female,medium,713.0,True,5,3,1,rich,business,0,0
1.5653324654682,0.9058658003905061,0.391247362677271,0.4219091900883901,2.49261668695904,5.294325057761448,120.2132622041685,35,male,high,841.0,False,5,3,0,,domestic appliances,1,0
0.6392017029435129,0.532880193920518,0.318144929224264,2.515012230679673,2.945255522055422,6.671095632603962,66.8885201619189,24,female,high,157.0,False,5,3,0,,radio/TV,0,0
1.221004928937472,0.6620296486779614,1.512486193193884,1.718375522289158,1.741073060933471,1.394154886790975,5.975015235669474,84,male,high,689.0,True,4,3,0,little,domestic appliances,0,0
0.5247934079211418,1.187015476582191,0.8087235840697112,0.7172616214779846,0.1324624820397587,0.2734553389766444,7.477427523118742,35,male,low,396.0,False,2,2,0,little,radio/TV,1,0
0.5175936763872446,0.8816284903157909,0.5540822696177068,1.382225239993368,0.1799541498123493,0.189227574941814,6.765131950304415,62,male,high,886.0,True,0,0,0,moderate,domestic appliances,1,0
0.8212375329277303,0.6985038458699185,0.4863827544223621,1.30586766124546,0.04174716232747609,0.1687873309888605,15.63369948498091,64,male,low,883.0,True,1,3,0,little,car,1,0
1.715091415245913,0.4330771619877213,0.7398570154899263,0.8023623639231773,0.9166426858793199,2.154972280236268,16.26229794939848,35,male,high,851.0,False,5,4,0,,car,1,0
1.118911805303094,0.874208857978894,0.1253288295063198,8.742780899732896,6.859523048120782,2.27647019097177,17.31558216349216,48,male,low,213.0,False,0,0,0,rich,radio/TV,0,0
1.031381187462734,0.9679513518538461,0.5573375197271629,0.9658065484286367,0.768108213761052,0.4692289921973052,9.059944153682782,28,male,high,243.0,True,0,2,0,quite rich,furniture/equipment,1,0
1.094057866715294,0.892227809430769,1.57114002638918,0.8524129674073835,0.1314717557892227,0.1194326157406366,16.94456372422315,73,male,high,671.0,True,0,0,0,rich,car,0,0
0.7294590061259131,1.335448188968349,1.2266113490431,0.4171284491817992,5.242654165011031,1.164484427881961,8.128722388546638,85,male,medium,860.0,True,5,4,0,,furniture/equipment,0,0
0.7504450426570926,1.499305665042666,0.5389815234837396,0.2899829419843541,0.5076235178693975,1.404782930997451,7.972175111528987,83,male,medium,191.0,False,5,3,0,little,business,0,0
1.796203591305206,1.000682991797917,0.5726004971980555,0.2097797312280932,1.767533940724587,2.390542972822946,7.06777839752125,30,male,high,891.0,True,5,3,1,little,vacation/others,1,0
0.4811334052505667,0.7691174528930788,0.6365499912873671,2.768112848133716,3.164016113065857,2.189680726120032,14.7303652113603,59,male,high,943.0,True,0,1,0,moderate,domestic appliances,1,0
0.8321472213323128,1.355492772378777,2.177875381585691,1.290939390275965,1.857009117190455,0.1105913468044054,7.773689011820984,73,male,high,836.0,True,5,3,0,moderate,repairs,1,0
0.8171119422834427,0.9151521866946353,0.681528627071286,0.9413971543900145,1.322670519311247,1.289895962131033,12.39504836028341,40,male,high,861.0,True,0,0,0,,radio/TV,1,0
0.6174508716892644,1.280229386994673,0.2113185948649375,0.5350543057502464,2.009338110971239,0.9003510983677862,35.15763034190142,26,female,high,711.0,True,5,2,1,,car,1,0
0.3548484558426729,0.2555417987006653,0.1399416603307067,5.236234961193848,4.010337612990871,3.24567194957247,27.21082899962429,26,female,medium,717.0,True,5,3,1,little,domestic appliances,0,0
1.590071019322429,1.041144572470816,0.2623127567673905,2.116668248545422,1.514865592214136,0.9510066352412703,7.553076792632901,19,male,medium,163.0,False,0,0,0,quite rich,radio/TV,1,0
0.4935956714626673,1.538893767389711,0.9264044095128772,0.2973444639877328,0.8112155569184663,1.029258187791335,6.256940815273344,28,male,high,663.0,True,5,3,1,rich,radio/TV,0,0
0.8827566132927148,0.6506911829443572,0.624922435292894,5.314770679744964,2.665640551068988,2.311715271846386,13.57596547894744,29,male,high,800.0,True,5,1,1,moderate,education,0,0
0.8631599135214654,1.068586192040068,0.9099651348262789,1.718307566236227,1.10430845296027,0.5947032730961209,2.722370522181448,73,male,high,266.0,True,1,0,0,quite rich,car,1,0
0.6079217602697026,1.045662996837518,1.328154934701916,1.551444952112741,2.664818069819271,1.528405065232207,7.403337111309925,22,male,high,592.0,True,5,2,1,rich,furniture/equipment,1,0
0.9316129315449186,1.316192582689565,0.3555814297823719,1.54605705505507,0.4592805246678004,0.3026571874240264,4.548704855249824,57,male,high,441.0,False,3,3,0,rich,vacation/others,0,0
0.5030362934811904,0.3311802205756238,1.310679762293598,0.9495458606944286,0.02542524739753374,0.06059928829266362,5.365866126551304,50,male,high,725.0,False,2,3,0,,vacation/others,1,0
0.9729291118993724,1.494630222075475,0.8734828469817534,0.4918762316920814,1.532545465084547,0.6967833708543654,2.281375975394599,26,male,high,779.0,True,2,3,1,rich,furniture/equipment,1,0
1.201940065784673,0.9528844162210492,1.279445349035249,1.190194468896832,1.472138905077729,1.841477526665342,5.902549985369054,38,male,high,266.0,True,4,2,0,moderate,radio/TV,1,0
1.039848916444123,1.603436082366508,1.051310653990782,0.8867438034249292,3.283078390888247,0.8667868617612177,16.85809758588766,30,male,high,670.0,True,2,3,1,little,car,1,0
1.19189562279735,0.8448500154473938,1.119061969830886,0.5604620069891455,0.7385491222412112,0.3762141081377591,1.191462369956313,36,male,high,755.0,True,3,3,0,,business,0,0
2.012944944336462,1.518319834953832,0.7814438450708989,0.362107973893747,0.02754205398079504,0.3598354371967472,5.349481905561774,75,male,high,833.0,False,3,3,0,moderate,radio/TV,1,0
0.4315105707111989,1.35392901913797,0.704544508595284,0.255890244951996,1.853172221604811,1.694461293514906,3.710163193349715,31,male,high,191.0,False,1,3,0,little,car,0,0
1.057862292605086,0.7552243575681363,0.761254273831684,0.1544384221607003,0.04698598270449483,1.039161665840341,8.096022402345044,48,male,high,883.0,True,5,4,0,quite rich,radio/TV,0,0
1.607041265299385,1.067263169438557,0.2179816356068063,1.634260517850838,2.72075946354321,3.100047642609527,50.99290569628883,72,female,high,266.0,True,2,3,0,quite rich,furniture/equipment,1,0
1.092233661481647,0.8260108521011448,0.9696399296581454,1.010415188613004,0.7227847637691996,0.535810085135532,2.934926045328234,33,male,high,518.0,True,3,2,1,little,business,0,0
1.170982164047246,0.7777571994251364,1.294359457498973,0.9385404011109714,0.02144253941858634,0.06583412561725106,3.13736276635953,74,male,medium,822.0,False,3,2,0,moderate,radio/TV,1,0
1.676603777831471,0.912248075222666,0.6873091994303555,0.7722147903210562,0.05844343179071509,0.2932517092742613,22.66397828717367,54,male,medium,677.0,False,3,4,0,quite rich,education,1,0
0.7088932559734991,1.393203199359507,1.143719450112488,0.4349123306627095,0.2779128977502376,0.368014195111623,2.769595166612247,55,male,high,862.0,True,5,3,0,moderate,radio/TV,1,0
0.4720889045036437,0.9269046935828376,0.6906326027831865,0.4012227964625311,0.06742835820045477,0.5178534910948189,10.54825036747976,55,male,high,707.0,True,3,3,0,,car,1,0
0.2915436265676072,0.7372146087232685,0.7267602404490671,0.06250174736483269,0.006498576996174266,1.40905189879215,11.6838956123156,53,male,high,914.0,True,5,3,0,little,radio/TV,0,0
0.9424609840455886,0.4652444357408936,0.3285112254047254,2.353503749559689,2.67088353641524,1.006099002437842,12.24848936373101,25,male,high,923.0,True,0,1,1,,vacation/others,1,0
0.5634007380012714,0.8559152190062309,1.070822298352232,1.606951028262614,1.329009498541851,1.1972003276184,6.129356784673861,72,male,medium,959.0,True,5,3,0,quite rich,furniture/equipment,1,0
0.3445645650876734,1.38792958924065,1.477933694279023,1.141173172477477,5.650406788342194,0.3123955813930688,7.115788557696242,65,male,medium,292.0,True,3,4,0,,vacation/others,1,0
0.5044597797830559,1.142204776199836,1.543410702827555,0.5149728952164766,0.1387861236485461,0.1902805776285791,4.257357900311375,62,male,high,634.0,True,2,1,0,moderate,domestic appliances,1,0
1.995516981653568,0.6758157001152479,0.8569802122291688,4.566844961401677,0.5101751475375051,0.0219738405604808,4.611707774906375,46,male,high,905.0,True,5,2,0,moderate,education,0,0
1.07985933962564,0.735008093272795,1.461488904722229,2.757623585978142,0.9639037080391931,0.7079875069580853,0.9432469904242711,67,male,medium,929.0,True,2,2,0,rich,business,1,0
2.077322889869879,0.6943132710874086,0.9026447190705446,2.531129275709881,2.207122680504499,9.319761435210077,41.51324725105087,34,female,medium,798.0,True,4,2,1,rich,car,1,0
0.510531192187021,0.401883251164063,0.592677483072976,0.5585499479733481,1.816485893919153,1.127545123394951,9.75374709387642,45,male,medium,257.0,True,3,2,0,little,domestic appliances,0,0
1.545713782185997,1.200162369622366,0.529798370550302,0.1884691524402158,2.121678695576845,2.507254183884144,2.303665434305851,83,male,medium,399.0,True,1,0,0,rich,radio/TV,0,0
0.4762180192249663,1.405288312211486,0.5646521010478398,0.1423717822720424,0.5950478352866576,2.616819999091024,10.77618976139032,60,male,high,132.0,True,1,1,0,quite rich,education,1,0
1.679820612467522,0.9128213664696847,0.7867233447836276,0.7838712609066322,0.6445115916586635,5.461672740278866,17.37863180832633,37,male,high,793.0,True,4,3,0,rich,radio/TV,0,1
2.124514107980905,1.437294250198021,1.907471348270684,1.68956085628729,1.147577039603815,1.391249602542117,4.112852738549796,45,male,high,380.0,True,5,2,0,little,radio/TV,1,0
0.6259224104354842,0.7944076269220207,0.9630262669588284,1.047207416686686,2.747720681681342,0.4946698594705818,20.364894758745,25,female,medium,266.0,True,5,4,0,little,business,1,0
0.8553808101396104,0.9684209925989521,0.8255135711217728,1.034468365914295,3.153911214674524,0.4223492032823642,2.570661883454741,35,male,high,320.0,False,5,3,0,little,furniture/equipment,0,0
0.441325176031564,2.275129757218602,1.059779589139516,0.723441547299227,0.4355593677392771,0.3544343044648139,15.71188865624059,69,male,high,696.0,True,5,3,0,,car,1,0
3.526947480826535,0.7832386752110714,0.352186495467008,0.6917012344261636,0.3467441151511405,0.772586713303322,6.7575198589063,63,male,medium,126.0,False,5,2,0,moderate,furniture/equipment,1,0
0.9680764507914357,1.265215276238883,0.7570184994857849,0.05751050872834864,0.5069005040561172,3.129643252912218,4.523566006613756,48,male,high,186.0,False,5,2,0,rich,business,0,0
0.8802459204156309,1.366646426845258,1.195077445917275,2.597119604512125,7.124351716031352,0.1283109046087436,3.549966216583091,28,male,very_low,754.0,True,0,3,1,little,radio/TV,1,0
0.988918398108335,0.7562058847829546,1.046595208382362,1.950547744662007,3.393136275165537,2.135339317244878,15.49773603142326,38,male,high,396.0,False,5,2,0,little,education,1,0
1.322048797003289,0.7621781311120692,1.097731503477962,1.890587946894164,1.488319924222711,3.980451147840905,17.15245908470494,54,male,low,619.0,False,5,4,0,,repairs,1,0
0.8298080522695893,1.240220348572001,0.3368885951708415,1.18964801023644,1.306681171824875,0.5863939407967802,4.236277307252429,25,male,very_low,669.0,True,3,0,1,little,car,0,0
3.167590383166008,0.8975475519412195,1.68260443653001,1.039341408081835,1.598040532232492,0.1416097378461561,1.446753077014221,85,male,medium,653.0,True,5,3,0,,radio/TV,0,0
1.101443991559975,1.319658417797502,0.6184423404467532,1.010748485529252,4.174588139785796,0.7332489476009153,7.487730560615003,62,male,medium,731.0,True,5,3,0,,furniture/equipment,1,0
0.2648469901519554,1.640413514643682,0.6296946315460996,0.4347743536797659,2.210652907107275,2.141531825962606,32.20299653221228,40,male,high,807.0,False,3,3,0,little,education,1,0
0.5431691403525045,0.3916713828030475,1.300263576689281,0.3718933931732634,1.319502512607456,0.6837129996856667,4.387844844065196,82,male,medium,554.0,True,5,3,0,moderate,furniture/equipment,1,0
0.8689195745224357,1.709731967991376,0.5723861529488464,0.3054988093570076,0.04670770500413266,0.5435582865908734,1.904837966475008,27,male,very_low,837.0,False,5,0,1,,radio/TV,0,0
3.043137797241807,0.3248834025537396,0.8917660922515341,0.2159856004196317,0.4171287566812092,1.061429783760694,5.301022791766372,27,male,very_low,827.0,True,4,4,1,moderate,radio/TV,1,0
0.4898289246039234,1.097276527300791,0.9889545969461911,1.046296290667623,1.62121316071753,2.404094953690945,12.82369990760799,52,male,high,795.0,True,0,0,0,little,car,0,0
1.140055146410398,0.6191375670575779,0.5433453985320087,0.9202507175974614,1.660171060897343,0.680324583822267,6.659567512925163,45,male,very_low,431.0,False,0,0,0,,vacation/others,1,0
1.168214855931843,0.3703057803275865,1.065659383728416,0.831469609866602,2.218191232506653,0.4425743014709942,5.48609138593768,36,male,very_low,733.0,True,5,4,0,rich,radio/TV,1,0
1.044001621060746,1.0363041363993,1.992854880732187,0.5065137879788629,0.5519133540657869,3.058318775998915,19.02355112869518,56,female,low,787.0,True,5,3,0,rich,education,0,0
0.5751808489914374,0.8927510536933858,0.3562851032457685,3.607194400912625,11.3510761539053,1.685177861840937,27.88532606096676,69,female,high,707.0,True,3,3,0,quite rich,domestic appliances,1,0
1.166956562900161,1.196578659551252,0.6643875861083897,0.9657253173657804,0.2284164268113034,0.2389435224645512,2.94649705680708,80,male,high,218.0,True,0,2,0,little,car,0,0
0.6289481757600217,0.8712377464106887,1.454458314680372,0.8413987365708107,14.65786302294193,0.6563013590631755,3.535140993430987,78,male,high,799.0,True,3,3,0,moderate,repairs,0,0
2.511946376771473,1.307733991178972,1.032917735052217,0.540882522717615,7.872083965334851,1.075495826063524,7.009181852373285,63,male,medium,266.0,,0,0,0,rich,car,1,0
1.831091821662617,1.377483677942796,1.124657532193329,4.122317231333525,0.2346145369781145,0.01822879726068463,16.25551218231245,22,male,high,669.0,True,5,3,1,moderate,education,0,0
0.331776488415508,0.7791248192473526,0.1808242045654886,2.845992847065578,5.572778449813606,0.9259559258789224,14.13122458589491,75,male,very_low,724.0,False,5,3,0,moderate,radio/TV,0,0
0.4433164852337968,0.5558691638454956,0.7151722439431721,1.868780958477622,3.098810024737531,1.469565657843601,18.30168035639997,53,male,medium,439.0,True,5,1,0,quite rich,vacation/others,0,0
2.238710006756222,1.100070105539704,0.2026508639686395,1.665139273623282,3.830946440199448,2.018425154840279,43.32340614717246,20,female,high,168.0,True,2,2,0,,radio/TV,0,0
0.5512601095143096,0.9470854598037968,0.2336527901440886,0.8730287243155915,2.655141492022794,1.709944307130152,18.50265727027139,19,female,high,727.0,False,2,3,1,rich,business,1,0
0.9417983102099377,1.336346172944269,0.6262692187340763,0.824300430448054,0.4745880723006021,0.463165958470245,9.121783168037034,56,male,high,909.0,True,3,4,0,moderate,radio/TV,0,0
0.861968106429632,0.9539071796594278,0.8978182337301757,0.3796941519531968,7.824615697000231,1.585726458917345,4.322855303647774,85,male,medium,275.0,True,2,3,0,quite rich,radio/TV,1,0
3.678762537618935,0.8510702155790618,1.039093420752755,0.2069907123147018,0.05164801970051278,0.5011850631565233,1.548596699806848,79,male,high,417.0,True,0,0,0,moderate,car,1,0
1.053284942987705,0.8869267550002825,0.5131397530469809,0.1699914422031091,1.287191411843847,2.687271093807778,9.009898828182845,70,male,high,589.0,False,5,3,0,,education,1,0
1.188957289230821,1.124266723033757,0.9024166721761809,2.623790496489523,2.285228926601758,1.293395585330717,6.844090327096647,77,male,medium,247.0,True,4,3,0,,education,1,0
0.866061179959057,1.207589600041844,0.9609264303995358,1.568106288289812,1.318707669297319,1.735361850953486,10.25009855116837,29,male,very_low,487.0,False,4,3,1,little,radio/TV,1,0
0.8360961803343865,1.870575508865618,0.5264601431796587,0.6746273117736542,0.1228451402959477,0.4204849915653791,5.140186928760365,58,male,medium,309.0,False,4,2,0,quite rich,radio/TV,0,0
0.8501752333728103,1.002733735829284,0.8189263708238782,0.3885693397711071,0.8271493483873131,0.910862431456116,5.490986124161016,72,male,medium,266.0,True,2,3,0,little,furniture/equipment,1,0
2.380311873647649,1.198183798273663,0.7913387846508259,0.1831688981399025,0.01842315510020105,0.8516130938758887,27.49536489541026,73,female,high,,True,4,3,0,moderate,radio/TV,1,0
1.612484525995272,0.8269121801362718,1.623934747619092,2.464967827934755,14.09037918084682,0.1192735274268443,2.493210856910188,45,male,high,266.0,True,0,0,0,quite rich,vacation/others,0,0
0.4174865402727582,1.25542792204696,0.5351905260102037,1.706724915009465,3.519239163313595,3.126272958443405,39.87457235324067,47,male,high,879.0,True,5,2,0,,business,0,0
1.644339358729533,0.7091101298762579,0.9332655662938396,1.650961312983096,1.652127849258676,1.354350146721158,6.932609229814041,82,male,medium,881.0,False,0,0,0,moderate,car,1,0
1.530824711467708,1.518303230286692,1.045341797883759,1.055011109813465,1.145266646413539,0.5214373445248466,3.734817405872594,18,male,high,482.0,False,0,0,1,moderate,repairs,1,0
1.171839415953086,0.5596449123952758,0.6521662607223331,0.7211509285425699,0.5199951242040335,0.4484750879760979,4.404097291831551,78,male,medium,830.0,False,5,3,0,quite rich,repairs,1,0
2.300625349319632,1.630191018638895,0.5277007549413347,1.413712307388323,1.936633255969098,3.754769108541745,22.87994789155057,19,female,medium,451.0,True,5,3,1,,car,1,1
0.7851116017921195,1.403268747227541,0.9292300966825786,1.670432696362478,1.378048756644295,7.503097544155854,29.61980912288909,52,male,high,350.0,True,0,0,0,,furniture/equipment,1,0
1.052186035634869,0.7145017601306517,1.665823304749459,0.7189115033688162,0.6438965439204182,0.223359092435562,7.731540453636682,74,male,high,636.0,False,5,3,0,quite rich,domestic appliances,1,0
1.100077257153016,1.52477973988903,0.9696946558655067,0.2186735166015987,0.3405182104170651,0.9284907710917443,7.770763913471308,28,male,high,836.0,True,4,5,1,little,car,1,0
0.9951164744159929,1.838295210779092,0.8737061801201977,3.77864609347042,3.116952885986511,4.46480056208364,20.45309909546322,24,female,high,785.0,False,5,3,1,moderate,car,1,0
4.754112365894745,0.9280647204373702,0.5748740247369977,3.67554341453002,2.038506675418791,0.8343843063073588,3.575145621487473,69,male,medium,266.0,True,0,0,0,,vacation/others,1,0
1.218751328944747,0.5814400453343513,2.006288122324919,2.210956640554504,1.138742167998414,0.03406234524991406,2.429319377924431,59,male,high,516.0,True,3,4,0,little,radio/TV,0,0
0.8668622711098827,1.111580169857443,0.4421136631459592,1.751995098938887,1.649110720351189,2.621624602799609,32.17355298338387,38,male,high,522.0,True,5,3,0,quite rich,furniture/equipment,0,0
0.6676433855977504,0.6417586329932672,0.5370236224685611,0.5122003599240608,0.06704910141098623,0.4260953000199154,2.343800005443483,35,male,low,715.0,False,5,3,0,quite rich,radio/TV,1,0
0.5423799514883805,1.06287051087194,0.6119176147340731,0.1501294782593984,0.7585510829396878,2.053925060445803,2.357731075498348,27,male,very_low,,False,0,0,1,rich,repairs,0,0
2.049429745098827,1.41997598393631,0.5055096265055341,0.9992873656678891,0.9176963559486121,2.145107871380337,16.34701082044313,45,male,low,892.0,True,5,1,0,moderate,radio/TV,1,0
0.5282588971287444,0.9377008887980761,1.190516399504319,0.4315210777904458,0.322109251646602,1.434183177572883,8.082001066753726,80,male,high,824.0,True,0,0,0,little,car,1,0
1.934708847789222,0.5655658055504735,0.7502429041225382,0.3673992321710821,0.1437737043070478,0.5169576271190843,3.343137587019011,29,male,high,367.0,True,2,2,0,quite rich,domestic appliances,0,0
0.5544228743853599,0.809875783131448,1.140095775619726,0.2652824788560851,2.746929808271342,1.365140959507247,4.879167133308387,46,male,medium,324.0,False,3,3,0,,radio/TV,0,0
0.4754479732357654,0.8028282693363956,0.4444851272597466,0.2098036428066411,0.04688954902893456,1.032294999917204,3.284782801822081,37,male,medium,313.0,True,3,1,0,little,business,0,0
2.288768303506641,0.7915223455597712,1.196260215123953,1.65110318656081,0.3424867813165196,0.09027378511869473,11.07870198197679,60,male,high,266.0,True,1,1,0,little,radio/TV,1,0
3.05399961664287,1.302017684985216,0.7283180627829917,1.231516822012619,0.1235993451613853,0.150569521820338,5.247554955999435,34,male,high,163.0,True,3,2,0,little,business,0,0
0.6083911797118704,0.4512865256191095,0.8039662546108773,0.9929164952827673,1.819145862015603,2.51215113786996,44.15410572613519,18,female,medium,266.0,False,3,3,0,little,domestic appliances,1,0
0.3802809123384652,0.9808905902040653,0.9539782746706819,0.8791612280351526,0.3818762167302673,0.9311758195916415,7.545304119184955,31,male,high,223.0,False,5,2,0,quite rich,radio/TV,0,0
0.159109468689265,0.6694063771964449,1.790789305938542,0.333116438195875,0.6175129360242437,4.047665137671382,26.96578893296964,66,female,medium,266.0,False,0,0,0,,furniture/equipment,1,0
1.838442201296363,1.315063937806215,0.6232702112215378,6.353418725763927,0.607757356422679,0.01945930791810297,7.278763497604022,59,male,high,266.0,False,0,0,0,moderate,furniture/equipment,0,0
1.491669062339179,0.7159196711211404,0.8663147542052406,2.083575226107716,0.2590520005638263,0.0823452602105033,12.15777157316493,55,male,medium,433.0,False,5,2,0,rich,domestic appliances,0,0
2.000415365309543,0.7540361765580741,0.7595268540431096,1.277268328490768,0.0222740933422885,0.06667984412966155,2.432602787146681,65,male,high,252.0,True,5,3,0,little,furniture/equipment,0,0
1.660811937630864,0.874893405450027,1.030016726586554,1.212468802529086,1.58491163884589,1.236337773250386,9.2480427362831,75,male,medium,112.0,False,5,4,0,,education,1,0
1.125728520041435,0.9922404809959067,0.7240871414574548,0.7666293029761998,0.6764782478878717,3.332074685649408,22.1182090669746,35,male,medium,360.0,False,5,4,0,,radio/TV,0,0
0.4580727821832666,1.041879119621489,0.4981165415193978,0.3888314585428524,0.02737224542369705,0.5239392906708275,5.343836044974507,60,male,medium,692.0,False,0,0,0,,business,0,0
1.228849977257535,1.298904275579407,0.593614394624524,0.2376215531833687,0.3481272582496795,1.456621145117514,8.84531433126138,68,male,very_low,313.0,True,2,1,0,moderate,car,1,0
0.6420516663561078,0.472989098524734,0.1422828743934988,4.918420891917438,1.741071718332463,2.401758204034063,10.50016537618711,43,male,high,550.0,True,5,1,0,moderate,car,0,0
0.9669770980687002,0.7028633917525376,0.2665571712609525,3.775933639858628,8.139249272107875,3.069795420680074,40.74007811321134,56,female,medium,568.0,False,5,3,0,moderate,education,0,0
0.62765079077821,1.451607448235698,0.5682280415080841,1.33800655939488,0.2621273251794973,0.1954786316550006,2.58900228049395,28,male,low,525.0,True,3,3,1,rich,radio/TV,1,0
0.8719514148878177,0.843203657041812,0.6584600864823826,1.330658698771275,1.491472684056007,0.3131020726327436,5.494570907828805,28,male,high,796.0,True,5,1,1,little,car,0,0
0.9762457573660187,0.6979762074016025,0.7526094064471357,1.080419850966571,3.111953214394741,0.567203910037907,13.15589948279836,32,male,very_low,579.0,True,3,2,1,moderate,business,1,0
1.572587786793598,1.57054884604462,0.4378372547719749,0.3438731423623563,0.457576853309252,1.475291640290194,7.872291072261998,85,male,medium,266.0,False,3,2,0,quite rich,car,1,0
0.7126682874437019,0.6827781093556187,0.7114613137917757,0.2352450554340962,0.6469191980347706,1.013952047351592,0.5297180785161574,78,male,high,197.0,False,3,2,0,,radio/TV,1,0
0.2931426005388054,0.9211517213818649,1.940404830592774,0.1467337306889258,0.6696224047296734,1.230569172256038,15.33394950266996,72,male,very_low,829.0,True,5,4,0,moderate,repairs,1,0
1.701084817877125,0.521875219310186,0.570673405327048,2.871358579105962,3.371214317531441,7.723858081600894,40.24224247525856,34,female,low,266.0,,0,0,0,quite rich,furniture/equipment,1,0
0.6252953974211699,0.7314142261349657,0.922410314409921,1.994183346639097,1.433278835074936,2.248197678592452,11.68750508296833,28,male,medium,842.0,True,5,2,1,little,business,0,0
0.3545356211586063,0.7271689940175768,0.5596622374785615,1.48396581875332,6.77766926556709,6.920054700427732,99.50619626595191,49,male,high,673.0,True,3,1,0,moderate,education,0,0
1.439146040221397,0.8973714267451683,1.864586824160929,1.315180443391704,0.2384625194532118,0.05291050175811998,3.603910538531824,69,male,high,533.0,True,5,1,0,little,car,1,0
1.470604818547602,1.115153623171356,0.8103608614803482,0.8078495298441289,0.617896894513877,0.3431445223073643,4.369257930449653,75,male,high,587.0,True,2,2,0,rich,radio/TV,1,0
1.644434085810602,0.8115967371846223,0.8056727020811828,0.6340125727267629,0.8593607887358867,0.4497983068854549,0.7701680487154419,65,male,high,856.0,True,5,3,0,little,domestic appliances,1,0
0.4184618650520412,1.409242436923023,0.7248051270813318,0.6012995346324339,2.288480010702653,0.7170607881639111,1.006759397252547,28,male,very_low,637.0,True,1,2,1,little,radio/TV,0,0
1.335644245965975,0.4194370098259398,0.4362643469194966,0.08783570658555796,0.001210958288508143,1.111125332781584,8.733943744338582,76,male,high,823.0,True,1,0,0,,radio/TV,0,0
1.977051738404246,0.3993035606036319,1.461898650561232,1.800173599285751,0.708308106231853,2.494775502475083,5.702054789005424,44,male,high,489.0,False,0,0,0,moderate,business,1,0
0.5321285629229683,1.682478169341428,1.700709695723521,0.2491598543046901,2.34636194742941,3.979132003812002,90.95491279126387,50,male,high,252.0,True,0,0,0,,furniture/equipment,0,0
0.6944206443816199,1.466092275017918,1.04359773802558,2.640013024487604,1.490419810635635,2.683417359661328,20.3756541035503,68,female,medium,891.0,True,4,3,0,,car,1,0
1.181501536902233,0.6760629001533336,0.7967646267339855,1.337674127143376,3.140995296245949,4.110817778736394,39.99351116383001,66,female,high,168.0,True,3,3,0,rich,car,1,0
1.19757579998718,0.9481031263964432,1.706075270523501,1.217521661555836,0.4043131006972785,1.905748646614639,5.309846512322062,64,male,high,797.0,True,0,0,0,,car,1,0
1.098383778653833,1.138552832984742,0.7164164103458213,0.436478800250799,3.808533211419913,1.507058611856788,7.186862635845302,66,male,high,698.0,True,0,0,0,little,radio/TV,1,0
1.248015522688704,1.778751048864416,0.7221588383248332,0.3653211489526638,0.01653055839458022,0.3215901678385298,2.140050770473161,54,male,high,775.0,False,0,0,0,moderate,repairs,1,0
0.5556245423199334,1.067401842589676,1.581562240246461,0.3105156807221462,0.04073449909110793,0.2082194381850515,2.256941884414952,84,male,high,954.0,True,3,0,0,quite rich,education,1,0
0.4381941829190919,0.3253162349526527,0.8742633868434487,0.09031770331699489,0.3562275116191734,2.663990262395581,22.73259068138623,23,female,high,876.0,True,5,4,1,,vacation/others,1,0
0.5630921467415942,1.929003212651026,0.6174549141808905,2.576341518275049,14.06866150793669,0.309943443464348,4.790664331011161,24,male,high,562.0,True,5,3,1,moderate,repairs,0,0
0.6054310679208819,0.8716557214600942,0.4423081113280842,0.9138211323812405,1.650215755950608,5.592856197326828,50.52058847487644,55,male,high,328.0,True,5,3,0,little,repairs,0,0
1.43848088572846,0.6739062192047108,1.353112850445789,0.8203669115795033,0.04362584508289953,0.1012126006267365,12.20434435171807,32,male,medium,820.0,True,3,3,1,little,vacation/others,1,0
1.156280907934812,1.243788867465725,0.9575779826208196,0.2681867864799565,0.5472359603267661,1.190194473668087,18.05126839872995,52,male,medium,799.0,False,5,3,0,moderate,radio/TV,0,0
1.135359670166731,0.794086649673385,1.103379068536942,1.296989368843358,0.80313489274451,0.1755228319164304,6.857010119055714,32,male,high,653.0,False,5,3,1,rich,furniture/equipment,1,0
2.147344744418997,1.366854836356971,1.442470235712845,0.8094725764816586,1.938161549569878,0.3120893259865035,12.15098014165824,60,male,high,364.0,False,0,0,0,quite rich,repairs,1,0
0.6930728031535948,1.439612731973409,2.333800613519324,0.1944893683662736,2.446650111727321,0.8411610685267122,6.677700792600665,72,male,medium,508.0,True,5,3,0,moderate,business,0,0
0.7395234473945309,0.7710086005088131,1.152291048502735,0.1778657542325682,0.04889832901014297,0.6030067577425363,7.145278816955852,56,male,high,218.0,False,5,3,0,quite rich,furniture/equipment,1,0
1.313122485190646,1.260113824798617,0.9710654554124626,0.02531683714970442,2.052795324946709,5.99434963359188,4.244128451842962,49,male,medium,144.0,True,5,3,0,quite rich,domestic appliances,1,0
1.221936032675139,1.64332530046474,0.4184718516802282,7.97493466497504,2.61967235324042,4.702383228520156,9.225126015834306,75,male,very_low,449.0,True,3,4,0,little,education,1,0
0.6259259886921035,0.9588593866592269,0.7259468222272054,4.259044805002929,6.617986804355768,3.952411926693799,31.77176214372916,49,male,high,454.0,True,0,0,0,little,radio/TV,1,0
0.8270958416323956,0.5558478421664413,0.5436895955766361,0.6936278876160034,2.144836439871578,1.037780130952302,10.83375985805926,22,male,high,826.0,False,5,3,1,rich,furniture/equipment,0,0
0.9260244142038868,0.6147090693319822,0.695312635800345,0.3434758499272981,0.1407834119477578,0.6461674866025171,4.710787167952436,21,male,medium,759.0,False,4,2,1,,car,1,0
1.093384292809981,2.506905973372464,0.6878372782890223,1.317748923599812,4.18724842156471,2.286543640816439,10.05362223487032,18,male,medium,466.0,True,4,0,1,little,car,1,1
1.657915620886607,0.8200347479932963,1.299087485479143,4.81436337928964,0.1527383199272001,0.008499833855887685,8.436679108197936,83,male,high,892.0,False,2,2,0,quite rich,repairs,0,0
0.4640856097045486,0.6069109301117808,0.5036508225193354,2.969680567266118,6.631452693161203,1.95679197285355,17.47142329100558,72,male,high,459.0,True,5,4,0,little,radio/TV,1,0
1.846164228761153,1.327228208444998,0.9094804493098624,2.028760306362504,1.088594752361311,0.8602818570980842,3.589372103296513,23,male,high,849.0,True,1,2,1,little,furniture/equipment,1,0
0.7906791552483972,0.6081563786309484,1.210245001169408,1.858115815217971,1.663252520817971,1.138036330121389,5.557611199346759,48,male,high,549.0,True,5,2,0,moderate,vacation/others,0,0
0.4642139191727682,0.5311138596787204,1.121962666961665,1.698068941193011,0.4945461614355923,0.08777542270240869,3.915956666374308,32,male,high,238.0,True,5,3,0,little,business,1,0
0.2112844323268143,1.240694422810627,0.9494060760921244,1.027180052276468,0.9291716552446939,0.2410731359926473,2.710351388853456,51,male,high,223.0,False,5,3,0,quite rich,repairs,0,0
1.389063975041253,1.27347325019178,0.3474900076387791,0.6721055677118277,0.2431627402934913,0.7356474905949261,8.399374296436335,45,male,medium,266.0,True,3,2,0,little,car,1,0
0.7889689412571537,1.212617990024626,0.4475495867413865,0.446950621050105,0.1052099515033866,0.7836377939446999,9.934392228477186,61,male,very_low,557.0,False,5,5,0,little,furniture/equipment,1,0
3.318030737786166,0.6782951743690345,0.8735664894652836,0.3282815582279655,0.563571518950115,0.8125551908500566,4.335926983161504,62,male,high,590.0,False,5,3,0,quite rich,vacation/others,1,0
0.9413659352020638,0.5613878739460212,0.5899352066434926,2.862599056199518,3.100065074081917,1.130458353565749,11.39855657135632,37,male,low,926.0,False,5,3,0,moderate,vacation/others,0,0
0.3223315507480725,1.39171513776836,0.4758357609178123,1.950655136885716,1.371001127492974,0.9482404562716807,3.843727978683281,34,male,low,266.0,True,1,1,0,moderate,car,1,0
1.288555097893865,0.9633866072788677,1.074502852423531,1.705614588352523,3.308266498496378,2.272146079974171,13.98176583110811,28,male,high,918.0,True,3,4,1,little,radio/TV,0,0
1.089948899714861,0.7395335462836842,0.8058534808084458,1.203962821769456,2.363285732819643,2.928719795850523,38.22174523479792,31,female,high,339.0,True,5,3,0,,business,0,0
1.028013864120883,2.049855554741252,0.6329913270023453,1.025969282651701,2.179649443549161,0.6428864766859689,12.09825491695036,18,male,very_low,540.0,False,5,3,1,moderate,vacation/others,1,0
1.023083597467888,1.22689239230984,0.6011008585311959,0.6967312112124702,0.9500182532840054,0.7139277157105265,11.88793513235195,22,male,medium,292.0,False,0,0,0,little,radio/TV,0,0
1.447990348735854,0.6314988936787439,0.8208644841326166,0.2923137646452671,0.3957819690520162,0.8252733939973403,7.024637931307432,26,male,high,197.0,False,5,3,0,moderate,business,1,0
0.4298132791810343,0.6517029051315109,0.9845048192736376,0.1070257234949884,0.003199380204539978,0.5252412236274255,3.218702220552175,32,male,medium,,True,5,3,1,little,vacation/others,0,0
3.134436409805116,0.7567252224855379,0.7409431843481279,1.25856235132934,2.515241112072492,1.36219037082462,10.65108327150821,66,male,low,354.0,True,5,3,0,little,repairs,1,0
1.096029691132998,1.524035376795969,1.86655034552015,0.3502161355189956,1.847985801530899,1.62000399399006,15.31454125875518,65,male,high,454.0,True,5,3,0,,car,0,0
2.963492032859211,0.7197689076742477,0.3474549550590236,9.417064793391443,2.001848796411015,1.477914151780643,3.065063632166465,67,male,high,805.0,True,5,3,0,quite rich,radio/TV,0,0
1.690213152847187,1.178661750080964,0.6327732096952091,1.487626705561277,1.563186853601964,0.2551669664715219,2.11443883471218,41,male,medium,309.0,False,5,2,0,,car,1,0
1.577396834610062,0.693606884951293,2.118085948401585,1.362031545676276,0.8487077818523381,0.0638287413022719,4.973412950518736,60,male,high,850.0,False,5,3,0,little,repairs,0,0
0.7760138757592908,1.061270682349324,1.290886304387217,0.7066682271799882,13.02967098347729,0.7017896395283153,2.506811229679082,68,male,medium,207.0,True,3,4,0,rich,education,0,0
1.770249295111152,0.9623859491304265,0.7413527095892162,0.5115226595646675,0.07684857310735088,0.377360146169689,6.938998645624592,50,male,high,233.0,False,5,3,0,,furniture/equipment,0,0
1.601539168286643,2.413564400388815,1.063206065245903,0.4669065314167716,0.09767399085944141,0.2908815982308963,3.513703212416782,57,male,high,937.0,True,5,3,0,rich,repairs,0,0
0.4223234337773488,1.344362072025581,0.4805289767905162,0.3073300400690256,0.3571384695402793,1.189936256736205,3.406508635189955,39,male,high,605.0,True,1,2,0,little,car,0,0
0.7400572567445449,0.6286804363626076,1.026906231781621,0.2585013026458414,0.05852809178173028,0.49019190066591,7.98145881046409,26,male,high,835.0,False,5,3,1,,business,1,0
1.606017732291572,1.046776716374566,0.7346926029925398,2.427182579138913,9.275704119461737e-05,0.01017729911334708,17.13021442105335,49,male,high,405.0,True,5,3,0,moderate,business,1,0
0.6762962559538731,0.813466276777604,0.5831651056613749,0.2702736108415176,0.3715446314568728,1.110153033476723,3.009049678521357,79,male,high,909.0,True,0,0,0,little,business,1,0
2.406465529151343,1.28402802893008,0.6086615053066295,2.624927651136139,2.600742141029811,0.5050882762584982,2.816743471359545,23,male,medium,498.0,False,5,4,1,rich,furniture/equipment,1,0
0.8776353234207034,0.6139807676705825,0.2831594523982481,2.45918503044739,4.104538083652596,1.497702157522221,21.88446161089172,52,male,medium,296.0,True,5,3,0,little,vacation/others,0,0
1.421166978081527,1.088493936635968,1.128011740491219,1.892662272743815,1.746696013992513,5.181867420030352,25.98627921903695,31,female,medium,473.0,True,5,4,1,moderate,radio/TV,0,0
0.6167666522123064,0.786912618432533,0.6911573964120147,1.21461916798613,0.8177068017933397,0.5212289155860593,2.524579791342916,61,male,medium,565.0,True,0,2,0,,car,0,0
3.201531595527575,1.190446788921291,1.339559712638228,0.9919622992087155,4.719999863403133,0.4481718532836476,16.56512403224817,58,female,medium,955.0,True,0,0,0,moderate,radio/TV,1,0
0.7125744124552432,1.141940140653748,0.6000482465117227,2.858003995637983,1.847846433849201,1.662786623844747,4.951907554586785,66,male,high,763.0,False,0,0,0,little,radio/TV,1,0
1.115939964453978,1.320985985182808,1.551240110293685,2.261891506980354,1.604540361933264,5.167081523445248,12.53822725235047,20,male,medium,144.0,True,3,3,0,little,business,1,0
0.7704376517721859,1.461402646722036,0.6736838947789716,1.119636577938118,1.568287561031682,2.104066999187287,16.78037891764204,61,male,high,332.0,False,3,3,0,little,car,0,0
0.3165250621676505,0.8699459358922395,0.6705098773701883,1.049401047191444,2.593390554463242,0.5733075573192914,4.587861594166235,42,male,medium,186.0,True,3,3,0,little,repairs,1,0
1.094631038478913,1.002130597645769,0.784460639395549,1.029557972284836,0.2335760318638268,0.2036819355455549,5.233925977347688,32,male,medium,,True,3,3,1,moderate,radio/TV,0,0
2.14330034455166,0.9557356671461575,0.7743885174595099,0.468450555988484,0.108249639778335,0.4291292964152167,5.312730567846654,19,male,medium,393.0,False,2,1,0,moderate,furniture/equipment,0,0
0.7914699639994438,1.287608783600597,2.465535446409545,0.1424970057593245,0.6004802975652991,2.681720382468839,17.6982982603354,37,male,high,625.0,True,5,1,0,moderate,radio/TV,1,0
0.9354774930905316,0.8376472776662144,0.706853569420398,1.085154526258873,0.08086957408547968,0.1605947112217272,10.73567174740179,32,male,high,842.0,False,4,4,1,moderate,car,0,0
1.586711736990131,1.02263372338464,1.876792746090415,1.31295160691864,0.3683851824015928,0.06220502429319361,7.807277154982692,28,male,medium,296.0,True,1,3,0,moderate,repairs,1,0
0.8643805838038127,0.7099670989994233,0.5361731566924766,0.9570092740129806,0.3053887900767434,0.3435191483665382,7.03286768294033,49,male,low,493.0,True,5,4,0,rich,vacation/others,1,0
0.3593405182164076,0.6383737866110952,1.022430559432733,0.7137925779015832,0.6165632423733917,2.589652820222163,17.10830011964564,85,male,high,770.0,True,5,4,0,,radio/TV,0,0
1.156843449942678,1.110194571941271,0.5903886627298456,0.6529452426734343,0.2888496913459063,0.4778723143289467,5.04737677040973,53,male,medium,266.0,True,5,4,0,,radio/TV,1,0
2.592288610380006,1.281679014557122,0.7097380105984522,0.2816854212106096,0.1103858777236519,0.6816400206684861,4.463226081251283,50,male,medium,844.0,True,3,2,0,moderate,radio/TV,1,0
3.413872031946013,1.25462385013486,0.2086261932553365,3.285429701062033,3.87489984991591,2.3019351789048,29.11697129933595,77,female,very_low,660.0,True,1,3,0,moderate,radio/TV,0,0
1.684154538401927,2.385916658760988,0.9537924450589274,1.780539185176096,1.183666450626519,0.1616581036152193,7.060950956385411,57,male,medium,704.0,False,0,0,0,little,radio/TV,1,0
1.321126437722822,0.8234780260207939,0.7327507405314926,1.58992097116237,4.500951694981906,1.894217963430848,19.78815755908336,22,female,medium,585.0,True,3,0,1,rich,education,1,0
0.4407507157375269,0.9737208145910924,0.3280403285911492,0.5863688024694469,0.3892209706418239,1.149938312704591,22.95432874652285,51,male,medium,545.0,True,5,3,0,moderate,domestic appliances,0,0
1.073749879593306,1.301463978777559,0.4004059106015481,0.3833795053939713,0.1421348290351605,0.9343349755116376,5.362283397062698,32,male,medium,895.0,True,5,2,1,quite rich,business,0,0
1.10495069325282,0.5932779597360827,0.1752129515092866,3.79410000110637,5.531618584491359,1.322431263427853,11.58151967056491,55,male,low,710.0,True,0,2,0,,car,1,0
0.5063177472293979,0.5158363295750883,1.102641060466579,3.282269148780723,0.07928027572404306,0.01459623197562912,4.15023761953129,53,male,medium,943.0,False,4,2,0,little,radio/TV,1,0
0.7461210501352638,0.6820712773462834,0.9247234500155207,1.6397672061233,2.788594994150704,0.2683420507155496,11.74805310381881,68,male,high,797.0,True,1,2,0,quite rich,repairs,0,0
0.6957690529480246,1.240096654938515,0.2874682997488969,1.057940498814139,1.099849331845307,1.034925756266805,11.80509881460133,80,male,high,781.0,True,0,0,0,little,radio/TV,0,0
1.070706740615489,0.5429443570018442,0.7391153508227833,0.7474375873651857,1.5604584990643,1.934245030525261,26.16166761162997,73,female,high,266.0,True,5,2,0,little,vacation/others,1,0
1.469985095482585,0.8351035074616417,0.4741495159563403,0.2190733637351981,4.478438996533078,3.070985317987993,1.061312971076931,80,male,high,459.0,True,5,3,0,quite rich,car,0,0
1.737301404018722,0.8666866494016712,0.3977247606529869,0.04436764096729223,0.6649609726945656,6.907210779257809,13.19667511397452,56,male,medium,808.0,True,4,3,0,little,car,0,0
1.239019108571906,0.6613372832785929,0.5544114422156287,0.3815773899711501,0.2291133283146846,0.8530273975968545,7.115723154782126,46,male,medium,366.0,False,3,3,0,moderate,vacation/others,1,1
1.009327100496517,0.6502290807091574,1.32303163222057,2.114426941365399,1.277551708380564,1.538762094770918,5.67236828790513,43,male,high,634.0,True,2,3,0,moderate,vacation/others,1,0
0.3763661684282562,0.9496944028764431,0.8924719470576764,1.558240570801247,1.841762373543893,0.2301564071910547,7.128279616533453,58,male,low,266.0,True,3,2,0,quite rich,radio/TV,0,0
1.143875289221434,1.301440083076127,1.132139947058241,0.8405453565052737,2.812310311124843,2.413451596977664,24.16593585343941,58,female,medium,909.0,True,1,4,0,moderate,car,0,0
1.518907415546405,1.019236281541082,1.166745433447325,0.06555346688736965,0.2207526514920969,1.441174417783845,1.468485498044436,62,male,medium,446.0,False,0,0,0,rich,car,1,0
1.140212591625998,0.6343871975574595,0.3557006663304024,4.298167027115554,0.6106593685911363,0.07090029554508794,5.512345656875686,65,male,high,740.0,True,3,3,0,little,car,1,0
0.5100603703251447,0.7905411837832463,0.4485520702466571,2.733771853747952,0.5935702663281059,0.1636363616598036,21.49910577264417,66,female,low,491.0,True,3,5,0,moderate,radio/TV,1,0
0.9525583160522832,0.609184112483428,1.040466316342362,2.467611486379426,0.5575496043161943,0.05189309843728886,3.601837782298384,62,male,high,332.0,False,0,0,0,quite rich,repairs,1,0
1.484862081350584,1.172774883048378,0.8026704379717773,1.315707074934611,2.307865062564499,7.777865460662291,39.51604718626438,23,female,high,590.0,False,3,2,1,little,repairs,1,0
0.9820094148595471,0.9170264415466863,0.6840529248436714,1.170942677419607,4.852987503206024,0.5626956535745486,3.410584597542598,32,male,medium,706.0,False,3,3,1,moderate,domestic appliances,0,0
0.9727224124560718,1.092725053965177,0.3465076287996194,0.4130718138955268,0.02580464980877348,0.5769985915263454,2.251228239679986,58,male,high,856.0,True,4,2,0,,radio/TV,1,0
1.796669740508693,1.105181235331913,0.5619929535571156,1.048464538189101,0.01284585422745773,0.140571095831746,14.32199856815186,68,male,high,877.0,True,5,2,0,little,radio/TV,1,0
1.241076965060608,1.023994796494817,2.60726738782298,0.866226623889308,0.9501441234457514,3.082251493679276,8.483780400136293,44,male,medium,716.0,True,3,2,0,quite rich,radio/TV,0,0
0.3337952286079525,0.6090881493181043,0.379780861795438,0.4479872247566741,0.06129414930096914,0.7393756894107901,12.03241021066571,36,male,high,712.0,True,1,3,0,little,car,1,0
1.43986255195384,0.8642289858095376,0.1802262192861521,2.905526327988938,9.206343080848553,1.733177888804228,34.35113806662329,22,female,high,807.0,True,5,4,1,moderate,radio/TV,0,0
0.4218594189887731,1.047913666407107,0.410824368846366,1.727580866125205,0.2200724513864576,0.1936055119504849,3.665365486034124,78,male,low,554.0,True,3,4,0,moderate,vacation/others,1,0
1.705406611181262,0.9835826750016543,0.4919352625209914,0.3039485653770018,0.7031769728784827,1.299431578521448,1.317434023446436,31,male,medium,300.0,False,0,0,0,little,radio/TV,0,0
0.9056649085291857,0.5303405031076589,0.1044212479814618,8.24016020111696,8.748531265161338,4.794099257358686,57.23337890690118,21,female,low,758.0,False,5,2,1,quite rich,business,1,0
1.173947535611471,1.230211010338268,0.5280944566199384,5.087619348619651,3.089246870523918,4.203092657481315,14.04265774975065,43,male,medium,279.0,True,4,1,0,,business,1,0
1.175983925501608,1.189789881545179,0.3666016752473755,4.861651198717436,4.197830033751404,2.886528803974522,17.6825834508387,82,female,high,266.0,True,5,3,0,rich,radio/TV,1,0
0.4359460452482585,1.801282547447242,1.65279174299845,2.704742130465839,1.270391042492395,2.396533910107568,5.443949469273112,23,male,high,266.0,,0,0,0,moderate,vacation/others,1,0
0.4555373648140388,1.538618224941364,1.628989447930111,2.064892886108744,0.4600708668235066,0.04127530266501663,5.359055109860208,42,male,very_low,257.0,True,5,3,0,quite rich,car,0,0
0.6234208460746148,0.8039844477649563,1.252693217517975,0.7095234927347319,2.069083925604572,0.97781664488261,11.41545631802878,77,male,low,916.0,True,2,4,0,moderate,education,1,0
3.170920318358506,1.123181213868282,0.9750546816699017,0.2128100837789657,5.443420983362039,2.28417532953929,3.145184078276536,51,male,very_low,765.0,True,0,0,0,rich,repairs,1,0
1.683954698090159,2.072161038222565,0.4317806874028947,0.03781324552647414,0.3295673914785422,5.44182008815729,4.544416867837806,78,male,high,157.0,True,5,2,0,little,repairs,0,0
1.821277262162565,0.88889193568182,0.749032348243849,1.794493027205973,13.15009314474857,0.5247617533909955,7.737106851993262,31,male,high,266.0,True,3,2,0,quite rich,car,1,0
1.291591142113846,1.295125301722929,0.2309160358381583,1.740748425986772,1.172204157841316,1.834962610979279,18.46954864083283,28,female,medium,706.0,False,5,2,1,quite rich,car,1,0
0.3589240043650303,2.047165001990536,0.8386809328260865,1.709430428929574,2.889176731510192,1.332815070584273,12.30141164528093,71,male,very_low,883.0,True,0,0,0,,repairs,1,0
1.192544312769052,0.8657335831530927,0.6401024585587958,0.7140879525027706,0.3540594918079421,0.4207875102848868,4.275163360481421,60,male,medium,777.0,True,1,2,0,,furniture/equipment,1,0
2.072342672392441,0.805980724944698,1.485214737982654,0.5337254201037899,0.2641758037402375,0.2233388763290324,4.252663516307026,24,male,high,842.0,True,2,2,1,moderate,car,1,0
0.6382911937126005,0.5647699245617989,1.45686633612127,0.532703513576185,3.957456753872963,0.9473864456358506,9.333349321630447,59,male,high,905.0,True,5,3,0,moderate,repairs,1,0
1.573593663503595,1.58811765269129,0.1095995858580688,10.90575165398593,9.712123618758666,1.869684447372636,10.28162504230591,70,male,low,964.0,True,3,3,0,little,radio/TV,1,0
2.578602485749371,0.9020561344039932,0.8078007891541032,2.839830581053537,0.901362301932431,0.0838760401755531,7.258882290284686,45,male,medium,151.0,False,5,3,0,rich,furniture/equipment,1,0
0.8109586204155886,1.042784442885533,0.9697432274690835,1.245957910981119,0.8977473990310495,0.2113770261381196,4.337328029447823,65,male,medium,623.0,True,4,4,0,moderate,furniture/equipment,1,0
1.043489523820466,0.6374698823194936,0.1692885116730527,6.063376800061076,11.70072095543288,10.58292251173962,117.3072234596078,19,female,high,862.0,True,5,3,1,rich,education,0,0
1.897165416522712,1.134620774223288,0.994773740202036,2.098909089726089,0.5887443553178144,0.09220162019537362,11.78102523775391,69,male,high,649.0,False,1,3,0,quite rich,radio/TV,0,0
1.689550646717449,0.9270168426471139,1.841352255033951,1.568767909560177,2.67519013331367,4.122746662500433,23.9790858077872,51,male,high,536.0,False,5,3,0,little,domestic appliances,1,0
0.8647615455735678,1.005841171636078,0.6452706712020086,1.443573118629331,5.787861189441682,2.262923179024297,21.68384079984935,85,female,high,228.0,True,0,0,0,moderate,radio/TV,1,0
3.916750440736701,0.7511371977611844,1.004910053598896,0.2583857270358971,1.177252507037858,1.254127610386685,10.54631658857361,77,male,very_low,163.0,True,3,3,0,little,vacation/others,0,0
0.804670472297467,0.6514548632024517,0.2776241407035755,3.815830292613593,8.045077237379692,5.655933930219874,63.12821910284132,19,female,medium,151.0,True,4,2,0,moderate,radio/TV,1,0
0.9167332455670929,1.508259503511082,0.2159138877402136,3.50026286016816,3.55677184115783,1.777399148078604,21.22407470128735,81,female,medium,926.0,True,3,2,0,rich,furniture/equipment,1,0
1.404565734613512,1.146782891632534,0.1079460307774381,3.119486826309109,2.682749819238893,2.195626161641323,29.19099357624901,44,male,high,655.0,False,4,4,0,little,car,0,0
2.223976227841496,1.162984836970658,0.5604751562488351,2.76934370273655,4.34238759786342,2.204360685239451,12.8367270251526,69,male,medium,,True,4,4,0,,business,0,0
1.391116629288494,1.199613538916816,0.8051347502542521,2.07847098042837,0.04240694060639211,0.04996294782011557,11.72116274401162,75,male,very_low,266.0,True,3,2,0,moderate,radio/TV,1,0
1.035627073810259,0.6182877810949355,1.344514792690916,0.9192658739423984,1.958515783475419,1.3516232337708,13.57315610963968,75,male,high,627.0,True,2,3,0,quite rich,vacation/others,1,0
1.636680525349876,0.6000527724278655,0.7256071155257249,0.9087708535162041,0.09030747899433789,0.202310203186524,6.347675978911608,18,male,very_low,870.0,True,3,3,1,little,radio/TV,0,0
0.8342716673813028,1.787587530779189,0.7456781949756814,0.7844165042616161,1.643666424165317,0.5919689745888491,7.22274894021405,81,male,medium,616.0,False,4,3,0,moderate,radio/TV,1,0
0.8171007746870949,1.78578368180225,0.7235412048956927,0.7582013196748392,0.3298564118632664,0.4310176315901295,12.31963098357428,63,male,very_low,461.0,True,0,3,0,little,radio/TV,1,0
0.9652855388194355,1.087375308429729,0.5147285977271958,0.5421879654796165,4.888698734515347,1.745338563344863,10.34030568920519,53,male,high,163.0,True,5,3,0,quite rich,business,0,0
0.3594976422380219,0.5002987085776094,0.6649447566975706,0.5270490343613965,0.1207222712309442,0.4020649757792626,5.405785592753355,40,male,medium,364.0,False,5,3,0,little,car,0,0
0.3788654080453069,1.139147655588936,0.6798307520704542,0.3894537585986013,0.8981895800176134,1.036591270047404,8.88575953806066,62,male,high,305.0,True,0,1,0,moderate,car,0,0
1.257748162289518,1.143320574926459,0.8153726805230205,0.1584282666910405,0.2643474783911771,1.556974945391596,23.39305048376715,53,male,medium,906.0,False,4,3,0,little,radio/TV,0,0
0.2322395361726919,1.945570057517688,0.1827089528521862,1.989940361086759,5.144268191820274,1.267282674551992,36.88073350003546,66,female,medium,735.0,False,5,3,0,moderate,radio/TV,1,0
1.039989353040268,1.930912821517269,0.6936965233237581,0.7866634670653628,0.9030262114483111,0.9852314015171746,8.094430059495535,24,male,high,387.0,True,5,3,0,little,furniture/equipment,1,0
0.2985983485685198,0.7400276242182926,1.377693129756605,0.1231091635295838,0.08754754890714653,0.754755879885058,6.559048228603329,23,male,high,186.0,True,5,3,0,moderate,radio/TV,0,0
0.22712635771222,0.7655896492629335,2.127743223794439,1.02570657346506,1.009147746062929,3.191297788920648,5.353338553198041,27,male,medium,647.0,True,3,1,1,little,education,1,1
0.3010650017887528,1.294799656902356,1.235925531166888,0.7584205419666487,0.7095030404371732,0.2593055220389933,3.704590921352564,36,male,medium,941.0,True,5,3,0,rich,car,1,0
1.549399173514497,0.9101710451854044,2.540165539665687,0.05431209905914738,0.3075789153296065,0.6922647289448415,4.570117097456353,67,male,medium,850.0,True,0,0,0,little,radio/TV,1,0
1.464000622782914,1.326105920494749,0.1651717855876287,7.272256707107466,5.604508503138652,6.624339014830257,33.64395588831476,36,male,medium,978.0,True,0,0,0,quite rich,education,1,0
0.6860772948823302,0.775320553481019,0.526136030786872,0.7410426525579906,0.002053156906427042,0.1626609050918779,10.06424496751525,45,male,medium,411.0,False,0,0,0,,radio/TV,1,0
3.30272578478594,1.082822293656857,0.3771443099030898,0.1595972044322579,1.615519348641532,3.537218090625391,3.380963730073625,53,male,medium,132.0,True,3,4,0,little,car,1,0
1.94495483239144,1.215316528016249,0.6446919816686301,0.0648441662045456,0.02334890987210112,2.16309803964741,19.54522036051084,84,female,low,252.0,True,5,3,0,little,vacation/others,1,0
2.0647320114993,1.105794432005899,1.04639378587688,3.14284041229944,1.934233103936841,1.296812845157811,6.48454521670995,26,male,high,676.0,True,2,3,1,little,vacation/others,0,0
0.765668683860939,1.09230500247002,0.1401302148932122,2.120630838089904,6.181575164859927,3.189960274012875,50.89329413222951,67,female,medium,547.0,True,5,3,0,rich,repairs,1,0
1.066008515921248,0.4103655989191519,0.9974752537286323,5.709514616982871,0.3490167246342061,0.01285368411684774,21.72225656294498,59,female,high,138.0,False,5,3,0,moderate,furniture/equipment,1,0
1.17582447478581,0.8252175301077628,0.4169174210872412,2.171272565302024,1.684100194347327,1.667078886153687,17.62347771258867,81,male,high,682.0,True,0,0,0,little,business,1,0
0.8921680387441693,0.8297264583622717,0.1474933798103515,1.998028536531917,3.641476527419956,7.554324808570799,138.5158532424246,28,female,high,823.0,False,0,0,1,moderate,education,0,0
1.278387474850508,1.528361963413009,0.3421636547739006,1.307463853869228,1.237865955068282,0.4820076194923381,2.86144300073033,85,male,medium,942.0,True,3,3,0,,education,1,0
0.7949388574717806,1.003673478282122,0.4270977425526211,0.3845349705686681,0.3219439203591364,0.9893954186785681,3.204354539386615,38,male,high,343.0,True,5,3,0,quite rich,education,1,0
0.5716698117174482,0.7293333998501855,0.6429004267432556,0.08418214104711727,6.914603887655312,6.45912896120936,10.28296732986308,79,male,medium,202.0,True,3,4,0,,car,1,0
0.5309730263643636,1.274571168465185,1.158586832096676,2.17919863537723,0.05148099649452526,0.03011820716106193,12.5321528327383,51,male,high,887.0,False,5,2,0,moderate,education,0,0
0.7771056126989577,0.5096450872740026,0.7972825324833716,1.823082089030105,4.264713280601428,4.510277216619425,27.74557226158427,72,female,very_low,833.0,True,3,3,0,moderate,furniture/equipment,0,0
0.6584850493963391,0.9780911385828364,0.6448449078759443,0.3411864688310541,0.1934167293876932,0.7734314856010768,6.021761682263596,71,male,high,765.0,False,3,3,0,moderate,education,0,0
1.848246897738835,0.8555995143834583,0.3597335714623836,0.04510043034697783,2.668145192957672,8.046826104113872,1.294798316996374,31,male,high,266.0,True,2,4,0,rich,car,1,0
1.588124754239256,1.067218220437384,0.4281438570661859,3.821835286916961,3.776395097126886,5.739477610620478,47.5139457157626,48,male,medium,694.0,False,5,3,0,,radio/TV,0,0
0.7371534162599975,1.831884238332006,0.5584545129544122,3.687692799604351,3.833973817995818,3.571315823260174,16.42428264885584,64,male,high,266.0,True,3,2,0,rich,car,1,0
0.6346308597825412,1.019422332718216,0.5506270520667371,2.407419695565853,2.29551626357285,3.50410327752266,31.47584387549138,79,female,high,804.0,True,3,3,0,rich,radio/TV,0,0
0.6532669051638357,1.985153282904665,0.9832984369874246,1.301885011578924,1.5928180170601,0.8420478729615716,5.690438056791521,43,male,high,275.0,True,2,2,0,,radio/TV,1,0
1.064802142452338,1.349760988330723,0.5956915808429384,0.5882257612827507,0.427885977418083,0.6648729114654885,9.960790885251487,70,male,high,405.0,True,0,2,0,moderate,car,0,0
0.8504789773398095,0.564330574012786,0.9808449967263744,1.305271881566076,1.351019913499541,1.413030936041824,6.838845246782394,42,male,high,828.0,False,4,3,0,little,vacation/others,1,0
0.8320904995010557,1.220417540497526,0.9331341604458426,1.272720756183306,2.981529310952285,0.2770251732517806,1.874380031260352,41,male,very_low,586.0,False,1,1,0,little,radio/TV,1,0
1.152716212147012,1.004557940235499,1.299822049343498,0.6254467716478858,1.708160549976507,1.3799741528851,13.64263313293826,27,male,low,630.0,False,5,3,1,rich,repairs,0,0
0.9068940135099999,0.9264384555215007,1.475612151541781,0.5074948397323145,0.4242477029454233,0.3281745944263303,7.090463426481545,39,male,high,693.0,False,5,3,0,little,furniture/equipment,0,0
1.658427271613727,0.4238779699648403,0.5496051204867233,0.2137073502221422,0.01446189247624307,0.778004668013158,12.17469516061364,62,male,medium,696.0,True,5,3,0,little,car,0,0
0.9897292135094117,1.490976620725005,0.3118471034872375,3.219136228981392,3.507158181080083,7.034498006335738,41.02579123930074,25,female,high,538.0,True,1,1,1,,domestic appliances,1,0
1.620091749881881,0.8308055452149491,0.8512534593253855,1.298918333766814,0.1213001886415197,0.1438688643263174,19.25258369617122,58,female,high,473.0,True,3,3,0,little,car,0,0
2.224464512848008,0.8269145162079498,0.730291333491109,0.4373277371507301,0.9572410053878307,0.9027419642430482,7.834898079833953,45,male,very_low,411.0,True,3,4,0,little,repairs,1,0
1.018847015143265,0.7328792949944303,0.6453085436890694,0.3235174477381345,0.4159808752920278,1.138522266244931,20.83480605789333,52,male,low,207.0,True,3,1,0,,radio/TV,1,0
2.372766171360849,0.7094003450101364,0.7330882417371514,1.549140227771818,2.746130752657888,0.3385546643009303,6.860986747071704,36,male,high,895.0,True,3,2,0,,furniture/equipment,0,0
0.9776819160167873,0.6776486103425264,1.469149227284124,0.4955680440223885,1.925496190460939,0.5050815433290472,4.612212644707395,48,male,high,766.0,False,2,3,0,rich,education,1,0
0.3710315483643349,1.005394398125466,1.930275536848632,0.2295263900338798,1.962551393452904,0.8131405004702493,5.342308610067034,45,male,high,886.0,True,5,2,0,moderate,car,0,0
0.7613529876394043,0.6812096218687744,0.5432874550878896,0.1127332982111121,0.0598734679641847,1.713575868101389,4.456584587577327,85,male,very_low,837.0,,0,0,0,rich,radio/TV,1,0
1.837345800483905,1.355745523880645,1.257363148503721,1.8470847165856,0.8038986921696094,0.9488808926375396,2.239631360561763,36,male,medium,758.0,True,5,3,0,little,domestic appliances,1,0
1.290281318052694,1.159005670429782,0.5004302926790747,1.705371764999261,0.05623671118995483,0.09616130536667428,3.44875159891841,21,male,high,328.0,True,1,3,0,moderate,car,1,0
1.246816072806793,1.474383555961807,0.310041251407073,0.7917622087197045,0.9244898332911821,1.075173735502744,12.80675715031913,53,male,medium,886.0,True,3,2,0,little,business,1,0
3.305547775229347,0.7470053656280797,0.2826975918378459,0.2020449695964237,2.23806899345757,3.949700028040063,4.833717320356509,76,male,high,480.0,False,0,0,0,quite rich,furniture/equipment,1,0
1.033500909074601,0.8553036986109565,0.6025577435894552,1.710072785019706,2.669139900137574,1.118590765593368,12.59061651774521,33,male,low,112.0,True,3,2,0,little,repairs,0,0
1.471041557482724,1.080143399529084,1.20307737617426,0.8542654984801309,0.9832194554474792,2.091218875988339,16.09597009298215,26,male,very_low,489.0,True,0,2,1,little,car,0,0
0.2042446177108181,1.880300472533503,0.8149725188714768,2.424598973245507,1.714820593162973,1.271686051809528,5.018992920621089,84,male,high,955.0,True,1,2,0,little,car,0,0
1.559312530768818,0.7201737384780765,0.798543012880257,2.353385973842619,1.828781139417208,0.1799205790545755,24.73421184680691,79,female,low,431.0,True,5,3,0,rich,education,0,0
0.3851095980437372,1.382906102711548,0.7153214852138355,2.147067911327342,0.2953024970600309,0.07858267012198397,3.058162036788626,51,male,high,701.0,True,0,0,0,little,education,0,0
0.6064071866692097,1.083656315636305,0.542214287092857,0.7032151552533623,1.248356680473528,0.6837702048647678,2.684052282768874,30,male,high,880.0,False,5,3,1,little,domestic appliances,1,0
0.7401079389144376,2.692069755626984,0.6281363164768535,0.3355918791080478,0.7031117350109175,1.002697477083158,2.30161448270602,25,male,high,266.0,True,0,3,0,rich,furniture/equipment,1,0
0.4131100195503344,1.30003543717311,1.500235281203519,0.2070773640406473,0.2666769810726735,0.6161960964672191,5.171903116857992,26,male,medium,168.0,False,5,4,0,little,radio/TV,0,0
0.4050742191999311,1.174513130095805,0.3365605462543063,4.602048377694726,6.468817432344548,1.858253621742964,13.98002520485271,43,male,high,934.0,True,5,3,0,rich,education,1,0
3.173701575307702,0.4286563387111825,0.2965265248964421,3.758502724837985,3.897869177810728,1.37441878964296,16.24799053756774,29,male,high,845.0,True,1,0,1,,furniture/equipment,1,0
0.9405921586272848,0.8439408784888061,1.914036833798532,0.5337323076822985,0.6328832054775773,3.583878019294842,17.33729729073498,83,male,high,755.0,True,4,3,0,quite rich,furniture/equipment,0,0
0.7600684920879093,1.061473492294452,1.485363445159719,0.226621456529372,0.1353216267416203,0.3798831667564826,1.153493313956233,60,male,high,473.0,True,2,3,0,,business,1,0
0.4561168225780722,1.087125344181074,0.2544249218859528,4.182918223528512,4.550958610641537,2.010702989470278,15.68224441862777,64,male,high,478.0,True,0,0,0,,radio/TV,0,0
0.7608592868955959,2.503870752978007,0.342697555444987,2.539261686832405,0.9906877220574454,0.5316419583225677,3.5682977271134,32,male,medium,106.0,True,4,3,0,moderate,business,1,0
2.210874398040961,1.676756780703646,1.017430591742337,1.664776752411566,1.154073341303639,1.813403794493195,12.16267698603355,76,male,medium,480.0,True,5,3,0,moderate,radio/TV,1,0
1.350990983125858,0.7588010258456895,0.7588961412224581,1.655056055350807,2.873872816068981,0.3147473870804758,10.98382115106405,19,male,high,649.0,False,5,3,1,,business,0,0
0.6640806990173237,0.7376667924595367,0.1357368155788646,1.342370587583467,5.207456267862669,2.090300216499297,79.40512006348142,78,female,very_low,839.0,True,4,3,0,little,furniture/equipment,1,0
0.5435791745994084,0.5959849170455289,0.6333160629858485,1.114233819613875,1.142828085539912,6.475065715586471,72.2735327886347,48,male,very_low,328.0,False,5,3,0,rich,repairs,1,0
0.7750450533153082,1.611971614372095,1.37208570292271,0.8620611038864985,0.0466700191903351,0.09066131122963736,6.944821590343453,56,male,low,966.0,True,5,3,0,rich,car,1,0
2.208124677823224,2.308623033529561,0.667464362141256,0.356661900561909,0.03466531561615901,0.6215906149410975,23.94322058519523,46,male,medium,745.0,True,5,4,0,rich,radio/TV,1,0
1.105365905884238,1.143575655081655,0.8798198668273289,0.07710903980031547,0.02389021709396185,1.287912404112465,12.35986656487953,82,male,medium,552.0,True,3,2,0,,furniture/equipment,1,0
0.4510427030041518,0.3706070703682942,1.602209086120624,4.760125482439064,2.246649089704206,0.02058461455222131,9.4291394509016,27,male,low,266.0,True,1,1,0,little,repairs,0,0
0.5036949498355376,1.29484233288848,1.404405460855037,2.547927950451118,2.160726833691944,1.28315619328806,5.059070233773095,64,male,high,266.0,False,5,3,0,quite rich,radio/TV,1,0
2.710756603251321,0.6083710191114473,0.8685709226495492,2.431238589427711,1.597894207113143,0.142634150544649,14.44386049580351,36,male,low,791.0,True,5,0,0,little,repairs,1,0
0.7359112398565719,0.9658493423559324,0.6582535734344961,1.223834278563658,3.312337091734802,0.5106537193512709,6.192726798748525,25,male,very_low,743.0,True,1,3,1,rich,repairs,0,0
1.398867559759805,0.7762835725497413,0.7021629650308732,1.075033136509132,3.687428256650813,1.641703873695885,21.97154800702263,80,female,medium,934.0,True,0,0,0,rich,radio/TV,1,0
1.25945435838458,1.329833781069651,0.7634308216790444,0.7348524970093044,1.508413343255617,1.692383044642642,18.47583899584354,55,male,medium,261.0,True,0,0,0,moderate,radio/TV,1,0
1.384971695853677,0.8153711338079428,0.7731366675906184,0.5623329409450804,0.2152016978056777,0.4070923212583134,3.500508121033504,79,male,medium,151.0,True,2,2,0,quite rich,car,1,0
0.6152619588222211,0.9744280225554929,0.1122025107130395,0.1265089373123413,0.3734123587852332,5.556862855691861,6.602037636586445,45,male,high,157.0,True,5,3,0,rich,radio/TV,0,0
1.930371588101375,1.158071126031192,0.5590222969154625,2.644734904574738,10.29518555931275,6.616397441978415,53.81205132488169,45,male,high,711.0,True,5,3,0,moderate,business,1,0
3.030873243720169,0.56394656607135,0.7000438819281999,1.082717021061522,3.212941731532476,2.741930138932482,28.44215240947053,31,female,high,393.0,True,0,0,0,,radio/TV,1,0
0.5251306443898853,0.7081507157783576,1.439451638705844,0.7046180163897692,2.473905345625846,0.4229537695251505,5.370248077207739,68,male,low,502.0,True,5,3,0,,radio/TV,1,0
1.672173766900652,0.7113804463378047,0.8159246603458171,0.5594547866583566,0.08947177246834316,0.3490157027403319,10.62423475463777,69,male,high,586.0,True,0,0,0,little,vacation/others,1,0
1.33853407461317,0.9766833117290689,0.4434600475168101,0.06932909145800331,1.950789373025033,6.134981274753947,6.234329431117855,82,male,high,360.0,True,2,2,0,rich,radio/TV,1,0
1.593920436455511,1.07758618994319,0.3841178382490745,0.01434680298838372,0.3717848493377472,8.465630553572726,0.7903103307317355,44,male,very_low,780.0,True,5,3,0,rich,business,1,0
0.6009208042039879,0.5868382552936878,0.4218051360415054,1.431944697038101,0.6462476464363032,0.3229874228133655,4.248973045190723,76,male,medium,266.0,True,5,1,0,,radio/TV,1,0
0.9930682793905129,1.299310756118541,0.621425123507824,0.9349653786756738,1.243425766632668,2.158646424344536,19.5745949564818,39,male,high,865.0,True,4,4,0,moderate,furniture/equipment,0,0
1.712539562104139,0.6635491695717699,0.8084624727428271,0.8813850287965386,0.9188880928553168,0.3770794111336842,6.296835853210489,20,male,very_low,719.0,True,3,0,1,moderate,furniture/equipment,1,0
1.364291615784433,0.9775278916537299,0.6452560660192969,0.6168549173792772,1.066349034010269,1.347262016549522,27.05130487001435,46,male,very_low,943.0,True,5,3,0,little,car,1,0
1.37083666612348,1.643725179341294,0.527955238783516,0.5563243071628597,2.452142447826314,1.317431028905309,6.714046957606907,50,male,high,506.0,False,3,3,0,rich,car,1,0
0.5255157825357345,0.8660920248294854,0.6240347946104388,0.508601246889585,2.039883416166032,1.143947778375414,5.709364595971329,54,male,medium,292.0,True,5,2,0,moderate,vacation/others,1,0
0.7429025195407167,1.389298630912339,0.8316941505159312,0.3624192043825355,2.814000728600933,1.621059308063167,34.8433808266353,38,male,high,350.0,True,0,2,0,moderate,radio/TV,1,0
0.6756061413943067,0.7349281073632964,0.428239108982644,0.3536934849811569,0.09918678851927354,0.7173804761732642,1.627486507320375,35,male,medium,367.0,False,5,2,0,rich,business,0,0
0.9477119759799681,1.361541674747345,0.6717546397847759,2.980958584625919,0.1181219766677605,0.04362965913200093,14.56394900656417,79,male,low,266.0,True,3,3,0,little,business,1,0
3.071229567064449,0.7868247154700027,0.3930917226105848,2.888647357218645,4.801350554927462,4.57149756497959,68.51866585648926,55,male,medium,300.0,False,5,3,0,quite rich,domestic appliances,0,0
0.626056834895987,1.419262284048954,0.8432354583311417,1.650210799841137,1.022942188910283,0.1590573163823869,5.36862596858642,56,male,medium,831.0,False,3,3,0,little,furniture/equipment,1,0
1.100261198777439,0.816017851219685,1.062259278037081,1.202004229354064,1.965389080792209,0.2533082776933479,3.9420698048167,39,male,medium,213.0,True,4,2,0,moderate,radio/TV,1,0
1.290683504157956,0.8385475100812475,0.9730537389997492,0.5819333843883867,0.09202536581391615,0.234565411961659,3.301564870467628,50,male,high,850.0,False,4,3,0,little,radio/TV,0,0
1.158764077221789,0.8829210410347365,0.6950943429144293,0.4465474031472264,0.09832663275858475,0.4084835796288058,2.645701061867001,60,male,medium,405.0,False,5,4,0,little,education,0,0
0.3626051076135233,1.168334075263853,0.3807000992795698,0.4083726201515158,0.2023277838103276,0.9595361346848603,3.279433256605151,82,male,high,786.0,True,0,0,0,little,radio/TV,1,0
0.4088750230124,1.565791428543277,1.206159861388317,0.09716333506955356,0.04968478284733419,1.019486578125892,9.063050717106742,83,male,high,615.0,True,2,2,0,moderate,business,0,0
0.6156906076759504,0.7181898462567525,0.05913783825620567,3.910753485656072,6.251605586278957,2.45536530597291,62.17270472531381,70,female,high,252.0,True,3,3,0,moderate,vacation/others,1,0
0.3263828712184788,0.488466371140329,0.9722035928033771,1.938832360144954,20.72241223497573,0.4991406491405238,12.50009018894701,30,male,high,487.0,True,4,3,1,quite rich,radio/TV,1,0
1.221605676785119,0.8719346286797097,1.068774528540094,1.666831123715283,3.585984600650143,0.2048214330749203,2.661575119163513,24,male,high,288.0,False,3,3,0,moderate,business,0,0
1.400148204857411,0.5806223808158105,0.4109703340522801,1.131467088210276,1.901069498569145,0.575513916356164,11.00785095396178,64,male,medium,782.0,False,0,0,0,,furniture/equipment,0,0
1.293273505257901,0.8410059982533191,0.8985174273528167,0.9881763507422928,1.12967376493938,0.3553543880742271,11.59035750492534,75,male,high,380.0,True,3,3,0,,domestic appliances,1,0
1.318261501272621,1.203896508635953,0.715955151892779,0.6646200753531096,1.278972448677739,3.770683572854183,25.75550549212066,20,female,low,666.0,False,0,0,1,moderate,domestic appliances,1,0
0.8976757716681888,2.518927327582599,0.5851282031786901,0.3699375193986727,5.174955395768669,2.135742557113052,4.687029938933619,34,male,medium,332.0,False,0,0,0,moderate,vacation/others,1,0
0.2592875718310277,0.6641032108328082,0.5195715742279139,1.353710943241223,2.977216900321457,1.548352854419168,32.67161499578343,35,male,medium,768.0,True,2,3,0,,radio/TV,1,0
0.9755224268760119,1.18545171622586,0.9637686803869305,0.4644313059330887,2.15883279307512,0.762203068722776,3.016156989278249,25,male,medium,759.0,True,5,3,1,quite rich,car,1,0
1.13520624583017,2.004786560429142,0.6589938880086025,0.4328171045043175,0.1917861214424722,0.6066518505360821,5.680597175891524,69,male,very_low,871.0,True,0,0,0,,vacation/others,0,0
0.6849153528849913,1.17561083972324,0.4457756578510088,2.836859291219664,2.037430808285579,2.016481376881217,12.88326819688754,84,male,medium,571.0,True,3,3,0,little,furniture/equipment,1,0
0.8201366501433024,1.385441187144938,0.2852749853215019,2.071493213576717,2.320382385183723,2.277979974966807,34.06398430220749,35,male,high,641.0,False,2,2,0,moderate,car,0,0
1.210873449426275,1.007126948815211,1.062758390132314,7.230658752537432,0.2451433016439699,0.00568824057046892,18.02796053262237,28,female,high,332.0,True,5,3,0,little,furniture/equipment,1,0
1.203322558213263,0.5967129236306842,2.784204506360775,0.984555275410871,0.2084700788503238,0.04306557874989311,2.852754237563861,40,male,high,809.0,True,3,2,0,quite rich,furniture/equipment,1,0
2.89709037509116,0.7260762504936015,0.4707891463192977,0.6720173077452802,0.900709979318345,0.9345778923666826,19.07427058715112,41,male,high,266.0,True,2,3,0,quite rich,education,1,0
1.48542198842169,0.9809659388934928,2.212176772969654,0.4364128514323514,0.4618066913144562,1.165784847013589,4.526797258000029,43,male,very_low,266.0,True,0,1,0,moderate,radio/TV,1,0
0.7450549371201146,1.220429449436855,0.6815118110230469,0.4328090244228889,0.5841567428742335,0.7774728064992301,7.860115824439537,19,male,medium,552.0,True,2,3,1,,business,0,0
0.2260653422345363,0.9318275268326056,0.8958838275806305,1.473625506150295,1.590689215799146,0.7206198224859365,6.14110065510297,37,male,medium,642.0,False,4,3,0,little,domestic appliances,0,0
2.709070224095492,1.701699734416911,1.716532449072123,1.356001585944716,3.662619367979221,1.451956226943316,7.07469859041709,40,male,high,186.0,True,5,3,0,moderate,radio/TV,0,0
2.340936160373738,1.276941356832294,0.2883702664954905,1.248315417112041,5.938754925575533,1.168912088000035,29.42056105174517,36,male,low,709.0,False,5,4,0,,vacation/others,0,0
0.204939797691798,0.5507904414302972,1.266002700476815,0.6451490986853909,0.8418498504884926,0.3501006704458052,5.828439208189057,77,male,medium,371.0,False,3,4,0,,furniture/equipment,1,0
0.4441601027822238,1.083143463190755,0.7355176370850992,0.402255699216788,0.163619971117962,0.6291491003252865,9.363088893263171,35,male,medium,266.0,True,2,3,0,little,radio/TV,0,0
0.191858542988396,0.9801691258098713,0.3447448139674074,0.5804320809841788,0.5642504469182855,1.034443263404869,6.276207908834826,51,male,low,688.0,False,5,3,0,quite rich,radio/TV,0,0
0.7629983741840711,1.372201891072004,0.4053111978444807,0.09018435028182942,0.03743790392306891,2.065095248440596,6.516292620615506,39,male,high,525.0,False,5,3,0,moderate,radio/TV,0,0
1.99226693600407,2.227969591879705,0.4702451378622793,1.591890126093391,2.130127277540242,2.075560111613888,24.3721701756715,65,female,high,300.0,False,5,3,0,rich,education,1,0
1.657025075745983,0.875010395698447,6.16912601638658,0.2407097303848099,0.3468939755973595,1.814548723593672,2.465671339590489,62,male,low,498.0,True,3,2,0,quite rich,radio/TV,1,0
0.7994385639008021,1.438798080215509,0.526670726123328,0.03561702063986271,2.146642341703734e-05,1.071800826831534,7.074028590940802,24,male,high,825.0,True,5,4,1,,domestic appliances,0,0
1.635908260695601,0.8754721803211306,1.217835159614853,0.9938223299886589,0.4849074298783163,0.1549017211252479,2.593915274143317,51,male,medium,544.0,True,5,2,0,moderate,furniture/equipment,1,0
0.3961358878271148,1.076849399846271,1.842367976637173,0.8445132885110895,1.18667713542847,4.325653889046094,30.49204641549523,77,female,low,354.0,False,3,2,0,,radio/TV,1,0
0.8200002289743232,1.355852198095229,0.4569695488330273,3.799945672458541,0.02330865894095724,0.02196563215557986,4.719710054194547,27,male,low,785.0,False,5,3,1,rich,car,0,0
1.341621408161289,0.8018860324564542,0.4663435141272382,3.511215581443883,2.143047942318953,0.951650235004422,5.831360254949166,46,male,very_low,266.0,True,5,3,0,moderate,vacation/others,1,0
0.5098743978678598,0.6337583168462105,1.057192909757418,2.132440225073892,1.299613990907758,1.916355000102425,6.788488189705553,20,male,high,723.0,True,4,2,1,rich,radio/TV,1,0
1.06462929382792,0.8890211942104994,0.8157043079323151,1.760895909595329,0.5055237482273008,0.1397636856499261,12.65677082852124,54,male,high,292.0,True,5,3,0,little,vacation/others,1,0
1.515389466317606,1.47157450614871,0.642408619826875,1.56628226960496,3.782532401002436,1.880915562782407,18.95571632522648,85,female,low,637.0,True,1,3,0,moderate,radio/TV,1,0
1.608661104759929,1.502388230232423,0.4050378316181958,1.431182060555986,0.1801070623538649,0.2312172818672691,6.763074721254915,29,male,high,769.0,True,5,3,1,quite rich,furniture/equipment,0,0
0.8872854675304268,2.222904464372727,0.5945728061078995,0.7049606506525641,0.312029989223479,0.4687617217319786,9.828681267260087,51,male,high,872.0,True,4,1,0,rich,education,1,0
0.8679696116680488,0.8078711219629113,3.98517914396062,0.6889956680219275,0.6972028371441196,1.710933457164319,4.71967977323074,78,male,high,829.0,True,3,1,0,,business,0,0
1.846596171689631,0.695468428340497,0.3607995520049355,0.2458942828839872,0.3539173671283469,1.767847378942973,4.084285101127171,18,male,very_low,266.0,True,5,4,0,little,vacation/others,1,0
1.501941575240417,0.6818731136505256,0.4501439061271724,0.2270798428111865,2.763645849873947,2.885980646192709,5.134106566217001,50,male,medium,431.0,False,4,3,0,moderate,vacation/others,1,0
0.449883705423661,0.7435861139626267,0.534725408028666,2.288990916172134,3.771197969084215,4.674585827250024,43.12766831738921,33,female,medium,417.0,True,0,3,1,,furniture/equipment,1,0
1.368457561376949,1.777595151492598,0.6114402830803118,1.437322750370395,0.4833349921973539,0.2448877106160478,12.51030294535622,22,male,medium,202.0,False,0,0,0,moderate,furniture/equipment,0,0
0.4048181340835656,0.7947827687240386,1.021378080444162,0.4193923878619148,0.2942945838596448,0.5131323538473717,6.217883742070716,34,male,high,218.0,False,5,4,0,,furniture/equipment,1,0
0.9059469842918108,0.9100927248636478,0.5213886432846333,1.565972715509706,0.1136562867362912,0.1456567615873915,8.836428766755263,28,male,high,393.0,True,0,1,0,little,domestic appliances,1,0
1.040650870756627,1.089110611914893,1.133084131458374,0.7220029088430195,3.896049920759537,0.5639652922521612,2.85625772158402,18,male,very_low,180.0,False,5,4,0,quite rich,education,0,0
2.518628659916603,0.5759169677757309,0.3600569423161453,2.099938582324492,2.331708640032819,0.867542598846254,19.80347405580741,26,female,medium,638.0,False,4,2,1,little,education,1,1
1.615770653915413,0.4679710059048293,0.2660817248256977,1.138523343532593,2.783419912982061,6.538422501358496,89.9107763767421,48,male,high,243.0,True,2,1,0,quite rich,business,1,0
1.198454220633502,0.6680970028357969,0.7779376229423051,0.7793678095092997,0.0008173266379084494,0.07439885832538744,6.720354783884663,59,male,medium,756.0,True,5,4,0,rich,business,0,0
0.9979791731774907,1.361653135193468,0.6353800844092624,0.7504968441868677,0.02494109339961321,0.2492372946061629,14.726309851573,69,male,high,522.0,True,0,0,0,quite rich,car,1,0
0.7549666310630926,0.6682556475504577,0.762240981903486,0.5333828072934123,1.045745671212675,1.676395043170301,20.6246279788008,79,female,high,324.0,True,3,3,0,moderate,repairs,1,0
0.5478642215379789,0.8400309416495618,0.6287057912618536,2.478739350105662,1.513347334099954,4.555217006581538,22.8702979516674,83,female,high,266.0,True,1,2,0,rich,radio/TV,1,0
1.370420606442651,1.204450803778844,0.6732432688863299,1.093415696063143,2.092391533965632,1.976528363449481,19.11336013862866,28,female,high,698.0,True,5,3,1,rich,car,1,0
2.35197713733937,1.121736798096106,0.6601244461579175,0.8307814063841271,0.9348040534711763,0.7408499884881605,12.12678845445017,29,male,low,689.0,False,3,4,1,little,domestic appliances,1,0
0.3209047126223831,0.3336410765403217,0.5740104959932169,0.1596779639333896,0.2586191919752098,1.788892174657327,7.372582413375627,48,male,medium,869.0,True,1,2,0,little,business,1,0
0.2704921930835611,1.307106501059138,0.6718268554746878,0.1446436052618135,0.2881989081132704,2.270964656760764,39.93661512207082,51,male,medium,931.0,True,5,3,0,,domestic appliances,1,0
0.8299794634919436,0.8707152626449929,0.2328689703116898,1.630311581069794,0.4094699162700939,0.3961200112248283,9.06909258194675,27,male,medium,704.0,True,2,3,1,,domestic appliances,1,0
1.211232168293861,0.9446974493073159,0.7386536843541635,0.3333249342145908,1.887302352406774,1.35697121593116,3.256006858684646,42,male,medium,766.0,True,5,3,0,little,radio/TV,1,0
1.420692440100593,1.689420348159896,0.4637762924564814,0.03484529594878716,1.231741292583153,8.960398884677256,16.13230050574396,68,male,medium,554.0,True,5,3,0,moderate,radio/TV,1,0
1.022974246582097,0.9957716192627434,1.135545918131898,1.224904720072435,2.133101456961999,5.175475650347672,37.58324429411491,72,male,high,618.0,True,5,2,0,little,radio/TV,0,1
1.363035873416141,1.042762021404168,1.336824504259516,0.4998609024994316,1.193786965732284,0.5073910114252536,7.809484633507447,32,male,high,233.0,False,0,0,0,rich,radio/TV,1,0
0.488073797846434,1.004892997755451,0.6761341477593672,0.1615309296831524,0.07105957391170463,1.225454873131541,8.685898052220677,76,male,high,478.0,True,5,2,0,little,repairs,0,0
0.375611737036929,1.226666363703766,0.9554036285471704,1.836852863188959,1.820774333357571,2.815460675522452,15.66306928603408,29,male,medium,801.0,False,5,4,1,moderate,repairs,1,0
1.929620778319955,1.30601017831703,0.3426906747822541,1.095030018647555,5.424184965806564,1.538187818431284,20.52859489323085,49,male,low,414.0,True,5,3,0,little,radio/TV,1,0
1.389953688835822,0.6928692623279983,1.151999955866427,0.3750034718085733,1.234489710446756,0.6912200749932561,2.613728441258086,29,male,high,694.0,False,4,3,1,moderate,vacation/others,1,0
1.95956537358873,0.641305899370261,0.5798480339311389,0.09002785999496027,28.15513784604543,10.18783805671643,2.431221287077579,39,male,medium,163.0,True,5,4,0,moderate,business,1,0
0.714519297792404,1.21776726510848,0.6337993076127582,1.26674977367837,0.0700887013285115,0.1290085866697667,4.119925923021319,65,male,high,228.0,True,5,4,0,moderate,car,0,0
1.145568017175387,1.004369631743775,0.7586016937643071,1.20289196628692,2.542304793175422,1.039811804556894,8.367377853955304,70,male,medium,266.0,True,5,3,0,little,furniture/equipment,0,0
2.34550496355537,1.583511778593792,0.7020605439222645,0.4373334565409716,7.357456564707361,1.993597238891943,9.052694856032849,28,male,medium,393.0,False,5,3,0,quite rich,furniture/equipment,0,0
1.099357853676902,0.6046445250577375,0.5692417790598464,2.684901093937721,1.777347003468584,3.894825748758045,24.22180021793068,32,female,low,846.0,True,5,3,1,little,furniture/equipment,0,0
2.090465954324922,0.5860005326908239,0.9911423103889261,0.9525114912743473,0.02250753094409301,0.08624166798866795,3.894306596702444,76,male,low,266.0,True,0,0,0,moderate,repairs,1,0
1.34141604701967,1.867109737989824,1.343498214433283,0.8671084178051682,2.136702131742775,0.2406705582154728,1.026420953060668,33,male,high,387.0,False,0,0,0,moderate,radio/TV,1,0
3.084295219598517,0.7605303149058056,1.407452887228082,0.5339377975451312,0.2171121679617739,0.2195879631712731,2.360344691627537,36,male,high,439.0,False,0,0,0,rich,domestic appliances,0,0
1.018838591352638,0.7842144274543369,1.592101249135123,0.519163354080307,0.2826159251368196,0.4287231446585569,1.737779146662297,23,male,very_low,119.0,False,0,0,0,moderate,radio/TV,1,0
0.7089001053993984,0.7485237950639556,0.3580396880804307,1.585464175607798,5.619540391749105,0.6422531926528802,18.7988348374633,68,female,high,657.0,True,5,3,0,,vacation/others,0,0
0.2705128667910355,1.475669504293303,0.558976058938026,1.164629484214174,0.4641768071140863,0.385067969709323,15.31347364560341,76,male,medium,842.0,False,0,0,0,moderate,furniture/equipment,1,0
0.6970888934714976,0.8817374752187169,1.060931327529983,0.6951957622674878,2.162043519964035,5.525463100389777,37.1503614219474,51,male,high,600.0,True,4,3,0,little,business,1,0
0.3106908451194121,1.209346528931616,0.8351660363405448,0.3170185900180056,0.1920292341960334,0.6475747755335239,4.209443783763866,23,male,medium,545.0,True,5,3,1,quite rich,car,0,0
2.145644969013046,1.425261745153779,0.4816783501873366,0.2114155722971288,0.22184408511013,1.512777140715837,6.754081925749272,25,male,low,678.0,True,4,3,1,little,radio/TV,0,0
0.9589232910865181,0.7777285816681527,1.044341585671013,0.1785125424522456,6.531998959621201,2.38502163737164,3.150997420499528,59,male,high,402.0,False,5,4,0,quite rich,furniture/equipment,0,0
0.2584705462012588,1.649342908547078,0.6998520314597,4.779580934653793,3.59902625396451,2.91841515342282,13.1059912346598,48,male,very_low,207.0,False,5,3,0,little,furniture/equipment,1,0
0.7478410652193984,0.3936789918502352,0.2535139368012144,4.660764231165642,1.802018817115659,0.811585815072177,5.081268957256353,70,male,high,681.0,True,5,2,0,rich,radio/TV,0,0
0.5751106181488055,1.3632354256075,1.510062210175316,1.084422140223018,0.46217435621569,1.342211275312636,3.364114249206486,74,male,high,266.0,True,4,3,0,little,furniture/equipment,0,0
1.493781735634632,0.7460102442934589,1.016254583741009,0.7484655332219528,0.01394258299349201,0.1131087000707545,7.544165528465391,34,male,high,417.0,True,3,3,1,moderate,radio/TV,0,0
1.025003104191878,1.450605790718015,2.622103836631972,0.3928588386013767,0.5290438302401308,1.090429720857916,3.610053689186415,36,male,very_low,632.0,False,3,3,0,moderate,repairs,1,0
0.2701599703131658,1.187419224550232,0.3299790519951576,0.05652867860241696,0.269847052097294,4.915453313819793,4.439481306029523,65,male,medium,380.0,True,4,2,0,moderate,domestic appliances,1,0
1.29465620140395,0.9734372092723711,0.6273015464612369,2.964061979065051,0.3172445974041082,0.07074863931727518,13.07796082848411,79,male,high,877.0,True,1,2,0,quite rich,radio/TV,1,0
0.3473923178694812,0.6297807353044634,0.6567773475395758,0.4522142254167448,1.472144574558101,3.222325377682088,27.27409130563928,42,male,high,243.0,False,5,3,0,little,car,1,0
0.488489154188317,1.333595135252705,0.8395671183828649,0.2985685472484877,0.03766476020513586,0.4182372852306294,2.673268973051541,57,male,high,449.0,True,1,1,0,little,car,1,0
1.027048983725498,1.944497545077646,1.020730439213231,4.544721175834808,4.218290476498482,0.0417783392496739,1.822579535494678,38,male,high,913.0,True,3,3,0,quite rich,radio/TV,1,0
0.4859813466416056,0.7986184102100428,1.049261830756424,2.087990443571502,1.113805133507806,1.98117090310297,6.169614852576294,62,male,low,939.0,False,4,3,0,,education,0,0
0.4527483078936221,1.111886481392267,0.6180784141674952,2.000736852710987,0.3839745515283284,0.1617498011425053,21.90913326012823,54,male,high,180.0,True,2,4,0,rich,car,1,0
0.1698035041219002,0.7587098138587187,0.8889584977073084,1.092501991189413,1.69016287827116,3.273013981891252,21.97562629720441,65,female,high,586.0,True,5,3,0,little,radio/TV,0,0
2.587221004484753,1.422683203029522,0.4249177050237725,0.2362168911730881,1.461852834381892,2.813245816391541,6.127853568828384,78,male,high,288.0,True,1,0,0,little,education,1,0
0.9435107451784962,1.066450464574971,0.1323206110629659,4.025439969462026,8.255470537264037,2.487187350223042,37.72332218796474,75,female,high,667.0,False,0,0,0,little,furniture/equipment,1,0
0.8483752531105186,0.9702123309664028,0.3380556395336509,0.9484987580408432,0.5658738235631235,0.7491950761383297,22.22965020846151,33,female,medium,785.0,False,5,3,1,little,radio/TV,0,0
0.7388037380097969,0.4574296100370855,0.7111191596956664,0.5028921794932026,0.4538173448939485,0.5354269812371582,2.217193989886158,66,male,very_low,567.0,False,4,2,0,little,furniture/equipment,1,0
1.268108715768644,0.7934373377262249,0.5823992832742323,0.4379466007375348,0.9546050041392508,1.644848695069576,22.3447506532792,18,female,high,343.0,True,5,3,0,little,business,0,0
0.5978710376796561,0.4882679878054157,0.6577813359583469,0.1913233719581602,0.4936005400173481,1.782405289829572,8.107837641606713,43,male,medium,,True,2,2,0,,vacation/others,0,0
1.5534885080325,1.68933366169482,1.070237144951319,0.1392217229848733,1.035055745019741,1.490603848539293,1.61868448227047,21,male,medium,871.0,True,4,1,1,little,car,0,0
0.4432991645031943,0.5305725571068554,1.216800737165269,3.389687833159748,0.730950891018828,0.02482352923625636,2.778016604430718,20,male,high,399.0,True,4,2,0,moderate,radio/TV,1,0
0.5169557346569599,0.5921865064610795,0.5335008788541756,2.737211753532809,0.8215893043831312,2.264238790489656,9.715580015583097,38,male,medium,773.0,True,0,0,0,quite rich,radio/TV,0,0
0.4459630875636639,1.279853225500771,0.844208911778294,1.73819397461916,0.2334731078263635,0.1034912422889952,6.26125936816675,65,male,high,420.0,True,4,3,0,little,education,0,0
0.8950875276504362,0.3417738658152736,0.3495123625175397,1.605570935152497,3.203072295508889,4.441237991848554,60.41400986268869,69,female,medium,328.0,True,2,3,0,moderate,radio/TV,1,0
1.576167920449964,1.065515093761145,0.9475733939324977,0.5670454786402911,0.1999312074035307,0.3580470150044828,8.240724124278467,46,male,high,675.0,False,2,3,0,rich,domestic appliances,0,0
0.5200515618636572,0.8550279020297019,0.8675951679212929,0.4648547057089862,0.3469242355705134,0.9083333561963317,5.919750728032199,27,male,medium,843.0,True,3,3,1,little,education,1,0
2.164876562741479,1.155411207408906,0.7450462804484149,0.1294368235673732,0.8464515826134614,2.459150935941166,8.935071109667835,26,male,high,393.0,False,3,3,0,little,domestic appliances,0,0
0.9065989509435025,1.487405206636998,1.221845591756587,0.1251880749972046,0.2653000867824293,0.9413859347852146,1.398435264310374,20,male,very_low,845.0,False,5,4,1,quite rich,education,1,0
1.659841882544052,1.138312535274565,0.1733580117398142,7.850501504353953,12.71996207271325,11.47870768992157,133.0554646616348,25,female,very_low,938.0,True,3,2,1,little,radio/TV,1,0
2.012017278260695,0.661269293301145,0.9873509487635654,1.854633037031617,4.43782043083075,1.310293466455257,11.66003105055394,48,male,medium,218.0,True,0,1,0,little,vacation/others,1,0
3.074218452273226,1.042553398920666,1.181349650085141,2.621424477689068,0.09733260309579476,0.02017918188610148,3.239035228866059,24,male,high,725.0,True,0,1,1,little,car,1,0
1.464504281162486,0.8504914474245803,1.140531460211547,0.0724375353001428,0.3818401502400854,1.751051635235565,2.996157819170755,33,male,high,309.0,True,3,3,0,little,business,1,0
0.2699241974446305,1.104067434368594,0.7563836145632984,0.9212580883711158,4.170851524057223,0.6065257891901026,3.556456158954063,47,male,very_low,387.0,True,2,3,0,,vacation/others,1,0
1.245373943801519,0.5503406281693347,0.8469716872266776,0.9180332195644122,1.483656412215968,1.726526700755173,13.22274534888922,50,male,medium,925.0,True,5,4,0,quite rich,car,1,0
0.524967451160398,0.9619826808036722,1.638765706257937,0.6951686790849353,0.5639382266620295,3.536560238940424,20.32800872965797,22,female,low,266.0,True,0,2,0,quite rich,repairs,1,0
0.5240487357664726,1.123605405987956,0.6888722651183821,0.08916213794587347,1.5451419570998,1.344317225443942,39.11535195897611,27,female,high,795.0,True,4,2,1,rich,repairs,0,0
2.040664610903475,1.051744112532395,0.5794196889318298,2.556836912447729,1.704843018008194,3.807229149318708,26.12828402005455,60,female,high,887.0,True,4,3,0,little,car,0,0
2.001778650997115,1.625657391577389,1.370486302534177,1.802488975825286,0.148865662362566,0.04005201396869411,5.323803562014583,52,male,high,791.0,True,5,3,0,little,car,0,0
1.06858463757878,0.6224331249996832,1.055150460397178,1.727092889387321,3.149283316272091,4.568710168368475,31.07898804100047,69,female,high,309.0,True,1,3,0,rich,repairs,1,0
0.7825561752935372,1.883333679920837,0.9030766982475605,1.716399733322185,1.632789944985268,3.38472566179997,17.02390885999491,35,male,high,266.0,False,0,0,0,,business,1,0
0.7754299415168399,0.5667652616795114,0.3853741365047685,5.102087558514221,2.131975438349898,2.410273506542972,10.01809421025347,61,male,medium,817.0,False,5,3,0,quite rich,radio/TV,0,0
1.368455280491416,1.322691255306726,0.5737409639318366,2.926709414442874,5.526253587192803,1.864315120355704,22.53162673809095,41,male,high,633.0,True,0,0,0,,radio/TV,1,0
0.8728068659004651,0.7533150180603705,0.4724300010578862,1.620269561423732,0.7309055770910098,0.2889663471596578,12.10515526812648,70,male,high,750.0,True,5,3,0,,radio/TV,0,0
0.7095261357138328,0.5286726082926989,0.6794494525215247,1.01585105719881,1.329090817271002,4.059621553083483,30.44627606415629,78,female,medium,812.0,True,5,2,0,rich,repairs,1,0
4.573574877720881,0.6232233743434273,0.5939469124740105,0.8139523012080754,0.9185012334011087,1.038921218367773,7.938915024386387,25,male,very_low,320.0,True,3,2,0,little,furniture/equipment,1,0
0.2997519883410016,1.209337770423043,0.7354008385596317,2.128909484108506,1.257807089045869,2.019234225497207,11.7949025969141,35,male,medium,562.0,True,0,0,0,rich,domestic appliances,0,0
0.7588849444809115,0.3273037648768244,0.5358365521145713,2.018444516534726,1.325505697335223,1.686564744302101,10.96692942619833,25,male,high,640.0,True,3,1,1,quite rich,car,1,0
0.4014931459928353,0.9525710519997996,0.9608277864046385,0.952264339720137,4.552625858015947,0.5528781775816293,4.486845562617709,36,male,medium,332.0,False,0,0,0,moderate,car,0,0
0.2484764256355791,1.459436181667366,1.242867283585845,2.798293934489945,3.874545935602956,0.1066187636565295,14.09694795890458,84,male,high,917.0,True,5,3,0,little,radio/TV,0,0
2.523137262008892,0.5880255006792792,0.6607761012110279,1.889727317883794,4.029381215130265,0.2902242277450339,3.243437253404288,63,male,high,163.0,True,4,3,0,,vacation/others,0,0
0.7723847182851831,0.5409738487049657,0.4711089943552892,0.9004628531357479,8.130873773610782,1.181543716866784,2.883217615306524,60,male,very_low,821.0,True,4,2,0,,business,0,0
1.569932512584156,0.6645185787388989,1.471610593570686,0.8185811886510288,1.115877954864344,1.284630851495453,4.362472231888074,59,male,medium,469.0,False,4,3,0,moderate,radio/TV,1,0
1.484444283538452,1.268513973835484,1.133295121893069,0.5005341079343893,1.196143860660299,4.710449076254899,35.34472456471932,19,female,high,808.0,True,3,3,1,moderate,repairs,1,0
0.2189013998700428,0.433004699947416,0.6547833801161936,0.3106836110594694,0.1081566042390459,0.6685229403137898,4.312010987772601,59,male,medium,367.0,True,5,2,0,rich,repairs,1,0
0.8657519089655782,0.6170381009421637,0.3710611407898845,0.1447548885375579,0.596186922619326,2.689723231112804,2.036805901704855,81,male,high,659.0,True,0,0,0,little,car,1,0
0.1788557494653321,0.5024737961270466,0.6948342921879932,2.034263857327084,2.540843422080037,3.151024519426662,18.93154372746263,26,male,high,202.0,True,5,4,0,little,repairs,0,0
0.3401424278088158,1.08844351469217,0.8335818381388393,1.673724898800321,0.004632389943799336,0.02813119560053385,3.674483187040126,48,male,high,713.0,True,1,2,0,rich,radio/TV,1,0
1.143573949345149,0.8786201403621239,1.572496767245147,1.349769987228407,3.001867218914338,1.525966096223752,8.680023643782715,33,male,high,243.0,False,3,0,0,quite rich,car,1,0
2.358860084091036,0.17782528821164,0.6544888997082392,0.4207691970455407,0.7491468045133708,2.425352241895756,31.09887280639573,37,male,medium,603.0,False,0,0,0,moderate,furniture/equipment,1,0
3.019764781014972,1.067217974668259,0.4339088423074655,0.02123099671881427,0.004279730994250764,2.804888875449324,2.37693832976306,44,male,high,946.0,True,5,3,0,little,business,1,0
0.7754699989129397,0.3721439533009783,1.028300409583149,1.32198672490691,0.2207987307969566,0.1216432518860963,7.519056416935623,18,male,high,947.0,True,0,0,1,little,furniture/equipment,1,0
1.137234403675643,1.010495877051958,1.530125345148497,0.672357382875941,1.760638470729348,4.511013379184971,22.04859782200032,25,female,medium,393.0,False,3,1,0,quite rich,vacation/others,1,0
0.9975177491978894,1.05643914405671,0.5643305933419114,0.5942910303408235,5.671292345647265,1.420505685264579,4.093588345182265,39,male,medium,801.0,True,5,3,0,,car,1,0
0.1944025697569357,1.244535212648779,0.8108954167064115,0.2685520919937298,0.2220747199965105,0.8612300545046591,8.742842791721362,45,male,high,168.0,True,1,0,0,little,car,1,0
1.204030701883003,0.9302018914793706,0.4351672021426394,2.724189014904168,2.818066212443358,2.388828161315114,19.04830983393961,64,female,medium,266.0,True,0,0,0,quite rich,furniture/equipment,0,0
1.939733995038742,1.165933560208089,0.6706461338249895,2.723305752481009,3.283625385465043,2.22766251481776,19.63315898816507,38,male,high,688.0,True,5,2,0,rich,car,0,0
0.8401543514102207,0.6689086112171796,0.0990168946640124,2.5705927861682,11.25970064557121,1.286793347911581,40.97276249843198,41,male,high,818.0,True,2,2,0,quite rich,vacation/others,0,0
2.834978356886698,0.8503350056785367,0.8453383415851246,1.621799008814338,0.8143934452317022,0.1608341647152344,5.253906982260183,67,male,high,480.0,True,4,3,0,rich,vacation/others,1,0
3.07826994825616,1.004608413805692,0.5735517851786166,0.08813748499959166,0.4326461429512246,2.447247840401902,1.362545433650626,55,male,low,654.0,False,5,3,0,little,car,1,0
0.8716164281129669,1.434564586643033,0.4029581145042099,4.778622069044225,9.896212490410473,6.176676179348676,47.48018016689034,70,female,low,191.0,False,0,1,0,quite rich,car,1,0
0.4369868332594353,1.851271939554513,1.470916663606881,0.4639714686381242,1.143536911278866,2.6470242992092,16.66981865684914,73,male,high,456.0,True,2,2,0,little,furniture/equipment,0,0
2.11577885910051,0.4975191037562999,1.131635527575494,0.3632555875679648,0.4625234291700891,0.3986811563309902,0.3229688009288579,40,male,high,691.0,True,1,2,0,moderate,car,0,0
1.388884314809309,0.8513999996472502,1.029199662354462,1.188495412369528,1.497108650961732,3.857191393970672,20.92961929353374,18,female,medium,233.0,True,5,3,0,little,radio/TV,1,0
1.365341724684259,0.6957848736846084,0.4845743689720148,1.144844247084897,0.02007878927694338,0.140836048466682,6.368488496918098,85,male,high,374.0,False,2,1,0,moderate,domestic appliances,0,0
1.542747094481862,0.9184002363075804,0.7166607849760349,0.9809780169285137,0.0780493720949104,0.2326511930164756,23.44910111595772,56,female,high,138.0,False,5,3,0,moderate,repairs,0,0
1.467606026896947,1.351408349645942,0.9581370282474626,0.4239919603040689,2.574526986016823,1.644141267732958,44.64064459952829,79,female,high,871.0,True,5,2,0,quite rich,education,0,0
1.10444655187639,1.408948312244643,1.643629907447046,0.2018691208745652,2.92032775508975,1.18861146373746,4.32550807188582,39,male,medium,666.0,True,5,2,0,moderate,car,1,0
0.3129377967524,0.8329162128746509,0.7132885340365324,0.08038069098770662,0.3657666959626743,2.426117340922719,4.636278407097915,75,male,low,387.0,True,3,4,0,moderate,education,1,0
0.7867208778245564,1.495797594144819,0.3163223838319335,1.666815450747717,1.775553571828936,2.067961047873326,14.57753872418502,73,male,medium,292.0,False,0,0,0,little,business,1,0
1.96746548014498,1.166410597602311,0.4943459720654536,1.649595152523242,1.957885026705235,0.451334812060934,2.163956496643906,85,male,high,228.0,True,0,0,0,moderate,radio/TV,0,0
0.2247963036924261,0.9229039073567847,0.8203035317416477,0.9727517545221089,0.3214045249282733,0.3036098250193791,20.40950539310825,74,female,medium,247.0,False,4,3,0,moderate,radio/TV,1,0
0.9806057149273081,0.6733230450402589,1.080786902303646,0.8769805068912486,1.214406436737809,2.097477239700072,11.4182645376058,74,male,medium,831.0,True,0,0,0,,repairs,1,0
0.543395720971934,0.73671615827329,0.8659128081616795,0.4775741517163249,1.253476574779975,0.7700775361765374,5.58628252676284,68,male,high,531.0,False,5,3,0,,car,1,0
1.807427983709337,1.868988360076952,0.3653282371988015,0.4623205900150979,5.327239944469574e-05,0.2043327703112111,11.67104347249295,71,male,medium,180.0,True,3,3,0,rich,radio/TV,1,0
0.5118369959296094,0.8870624608952055,0.9987105194110768,0.4357161810951136,8.488407312900422,1.371374623688805,4.559896406157788,39,male,medium,270.0,False,4,2,0,rich,domestic appliances,0,0
1.043942215000198,0.7011674496867957,1.047741922801557,2.28554287384682,1.853857891511014,1.631735204311594,4.654437316468421,49,male,very_low,857.0,False,5,3,0,moderate,furniture/equipment,0,0
0.9206782881346866,1.715922731359729,1.117566534559061,0.7070916416442956,0.6537152698398992,1.724431165293429,10.28018895924235,48,male,high,642.0,False,5,3,0,little,vacation/others,0,0
1.093321473911764,1.017945136607429,1.349820961450197,0.6756382003186624,1.048165178977705,3.56938556446145,29.15749076779935,56,female,medium,266.0,True,2,2,0,moderate,radio/TV,1,0
1.107318148049809,0.9657002156824093,0.9251290786490666,0.5104660170492183,8.18674728802693,1.428054518456372,8.40005502433845,47,male,medium,414.0,True,5,2,0,,repairs,1,0
0.9183140612105711,0.6609221699068649,0.7355319671617097,0.2548975357862426,1.063136251883611,1.172504716245772,22.7457204324369,54,male,medium,202.0,True,4,2,0,little,radio/TV,0,0
1.320489517223161,1.177878297507027,1.01804635734279,1.497181272082026,0.2641528092815567,0.1427945474556736,21.82998058864556,24,female,low,469.0,True,5,4,1,rich,furniture/equipment,0,0
1.751195367196324,0.5392224018522499,0.9160669733599097,0.9494421517484237,0.1826168443677409,0.1741366542900825,3.125310560000472,25,male,high,266.0,True,0,0,0,moderate,business,1,0
0.9659446930758384,2.165339308541458,0.6561705459027702,3.32028986781364,2.559859326084498,5.109718052201181,23.42196913306354,54,male,medium,422.0,False,5,4,0,moderate,radio/TV,0,0
0.6968391891267867,0.8435989508220226,0.893313105593767,1.41448214140283,1.016748397547258,0.1889842633383029,3.664223563277402,19,male,high,,True,5,3,1,moderate,radio/TV,0,0
2.482241413211543,1.48565023854514,0.7027731974252592,1.042738583259407,1.563633278276263,0.411242388847292,4.129047034758763,49,male,high,866.0,True,5,3,0,,vacation/others,1,0
2.946563614305318,0.4293106468215792,2.156884860159257,0.7096013508912357,0.989438383079845,1.543124987584654,7.446459157730034,27,male,high,324.0,True,0,0,0,rich,radio/TV,1,0
0.601490008830619,0.7239055428837496,1.067376469471017,0.5834012483365014,1.021829419450523,3.485102246072113,35.31758016803379,70,female,high,495.0,True,4,4,0,moderate,radio/TV,0,0
1.417999065366153,1.010310271472028,0.6440575470339047,0.5076367137295171,0.02902028215525501,0.357888335155296,15.39626227244894,40,male,high,950.0,True,4,2,0,moderate,car,0,0
1.544629497853349,0.9332438545558082,0.4342210242196327,3.601327507115516,2.989263694039495,3.643339033268365,33.48488931835602,26,female,medium,367.0,False,5,3,0,quite rich,vacation/others,1,0
0.2430169582911405,0.995954612241457,0.4389142334080173,2.390335296445551,0.06793955855077194,0.09452649101490096,15.68048679463553,18,male,medium,717.0,True,1,3,1,,business,0,0
2.260175499272086,1.152676841166378,0.8551830923180087,2.196048901762806,0.3620603731977176,0.06891890309904333,3.270515887237742,76,male,high,266.0,True,5,3,0,rich,car,1,0
1.166233604780293,0.8949338539696614,1.653528753245977,1.723970291826146,1.833280470350003,1.855569980748775,8.111705075253266,57,male,medium,589.0,True,4,3,0,moderate,business,1,0
0.532960789541823,1.358502228728342,0.1416897134467773,1.458614964963589,3.799769701401786,3.870690571155584,79.83981201227007,81,female,very_low,658.0,False,5,3,0,quite rich,radio/TV,0,0
0.5786788958410553,0.751874750713018,1.229279139161781,0.8419236283317779,0.463449748855255,1.361678253045023,4.147672043153241,75,male,high,417.0,True,3,3,0,rich,furniture/equipment,1,0
1.433261300796389,0.8085557031170139,0.4221290186025022,0.4381927558745551,1.12967555970982,4.226922766413806,85.08877140900023,50,male,high,709.0,True,2,3,0,moderate,radio/TV,1,0
1.618182702852012,1.142851959156614,0.3568428731182124,0.1428807426542616,0.490721740367207,2.956277265881032,4.961002375915179,82,male,high,785.0,True,4,2,0,moderate,domestic appliances,0,0
1.236515816618698,1.052504222571944,0.7527690538884754,2.801619366905821,1.917121111802779,3.899625544482475,18.29323821208273,22,female,high,615.0,True,5,4,1,moderate,car,0,0
0.977166030022343,1.507194058826404,0.8739097253094835,0.2844746128107514,0.03287647314576238,0.4133580541610946,4.115937347849258,26,male,high,288.0,True,3,2,0,little,vacation/others,0,0
0.8075028477681194,0.5226543593556529,0.4957666306915585,5.502390016129183,2.523700717514196,2.740367215764171,7.217257087462051,71,male,medium,698.0,True,5,4,0,moderate,domestic appliances,0,0
0.6327318899401968,0.8464323330847225,1.04151036063074,1.955110574914165,2.227588508877111,1.575289551294563,12.77689617771282,20,male,high,266.0,,0,0,0,quite rich,vacation/others,1,0
3.904188411441397,1.049583137124095,1.010639110437588,0.5166265512072149,1.095680582879809,1.657051766651745,13.15329534397726,50,male,very_low,830.0,True,5,4,0,quite rich,radio/TV,0,0
2.375710874413435,0.6423164250282167,0.6536672786293871,0.2410128868330054,0.167592936925169,1.056071865350848,7.631667561489667,78,male,very_low,884.0,True,5,3,0,moderate,education,0,0
0.8522887116297261,0.9923886676972181,1.345511023925997,0.229258240284423,0.6492159771680134,0.8817057507411662,8.10605881219411,49,male,medium,811.0,True,5,3,0,little,education,1,0
1.348371117894629,0.4352172995484377,0.3089649967136041,2.825374491700048,3.062694655639263,3.746535930093727,33.10037545040669,54,male,high,864.0,False,4,3,0,,radio/TV,0,0
1.600858751593971,1.271536639691041,0.4710748269456366,1.529864528904243,3.71182689561507,2.368613050122615,51.43315439944466,68,female,high,163.0,False,5,3,0,quite rich,radio/TV,1,0
1.275472881423889,0.681195656449705,0.3587912819810393,0.2611570348705416,0.0002956072511435215,0.4305558511325863,5.671093800134461,29,male,high,313.0,True,0,0,0,little,education,0,0
1.134053110161499,1.136187028185891,0.8144012169192841,2.698135286817735,2.945329073735734,3.59192759363974,19.67076904231495,51,male,medium,266.0,True,0,0,0,quite rich,business,1,0
1.687610101701913,0.6049690919268687,0.9001150654708131,0.2977621160940657,0.7654102615721687,2.846366548400093,33.42329339540133,68,female,high,279.0,False,5,3,0,little,repairs,0,0
2.890314860383691,0.7052091923236843,0.8027351765540945,4.10599150516426,2.22741427626271,1.267680115415244,5.10216791866667,20,male,medium,794.0,True,1,1,1,little,radio/TV,0,0
0.7241180465586561,1.029505753276472,1.299239765132629,2.169669989046242,0.02110004841858305,0.01489571272204981,3.538528632731554,50,male,high,266.0,True,5,3,0,quite rich,radio/TV,1,0
0.1650023178589496,0.6270216423752333,0.782628205159126,1.514776915849207,2.32397849338279,1.075261366840202,10.34204163863942,58,male,medium,439.0,True,5,3,0,,car,1,0
0.5754568010890841,0.803448982444553,0.4737432470606108,0.6930238125342156,0.02036406029222663,0.3142483542516629,11.1218259438213,54,male,low,218.0,True,1,1,0,quite rich,radio/TV,0,0
0.3378153370463671,1.3014778687701,0.9714421359743575,0.5547304858235106,0.04110648365611637,0.198806851620253,3.352005252771011,31,male,high,854.0,True,1,3,1,little,repairs,1,0
0.5966857989438743,1.13739302494149,0.6700708059094211,0.03553405549331896,2.713406929107287,7.248202919700047,2.846654880799888,79,male,very_low,243.0,True,1,2,0,moderate,vacation/others,1,0
0.1835452239134586,0.5890247806579233,0.5028231588532743,1.755679822428816,1.649163922190833,0.3660604102883467,16.81961230346871,82,male,medium,729.0,True,5,3,0,rich,repairs,0,0
0.740587922213133,0.7975344857073514,1.067304506630019,1.481861885387461,2.60111476094781,0.2497578327775532,9.110856935305453,77,male,very_low,520.0,False,0,0,0,little,education,1,0
1.148613938820443,1.070660713656087,0.4190503025145035,1.467318446248273,11.31164348661385,0.810426938101171,3.052215882579627,20,male,high,144.0,False,3,3,0,,car,1,0
0.9977248025394785,0.859750971344563,0.9478043260876953,1.172855643548639,0.1807118996682753,0.1280913468262861,4.28264424128969,40,male,high,439.0,False,5,4,0,,vacation/others,1,0
1.50142647115801,0.7703311288521902,1.126353763936163,1.147667195824155,5.755471670139874,0.4588573233788673,14.16988567105698,63,male,medium,817.0,True,5,4,0,rich,business,1,0
0.9480173525336705,0.2604461185375958,1.283588093003491,0.5819804309743302,3.569096362502548,3.769377294450845,79.96491886124315,71,female,medium,510.0,True,3,4,0,,radio/TV,0,0
0.9997599191776625,0.4490321897904004,0.3455804075943314,2.23641983793895,5.294524713990478,1.15647474505354,13.3857123587675,21,male,high,266.0,,0,0,0,rich,radio/TV,1,0
1.60519867620918,0.794304669236543,0.5781015887610089,0.9271761316597738,0.05628297082678196,0.1758358639380555,2.167353522425146,41,male,medium,818.0,False,5,3,0,moderate,vacation/others,1,0
0.8794726203138679,0.6562381548783539,0.6447696405435787,0.628399033708424,0.1048431355273334,0.3443569703934705,5.879577677255145,41,male,medium,266.0,False,3,2,0,,repairs,1,0
0.9277138685758348,1.341721772296425,0.9055973782313425,0.2980547948301437,0.0827733439548991,0.4218845372509599,1.379572358501076,53,male,high,605.0,True,3,3,0,little,vacation/others,1,0
0.5742146754685921,1.62149900011355,0.6704631699081651,3.357132235111538,2.908343148866713,2.752731307275457,11.0342723099908,31,male,high,856.0,True,5,4,1,,car,1,0
1.743673965805266,2.253354598856648,0.6347344424339764,2.858658490938349,1.445490308211721,2.425859037258529,7.184421627890503,25,male,high,739.0,False,4,3,1,,business,1,0
1.727517900336997,1.00749377411293,1.264013817860411,2.308061473999258,4.047556338394249,2.153489451838614,11.37234485079798,76,male,high,144.0,True,3,2,0,moderate,radio/TV,0,0
0.4075501234715979,0.7908093265363734,0.4022671470297796,1.447817280445419,1.44653976917361,2.540966883734044,33.63165421438457,64,female,low,324.0,False,0,0,0,,car,1,0
0.8000131516231639,1.873267949512755,0.8168736773304837,1.346698914713089,0.2890926431023954,0.1411407556451315,3.524953895505185,61,male,medium,765.0,False,3,3,0,little,repairs,0,0
0.1345458076937379,0.2922116821043703,1.819942003667621,0.8003536045423203,2.072932509034848,0.2021468284917878,0.970594601665778,40,male,medium,848.0,True,5,2,0,moderate,radio/TV,1,0
0.267347291379759,1.482193515886375,0.6382484311486234,0.6296891793923723,1.106445939216697,2.418668926141717,27.87566670758308,68,female,very_low,698.0,False,5,2,0,rich,radio/TV,1,0
0.8155058402773366,0.858550253645811,0.6454305627188927,0.4456312194994386,0.3905213526449405,0.7819562536119037,6.989133472339908,81,male,high,655.0,True,5,3,0,rich,radio/TV,0,0
1.157198960311119,1.356858089413454,0.8387058753180522,0.05353252153475533,4.420151121196124,5.362670379467835,2.921350971650438,66,male,very_low,915.0,True,1,2,0,quite rich,radio/TV,0,0
0.5060432120208548,0.8726669691852893,1.603965356194996,0.9322910652260383,2.791046914332695,5.602102010217383,37.72156327809596,72,female,medium,266.0,True,0,0,0,rich,car,1,0
1.71331677740427,0.7850410098478823,0.518213994230484,0.3353878596703672,0.3093448305691268,0.9689312649770009,3.299049840665355,63,male,high,549.0,True,0,0,0,moderate,car,1,0
0.235902986712743,1.756035921693961,0.1139573447323588,5.029023951158395,7.58944619106659,3.08897709985675,50.36415884487793,80,female,medium,296.0,True,5,3,0,moderate,repairs,1,0
0.8640025337919568,0.8740119018682501,0.7388188885355929,1.795674174287196,3.476474766884291,2.66923902944368,12.99178444889615,39,male,high,897.0,True,3,2,0,little,education,0,0
1.981331362528986,0.3660434781898292,0.2893251452724758,1.643664938925417,1.098160200345577,1.448161014728427,16.30290091403226,77,male,high,367.0,True,5,4,0,little,radio/TV,1,0
1.262852747055782,0.6318861755388642,0.5067344520147444,1.215790119350929,1.95601837053796,2.549983037985069,20.41274446700889,63,female,high,934.0,True,4,3,0,rich,repairs,0,0
0.6502273650819741,1.284340056637466,2.027020672090936,0.7299164044127036,1.62746690190296,1.19645517290587,5.702099091540717,31,male,medium,661.0,True,5,2,1,little,radio/TV,0,0
0.9371880929766803,0.9915586539706477,0.5032556741573556,0.3633279104163546,0.353001247360132,1.071880698856299,6.375197552088099,33,male,high,865.0,True,3,4,1,little,education,1,0
1.208571150859675,0.7546435426614979,0.4218145009937205,3.010553141160097,3.096229828559236,1.611094162945556,14.07621973814889,39,male,high,461.0,True,0,3,0,,repairs,1,0
1.158965710253224,0.7755635054786629,0.6017537940369554,2.622972740060146,5.102965371391762,4.023664661668895,39.19973763164271,71,female,high,288.0,True,1,3,0,rich,car,0,0
1.244883597451357,1.436350919851578,0.9209159542097212,2.26029512305972,0.0361471323457028,0.03117516458390636,5.57025878592305,75,male,medium,708.0,True,0,0,0,little,car,1,0
2.374120147709929,1.290530264703117,0.4273556310580951,1.428162226025239,0.1585819911870006,0.2574841138940901,21.39221922143541,81,female,high,339.0,True,3,2,0,little,business,1,0
1.728464961447498,1.232466991291198,0.3910274004253411,1.106597024747449,1.856492153000421,3.002726007475694,25.65202271676362,83,female,low,789.0,True,5,4,0,quite rich,radio/TV,0,0
0.9893229609215617,1.194046014588988,1.420717845646163,0.7377279352732593,0.4988584499693666,0.8401730712352972,2.945309629456837,48,male,high,964.0,True,5,1,0,little,car,1,0
1.151678469259902,1.018294590765269,0.1652096683397616,5.103720539685277,2.076505839027505,6.812392432175833,58.84927094321091,37,male,high,266.0,True,1,2,0,rich,radio/TV,1,0
1.454185155943503,0.5363319238206966,0.903707540499424,1.925291187916313,1.172046527342194,1.460394004413591,5.053803419467942,82,male,medium,266.0,False,3,3,0,rich,car,1,0
0.215264612812726,1.010535211362962,1.05398784754313,1.683821242650363,0.02739924809109787,0.03616032648721297,4.512598274310776,81,male,high,191.0,True,5,2,0,little,radio/TV,0,0
1.08115298958094,0.7650556616175637,0.8969253441054292,1.290574931197253,2.325202912668701,3.364749929173427,20.3248613303188,83,female,high,275.0,False,5,3,0,little,radio/TV,1,0
0.8073320361079169,0.798438552224786,0.7780319323250512,0.3340298330282637,0.03377711872057264,0.431997101545887,6.057618519138908,42,male,low,151.0,True,3,3,0,little,domestic appliances,1,0
0.4017808943823361,1.281515247187299,0.4918352587631538,0.08351864396424044,0.167678782152738,3.054040790303374,14.35435023232804,80,male,very_low,812.0,True,3,3,0,rich,car,0,0
2.257832632809376,0.7914361614106685,0.2284906797752791,1.847605791618012,3.014200703882735,0.9159327283458798,17.91314343989149,22,female,very_low,266.0,True,5,4,0,quite rich,furniture/equipment,1,0
0.770496690149565,0.9401352270384598,1.220978690445387,0.3158968381525694,0.0008549411340837678,0.1402822964618027,10.56420473625091,79,male,high,452.0,True,1,2,0,moderate,car,1,0
0.6461550945916477,1.848062664124788,2.136732053498321,0.08407761178088027,0.2787165813100878,0.527935733008612,5.578648929318442,77,male,high,862.0,False,4,2,0,little,repairs,1,0
1.031130948644984,0.7268987992409885,0.1390439956953211,8.406245144304279,6.10543736384173,4.051344500887465,18.69054178283755,60,female,high,405.0,True,5,3,0,moderate,business,0,0
2.068549514492612,1.568925100246166,0.8876221715356131,1.295453994067281,2.530013965071813,1.435142130021612,13.74312278483262,42,male,high,805.0,True,5,4,0,moderate,radio/TV,1,0
0.5432645847013953,0.7923808552286974,1.635825714666577,0.761601277539367,0.5393962664465286,1.821975270920896,9.2595585280134,82,male,medium,266.0,True,1,3,0,quite rich,radio/TV,1,0
0.799100835719866,0.6895336846115033,0.8448929802535234,0.7558029160737889,1.168354825921514,0.4610512178702512,8.036259211264595,34,male,medium,592.0,False,0,0,1,moderate,vacation/others,0,0
0.6196994640891388,0.8722203454459044,0.6552639967583409,0.4454104592110713,1.054704548246821,1.097865982067652,9.95542591832035,31,male,low,555.0,False,2,3,1,moderate,car,1,0
0.9519924959831837,0.9753545097215164,0.2463217506165938,3.611067843668879,8.067887620066974,1.51420405579121,30.7321569772718,33,female,low,821.0,False,2,1,1,moderate,education,1,0
1.419075804201636,1.222850858597492,1.043987388903463,2.290351912267356,1.636633604442009,0.1122701937277838,9.259334864733349,60,male,medium,831.0,True,5,1,0,rich,car,1,0
0.2216172024050453,0.9143983016186723,0.4391439555210853,1.9079896863568,8.170745152745837,2.190069739940394,36.81731996783593,77,female,low,233.0,True,3,3,0,little,domestic appliances,1,0
0.6773766209124228,1.171886475550472,0.6786986921579135,1.589646261513881,4.240552594762862,1.834268244318822,22.85097678959956,26,female,high,469.0,True,1,3,1,moderate,radio/TV,1,0
1.244759627112765,1.235092269779178,1.211117619508835,1.368849402918747,0.07548342042497329,0.07908617960186695,7.598293746846188,75,male,high,436.0,True,5,3,0,,furniture/equipment,1,0
0.4184607423319844,1.296488689442512,1.655847563250538,1.346482393319202,0.5392961757692907,2.812776710459049,6.505652094936481,85,male,very_low,371.0,True,5,3,0,,education,0,0
0.5756045114212739,1.304181144824634,0.9255329236251165,0.735635452598317,2.621481949360618,1.638421923864911,28.59990804317048,82,female,low,343.0,False,0,0,0,little,education,1,0
0.5522132458552851,1.608910805200589,0.556317650344953,0.4189342036518257,4.838330220880037,1.863466895675953,3.823692191356626,27,male,medium,865.0,True,5,3,1,rich,radio/TV,1,0
0.8773812902419893,0.9758335351937488,0.6575294831229745,0.2326474104341852,0.1716412769710905,0.9618295382247143,4.65364808409644,76,male,low,138.0,False,5,3,0,little,car,0,0
0.7470215447420554,1.047331621064612,0.814647344570896,0.1323447021013134,4.428999078822682,3.719859498587217,10.14005889764535,32,male,medium,522.0,False,3,2,1,little,education,0,0
0.4312802125236829,0.4606441610935965,0.9007297453773848,0.5817804513384252,0.3728386247784474,1.388881038186262,13.04851012337402,48,male,low,,False,4,0,0,moderate,domestic appliances,0,1
0.9305021762830115,1.424107361631602,0.7713632940453637,2.114952781680834,2.313397376177303,0.8853354949340398,7.413185486266839,59,male,medium,396.0,False,5,4,0,,vacation/others,0,0
2.754593866130019,1.458428559136858,0.5180769059530586,0.4280902744511913,0.1793762613522006,0.669595383921394,3.366185735886356,83,male,high,218.0,True,5,4,0,quite rich,business,1,0
2.53168421298767,1.630396132239226,0.8390225368530624,0.8796850319338131,2.786608737501715,0.5731104928251539,4.810466164276144,67,male,high,266.0,True,5,3,0,rich,car,1,0
1.302269204719622,1.558356977863085,0.5413656050195076,1.61987878293085,2.226305910110441,2.388439920470417,20.41403861542861,33,female,medium,420.0,True,0,1,1,little,car,0,0
0.8173980422186349,1.093497000461308,0.4266654443985649,1.520868960276942,2.772974919872664,2.581988918582476,43.35433368191592,42,male,high,772.0,False,5,3,0,little,furniture/equipment,1,0
1.050336428929027,0.9595977812831482,0.5155524585472312,0.6296782922338717,0.2427293176118364,0.555578109895789,6.094877839514899,50,male,medium,875.0,True,5,3,0,quite rich,furniture/equipment,0,0
0.6688551085115135,0.5973365469582518,1.404268371046695,0.476251666658058,1.264877275532753,1.853669347451534,14.4311676275835,28,male,high,635.0,True,0,0,1,rich,furniture/equipment,0,0
0.5570319071245388,0.8142179487578212,1.268172624290432,0.3539100766562375,1.43755113984592,4.077102660247995,41.51284426903938,58,female,medium,529.0,True,5,3,0,little,furniture/equipment,0,0
0.7910659270688392,0.7968405142634388,0.8597430465635929,0.2547970071579005,0.6646706802918625,1.158053184994147,4.668220586579589,82,male,high,610.0,True,3,1,0,little,vacation/others,1,0
0.3048499140520087,1.136134708482805,0.525524092538869,2.03686923242469,2.822921900511532,3.430206404969036,43.19926995987582,49,male,high,364.0,True,5,3,0,moderate,repairs,1,0
0.6075450266197586,1.79719370381835,0.5282452687724924,1.585088604742903,0.626962908447962,2.559462208068939,14.54678208056551,80,male,medium,452.0,False,4,2,0,rich,furniture/equipment,1,0
0.6340606253279435,0.4853619354837866,0.7937588926414101,1.010149514317469,1.266603559034836,2.083703795275102,13.74612741152079,27,male,low,838.0,False,5,2,1,,business,0,0
0.5199324573219853,1.114775244244328,0.4984289310075165,0.8970999762029239,0.01214284235550958,0.1594433605221445,5.099315692837784,53,male,high,901.0,True,3,3,0,,car,1,0
0.8257747048408298,0.81910313447445,0.71583052586679,0.6890201312636044,0.09128915797095852,0.311821354581545,10.77327256623567,53,male,medium,582.0,True,5,3,0,moderate,business,1,0
2.804230167617844,0.8630276980253242,1.920112638130114,2.366780017033085,2.106180230232256,2.608158458204294,8.786167917828083,41,male,high,590.0,True,2,1,0,,vacation/others,1,0
1.33216854507659,1.006291787470989,1.009208268924573,1.565157049259421,2.672714322166622,0.2375078303693784,5.080502578808634,34,male,medium,797.0,True,5,3,1,moderate,furniture/equipment,0,0
0.7176497005389544,0.5351380873470218,1.973588106764477,1.476822902699955,2.266746071458831,2.500465772188439,11.93892804365349,38,male,high,647.0,False,5,3,0,quite rich,radio/TV,0,0
1.324127108167237,0.582783044388011,0.369254649448862,1.27411107725436,2.755367976516384,1.32600069287789,21.08343740969174,58,female,medium,801.0,False,0,0,0,moderate,furniture/equipment,0,0
0.6352693193509137,1.347989183495679,0.3534220753353022,0.6140004785644316,1.249141327402089,1.948738898551903,33.00127945445757,39,male,medium,292.0,True,3,4,0,,radio/TV,0,0
0.8088066012035293,0.7498197882672278,1.640311558375195,0.4357745401530424,0.4927240772638519,0.2140490738703887,0.8325570977427346,40,male,high,682.0,True,5,2,0,moderate,radio/TV,1,0
0.07252340310923759,2.229404585343171,0.3752771643602746,3.187418540239179,0.8123165195576273,3.105563005891764,10.69194305537734,85,male,high,836.0,False,5,4,0,little,domestic appliances,1,0
1.470540743315474,0.9331033322295641,0.4206149772970222,2.081319037515515,0.09947544822780915,0.1221411617940148,11.49026051271187,78,male,high,433.0,False,5,4,0,rich,radio/TV,1,0
3.629437086901105,1.413692952355195,0.4756062190107598,0.588263915718141,1.586119326995898,0.4457695443763444,8.805221003998962,26,male,medium,350.0,False,5,2,0,,radio/TV,0,0
0.4015713105771218,0.6151313764035341,0.478545057217182,0.3665783725296519,7.623348009446001,2.986907583546479,9.680503472995879,82,male,high,743.0,False,5,0,0,,furniture/equipment,0,0
2.023176933444027,0.995533230343846,0.5038835625266183,4.295041912842704,5.662612833790053,1.177376416658813,10.6057712275009,29,male,medium,645.0,True,5,3,1,quite rich,domestic appliances,0,0
0.6789147961654383,1.524610279150674,0.3580334945404539,4.216414734792798,0.8368527923548004,1.2668887089319,0.99234370144215,69,male,low,266.0,True,0,0,0,quite rich,car,1,0
1.169563339110696,0.6510408747610249,0.2525911933394535,2.090197957137294,2.520685816814794,1.104254089844683,10.9066522817894,70,male,high,884.0,True,4,3,0,,business,0,0
3.422543851341923,1.453888854505497,0.5067585630899838,1.138180745742432,2.03562149502717,2.03868116950925,35.32368803393369,44,male,high,266.0,True,4,3,0,little,furniture/equipment,1,0
0.7188127164693079,1.541151969176901,0.980547691767466,0.862123454037988,1.188147814905828,0.3464621032726296,4.768948865117209,69,male,low,,True,2,3,0,rich,education,1,0
1.171713477146249,0.7447956839338761,0.5638787466479834,0.2267050279809471,0.9485604243904495,2.034573019311911,4.299436568496161,56,male,medium,247.0,True,5,3,0,little,vacation/others,0,0
0.9819887876164309,1.106412519539474,0.3038145219673876,6.007484680930376,3.120643574985476,2.664720349850126,10.87947433356229,26,male,high,628.0,True,5,3,1,moderate,radio/TV,1,0
0.9558681842981473,0.7678455724389608,0.7276837654013357,5.024653023740173,2.853038497990573,3.355019674710894,13.82127793976682,44,male,medium,396.0,False,5,3,0,quite rich,repairs,1,0
1.744376448319127,0.7657001812293579,0.882427618151162,3.165904105880747,3.83419345294071,4.912072568385383,29.25646481145474,60,female,high,901.0,True,0,3,0,little,domestic appliances,1,0
1.538125657080699,1.15973614110063,0.8191716081226613,1.45301705611184,1.956721018153555,0.2303249992279484,4.375358156599717,51,male,high,357.0,True,5,3,0,quite rich,vacation/others,1,0
0.9257259424782422,1.867973062272968,1.093505748855189,0.2090061238718742,0.1362723908010951,0.8565073639610522,12.92100782995538,55,male,high,350.0,False,5,4,0,little,radio/TV,0,0
0.9806194980223795,1.918850589215967,0.1069354521849843,0.1037376605057273,0.02302572691938889,3.982051985971887,10.50192231310655,64,male,very_low,952.0,True,5,2,0,quite rich,car,0,0
1.176616731357605,1.446849172580774,0.308153506625048,1.186223736956037,3.519306551970435,1.110731580371338,16.75020474076055,22,male,high,881.0,False,5,3,1,moderate,furniture/equipment,0,0
0.7028521858392498,0.672327231888695,0.6175431181601364,0.5087663482235012,0.02389320519215025,0.3065137642847769,2.715805667471795,58,male,high,945.0,True,5,3,0,moderate,radio/TV,1,0
0.3489409462525031,0.8035414908430086,0.6971055887734495,5.561330586543714,9.442549900781898,5.015013375884013,39.33911185241863,42,male,high,909.0,True,5,3,0,quite rich,furniture/equipment,0,0
0.5272212623397693,1.011200281340079,0.8160115454996207,2.20525024399057,2.754496870417786,1.554307031930685,10.97078601397762,73,male,medium,781.0,True,5,4,0,,car,1,0
0.5647845359764958,1.787945351255867,0.776993302641657,3.274119347939382,3.352145167325762,3.454784499069407,15.51443320256231,62,male,medium,670.0,False,5,4,0,quite rich,business,1,0
0.7463944268750047,0.9782839175368755,1.116156862337691,3.190497174240276,0.08693091544838696,0.02232927067158713,21.93989335367769,42,male,medium,266.0,False,2,3,0,moderate,radio/TV,1,0
1.808196651793872,0.5788169079740754,0.6530851543664437,1.074165266243054,0.01627659577048933,0.1129874915665325,7.005121074656431,85,male,high,223.0,True,3,1,0,little,business,0,0
0.5345931067385812,1.709050352750513,0.3452742306833875,0.8260585273720075,0.1492090042774097,0.5059264516611237,6.967645379902285,18,male,high,910.0,True,2,1,1,little,vacation/others,0,0
0.4364265863400422,1.109756992628926,2.385189181670099,0.7951781990867242,1.125738667777439,0.7034233886375917,2.690471105338695,81,male,very_low,773.0,False,4,3,0,rich,business,0,0
1.196921704679067,1.567088899519117,0.6946941025740482,0.4078112630881936,0.3577739204115285,0.677737629515163,4.347521208783554,41,male,high,809.0,True,5,3,0,little,repairs,1,0
0.811529171941724,1.32764097984258,0.1076537122703796,4.601102641181424,4.322677179835445,1.178443660923904,9.712294070871652,81,male,high,261.0,False,0,0,0,,business,1,0
2.036259517722951,0.3440177822780131,0.3670265127773374,2.512310713433201,8.445612437156221,4.800203808797037,87.2929962964559,54,male,high,433.0,True,5,3,0,moderate,car,1,0
1.815007032605331,0.9393493735161806,0.4044511113774975,2.548581894260979,0.7770814899587362,1.340445646136427,4.168265703615763,60,male,low,266.0,True,3,4,0,moderate,car,1,0
0.4728384733627896,0.771009624396655,0.6069366978332179,1.477161682780405,0.02211363758011952,0.1103194059160491,22.89580372285864,19,female,medium,168.0,False,3,3,0,,furniture/equipment,1,0
0.4150250746743451,0.742222638951853,0.4256289251528937,5.158350012413162,3.867264253144237,2.163653480317885,13.02564148821675,21,male,low,817.0,True,0,0,1,little,furniture/equipment,1,0
1.018029319018311,1.672155258892895,0.7026779325525159,1.799218398962933,0.3777288017827994,0.1189498179448201,3.442300360703764,33,male,high,493.0,True,1,3,1,little,radio/TV,0,0
1.737123933277861,1.030111677115284,0.8158790082594366,0.8979695904598154,7.065821644734211,3.310501023284261,52.64885472511998,54,male,very_low,600.0,True,3,3,0,little,education,0,0
0.4526785516092044,0.8285408427913075,0.8036942115135373,0.6866664635054501,3.162187297690902,0.7275173147179145,3.041968732005305,36,male,high,414.0,False,3,3,0,quite rich,education,1,0
0.2723234535187352,0.7055333962026356,1.076544211223364,0.6777554305661717,0.5503684639462286,2.468625839274454,16.67594979277525,79,male,high,710.0,True,4,0,0,moderate,business,1,1
1.295633766017263,1.578069511834032,0.8372323909812471,3.314236288721957,2.373108205076451,1.464046977106788,3.711288956462675,72,male,medium,270.0,True,1,2,0,rich,radio/TV,1,0
1.308359121204213,0.9172026279215217,0.42437590217221,1.880794890817547,3.314065179330626,0.5810719657630863,8.185301149228764,40,male,high,728.0,False,5,3,0,moderate,car,0,0
1.153992097346056,1.356184110168995,0.3861457237864082,1.082846650343322,1.630279898048919,1.619316719629112,17.41791248929884,81,male,high,,False,4,3,0,quite rich,vacation/others,1,0
0.6878382383225752,0.9753838635629284,0.4033193158453246,0.7613711740859351,0.112939510202465,0.425868745964273,5.747321628476257,18,male,high,873.0,False,4,3,1,quite rich,vacation/others,0,0
0.8757762470344318,0.4034332468605984,0.7112162041395367,0.5334966030246556,2.232416883090094,0.9659875734367639,8.11983421307989,41,male,very_low,549.0,False,5,4,0,little,repairs,0,0
0.7797091692429102,1.448137642536441,0.468851192457523,0.3580994936677383,1.348475766621866,2.014329405044424,13.16195926587564,55,male,medium,785.0,False,5,1,0,moderate,radio/TV,1,0
1.912345962763082,0.5846990894530734,0.5955793090681623,1.502762532250609,0.06950886418825995,0.1565527649706332,29.04388018974822,37,male,medium,402.0,True,4,3,0,moderate,car,0,0
1.674870638906816,1.593753608035227,0.2323603915778365,1.366767739633457,0.1542200124094006,0.3808425003030336,9.131378717020167,62,male,high,320.0,True,0,1,0,little,radio/TV,1,0
1.478312294757111,1.156671139479686,1.358307066424231,1.287841353805438,1.463679590419303,0.6798164700608211,2.454350624538855,42,male,high,812.0,True,3,0,0,rich,car,1,0
1.362616761981414,1.369605827022186,1.304959548457052,1.236208410498628,0.1140351950175757,0.07521730852008265,4.657342681787862,48,male,high,522.0,False,5,4,0,rich,radio/TV,1,0
1.068277866428483,1.094917544185266,0.8258961972489495,0.7909026540487336,3.005526088156359,1.674161569707594,21.0946183504051,69,female,high,873.0,False,3,4,0,moderate,car,1,0
2.343592067832682,0.2671265062537477,2.276497328900905,0.6003271927812664,2.835521477936869,1.916243998174088,13.88868509429215,62,male,high,599.0,True,5,4,0,quite rich,furniture/equipment,1,0
1.480097678004563,1.288228062397663,0.05831908211232412,5.931539432863477,6.875215470296651,5.858609473220697,78.66540622285473,38,male,medium,568.0,False,5,3,0,moderate,radio/TV,0,0
0.5326765505699155,0.8194730738991031,0.9193839665633212,3.016323501670152,0.3620306098630504,0.03306477264519665,2.358533758250502,53,male,high,300.0,True,4,3,0,quite rich,furniture/equipment,1,0
0.4867138597769643,1.007966701575007,0.5108105689810164,0.8153856989062577,2.574791083396831,1.211570199774865,21.42749145144477,34,female,high,466.0,False,0,0,1,moderate,radio/TV,0,0
3.389185996806977,1.154872708839048,0.977567892741391,0.5896100140609245,0.9948696243155017,0.5447739878114303,10.39799417932525,43,male,medium,377.0,True,1,2,0,,radio/TV,0,0
4.845318445899602,0.7356621460737397,0.5181132136599045,0.3482720734229171,0.008198508117599304,0.4792099588309791,7.899713434627136,33,male,high,252.0,True,2,2,0,moderate,domestic appliances,1,0
5.49300535301136,0.8057564917708152,0.8807555083980818,1.877741729138768,1.710740384625167,1.604059284589291,17.55761518399615,82,female,high,554.0,True,4,3,0,little,radio/TV,0,0
0.1988381438445642,1.22735347362567,0.361669389186532,1.83300682855099,1.830285038335481,5.281376123352445,50.65268941514769,54,male,low,795.0,True,0,3,0,moderate,repairs,0,0
1.616086028130943,0.8254693485729784,0.662388269801974,1.257535346458604,2.135461291830374,3.911147643238214,29.39937347060462,24,female,high,469.0,False,1,4,1,rich,education,1,0
0.7701791544582343,0.6276777344198143,0.6601556455884444,0.9043130987310358,0.8074436589889608,0.4061521333156215,3.546508122744245,83,male,high,266.0,True,5,0,0,rich,business,1,0
0.2235824071606312,0.5718957115121297,0.3954455799689384,0.1154486441989334,1.043901386309519,3.993719429954314,4.712434586112572,74,male,high,886.0,True,3,2,0,rich,vacation/others,1,0
0.9466600125935455,0.80378945320506,1.219749655488563,1.710880201976714,1.642816978129708,0.1296249280957002,3.976784509101511,26,male,medium,266.0,False,0,0,0,little,domestic appliances,1,0
0.9589622483902609,0.8064217178074833,0.5160425879520744,1.646489272059287,1.190123343803322,4.660827640938624,32.62974271177712,82,female,high,,True,4,3,0,moderate,car,1,0
0.7757330751749273,0.6975605473506483,0.9106975447229694,0.6631628274521484,2.222520393861261,0.3789175741259399,6.963810851806993,64,male,very_low,623.0,False,5,3,0,quite rich,vacation/others,0,0
2.022973833836953,0.6772052680949151,1.024837296112116,1.464075801151423,1.05026318901469,2.510773033558642,10.29219391156902,78,male,high,126.0,True,5,4,0,little,radio/TV,0,0
2.860070958572799,2.296912289674722,0.5996334168282741,1.20898915348416,3.446983910257993,4.154069860075555,48.6300479616729,33,female,medium,279.0,False,3,2,0,quite rich,radio/TV,0,0
1.415822386251127,1.146237446242456,1.081767326374392,1.167409493975683,1.57024881934648,2.473109085992025,23.04056592869334,65,female,high,773.0,True,2,3,0,,radio/TV,1,0
1.171560804049598,0.4774900017995191,1.174695476878434,0.3866515496518242,0.7256581964714203,0.6136122702443172,4.007143228653822,63,male,high,706.0,True,1,3,0,moderate,education,1,0
2.792888001498425,0.877992915709277,0.4641819260523712,0.3004480082450609,1.19448588069979,2.03811729200463,12.32064319898073,21,male,low,520.0,True,5,4,1,little,car,0,0
0.4927781755366403,0.7312733302815323,0.7032871502338514,3.180269227307624,4.676927895148594,1.681148181339615,8.786572752923089,26,male,medium,854.0,True,5,3,1,quite rich,radio/TV,1,0
1.92987158744367,0.8370587643819088,1.5778514408797,1.901550698128065,0.03205660463540258,0.0249759090399844,16.35871329100557,74,male,high,771.0,True,3,1,0,rich,radio/TV,1,0
0.582750971149622,1.44380792170566,1.293418062323491,1.428440604433202,1.150812432277802,0.1137953853111333,1.240128388588034,20,male,medium,912.0,True,5,3,1,rich,car,0,0
2.48324817574071,1.696147677346287,0.8446877916390159,0.4556561524465444,0.1536879847233049,0.4968322320368715,12.35149453523321,20,male,medium,346.0,False,3,4,0,moderate,radio/TV,1,0
0.8238023692820767,0.7877774477268913,0.2398350677542117,4.035470287174727,5.690314284112219,3.199647440287725,49.26086017326491,57,female,high,891.0,True,5,3,0,moderate,repairs,0,0
1.707694398940734,2.463414988925388,1.745309447153561,1.290821579229645,0.5784038481112906,1.217385622901053,2.504055739583801,19,male,high,856.0,True,2,2,1,little,car,0,0
3.988862952424433,1.221653516621461,0.5534175348185172,1.97244973150906,3.758845976384339,0.5036247288600654,7.483178529874741,77,male,high,919.0,True,1,3,0,little,repairs,1,0
0.7817092863248989,1.289438290053787,0.6094737385157053,0.3504677776089736,1.518767803134766,1.503506925924256,8.038272009544672,42,male,medium,853.0,False,2,4,0,rich,radio/TV,0,0
2.51867696961014,2.401082277611103,1.339122083815382,1.782542509200322,1.681072607759562,0.1233631326193982,10.28435015282032,59,male,high,266.0,True,0,1,0,little,radio/TV,1,0
2.333271634266131,0.392919453713159,0.6896198993883799,3.189964715517027,2.918457817816454,3.122375495386201,17.11348843007369,67,male,medium,374.0,False,0,0,0,moderate,radio/TV,0,0
0.6609670963367182,0.9338206036196172,0.3472126020454114,2.940701260300365,4.898126698560195,1.061595774720904,14.7825663229601,66,male,medium,624.0,True,5,2,0,quite rich,radio/TV,0,0
0.4485966989608415,1.168298996904093,0.8091834890322993,2.417394756033021,4.752570155355327,12.38832871118485,77.89445439668418,67,female,medium,247.0,False,5,4,0,quite rich,domestic appliances,1,0
0.6158725197983513,0.5662728566361462,0.5833276695925932,2.301348253523465,3.095351187150825,0.8723994465568605,7.778604810367973,36,male,high,266.0,True,5,3,0,moderate,radio/TV,1,0
0.640380880706915,1.300877698620009,0.5275546218459345,0.8278295103372978,1.773623175957355,0.7136098397529719,4.685023547625967,78,male,very_low,850.0,True,5,3,0,little,radio/TV,0,0
0.4211275197408521,1.169264901147564,1.689686930385549,0.7488877205183824,1.711559398592187,1.615944126345592,16.87633485088705,65,male,high,243.0,True,2,3,0,quite rich,repairs,1,0
1.178163758293542,0.5961952167963755,0.3993368090503484,0.1757342052520544,0.5084705303515376,2.485402831972678,6.028360697796716,53,male,high,964.0,False,5,3,0,little,repairs,1,0
0.6638018924150604,0.8158797905593137,0.2641288730612978,7.752969129279895,23.82407063400792,2.824819419491214,47.47698658147401,74,female,high,320.0,True,2,1,0,little,domestic appliances,1,0
1.055133497539998,0.2532634551229023,0.6637155818386105,2.275021469304622,0.5521734094061539,0.09326753256151464,1.433022048405904,29,male,medium,354.0,False,5,3,0,little,domestic appliances,1,0
1.805939481412499,0.7698894333203209,1.523212607608998,0.9553115854941245,1.738377003003434,2.358088676010051,13.59676137900061,57,male,medium,587.0,False,2,3,0,,radio/TV,0,0
0.6157952367448797,0.9088072563644246,0.7280582743670844,0.1974674387144973,1.294978250708093,1.663317311495731,1.843429199039628,83,male,high,180.0,True,5,2,0,little,vacation/others,0,0
0.7595825692828673,0.4664288772332751,0.373377414275153,0.07497778618544482,1.280736154660597,6.258531862881649,9.288865823203846,32,male,medium,266.0,True,0,0,0,quite rich,vacation/others,1,0
0.5048684692507254,1.27676016840361,0.7063509799140322,0.4492857582965718,0.2464228326883336,1.500518861196534,28.72990654600733,33,female,medium,579.0,True,5,3,1,little,business,1,1
2.063943053925479,0.6701350283658152,0.9298879269963504,0.3089111555447259,0.2974681648519634,0.4121179769395545,31.02044856254106,18,female,high,866.0,True,5,2,1,little,radio/TV,1,1
1.394702788188308,1.138920635381219,0.7222035152614091,2.703486321888841,2.270152395014759,3.35001030116693,17.78019441738095,34,female,medium,292.0,False,5,4,0,moderate,furniture/equipment,1,0
1.538434886767206,1.239302389718304,1.512659791692508,1.05446804617883,0.04970305627440474,0.05626600551162215,4.560629995813084,62,male,high,339.0,True,1,3,0,quite rich,vacation/others,1,0
0.7721651520011987,0.8373306014707211,0.8445623168705634,0.6627525147119041,0.1548524231353017,0.234021312341835,1.497348146226186,81,male,high,218.0,False,3,3,0,quite rich,car,1,0
1.666551658893767,1.044377860902577,0.2035975870908079,3.369217517442183,1.417366373592593,2.468109745878861,20.06382043107306,20,female,very_low,559.0,True,4,3,1,moderate,car,1,0
0.6269574245761759,1.306145397917689,0.4789736493699387,0.6402835389147786,0.2132096243024839,0.5766051337330287,11.40259901920742,41,male,medium,786.0,True,1,2,0,moderate,radio/TV,0,0
0.514162125442495,1.143051056270594,0.2756400540420622,0.2032948672573083,0.1984079721479935,2.345534642421028,7.770237357520747,68,male,high,775.0,True,2,2,0,moderate,radio/TV,1,0
1.083480604880334,1.163045262571246,0.7909820188933752,0.1690803323319584,0.7845638224347651,1.589836959121569,4.325075054656494,68,male,medium,814.0,True,2,4,0,rich,radio/TV,0,0
0.6543356206513954,0.926774736864993,0.9900122729383869,0.1586011777873959,0.2773260317502183,1.247697629524088,8.583651151502114,24,male,high,471.0,True,2,4,1,moderate,vacation/others,1,0
0.7267339590325876,0.3413808290541322,0.6393926176655685,2.6367002480361,1.77984276278556,2.916922057850067,15.18716219516168,49,male,low,473.0,True,0,0,0,moderate,domestic appliances,0,0
1.836873569085698,0.4861248679524106,0.268186287420243,2.553225806679371,4.710704637644898,3.085727187375545,49.39557807534557,60,female,high,266.0,True,3,2,0,quite rich,education,1,0
1.293323546563997,0.3406116917348075,0.6703252727358703,1.684518307009519,0.8024469379354997,0.1691848557141505,3.276248314848939,24,male,low,489.0,True,0,0,1,rich,business,1,0
1.43872458413805,1.183366348363051,0.4698921659169497,0.6651698026817738,0.01045841523089017,0.3045926498433888,21.71846138920563,44,male,high,766.0,True,5,3,0,quite rich,education,1,0
1.236015722396907,0.9073440255102221,0.473908127368445,0.4235700977576511,0.3599586082679235,0.8756209893625732,2.967395549923999,28,male,high,270.0,True,2,1,0,little,radio/TV,1,0
0.3830565405469087,1.203764575457237,0.849573481987341,2.573766670209422,1.032101091488977,2.714298575753791,10.46413670547646,57,male,medium,687.0,False,5,2,0,quite rich,repairs,0,0
1.910937224559715,1.401793579351139,0.5618500820188761,1.986381612618823,0.1636450499635501,0.08150619366633353,1.235433276514148,31,male,medium,414.0,False,5,3,1,little,radio/TV,1,0
2.534925985641272,1.242539788050108,0.5543572579613336,1.426914620127309,2.724288925571712,1.149004684143125,26.79882809259124,76,female,medium,632.0,True,3,3,0,little,car,1,0
0.7735741985721942,0.8527319355521031,0.3466716753194035,1.305673696684402,3.446942669373828,0.4922613147200857,9.541877060856953,53,male,very_low,207.0,True,5,3,0,quite rich,education,1,0
1.02057092591557,0.3017316727774985,1.222368259643865,0.7073450242673479,0.5691432157567847,0.2899295365588967,5.556228017626802,69,male,medium,266.0,False,5,4,0,moderate,car,0,0
0.5853245210577505,0.8612021292859469,0.399196238919894,4.957072917365296,5.281100851768255,1.937974826762301,12.2588409688071,20,male,high,649.0,False,4,1,1,little,car,1,0
0.20770262109587,0.837034954914235,0.6592347947704448,0.696520818702741,0.01909342042584318,0.2133881716448069,6.567414866975695,66,male,low,614.0,True,3,4,0,quite rich,domestic appliances,1,0
0.7702592392080088,0.8471458422529187,0.4330364188691489,4.944984814478717,1.583953901880522,2.161441232126696,7.171687711441114,40,male,high,723.0,False,5,3,0,,repairs,0,0
0.8349493368046821,0.8073032089841997,0.8471546487181071,1.486071238058973,0.7184902356816126,1.439822691983422,6.989721582573346,78,male,high,284.0,True,5,3,0,little,car,0,0
0.7951592250676832,0.7838103360572589,0.3589982961529502,1.253508297389465,3.463567023438619,1.336379636846705,23.67726888714321,49,male,medium,767.0,False,5,3,0,moderate,education,1,0
2.695934410125948,0.8940313904870903,1.689387472473286,0.2988612848231398,1.200867022715973,2.316488085569022,28.12521898949957,28,female,high,817.0,True,3,3,1,little,repairs,0,0
0.4359476922659847,1.417371706583841,0.9353616414920118,5.129548437033492,2.717683444696866,5.189635471008393,17.8513189817538,24,male,medium,791.0,True,3,3,1,little,furniture/equipment,1,0
2.149464327375841,1.320009350429247,0.2647431812905651,3.002853161545033,2.809554132140842,4.670932236716569,32.26094399180751,75,female,medium,525.0,True,5,2,0,rich,repairs,0,0
2.163033927327253,1.217019418846498,1.131699087510833,2.707437164240129,2.873932678465053,1.631244557520742,11.3035437975389,30,male,high,840.0,False,5,3,1,,repairs,0,0
0.9410217658933555,0.5597961118918525,0.249702881967,1.770516263760435,5.079056100529815,2.230341961454044,27.93101244909449,45,male,very_low,662.0,True,4,3,0,little,business,0,0
0.7541975817524151,1.308135143657586,0.6851702607128756,1.557509175260112,1.147034399251361,1.543525689924624,10.5219246595391,55,male,high,656.0,True,2,3,0,,car,1,0
0.8747273125700044,0.8988792422440136,0.6404591713717761,0.9057491541086894,1.189031905363738,0.5482506002912463,10.52663502650764,71,male,high,882.0,True,4,3,0,rich,car,1,0
1.949968013948346,1.366574865140783,1.150189409865451,0.5908749830164196,0.5163223463847503,0.3104406510861789,1.932225185639735,55,male,high,914.0,,0,0,0,quite rich,radio/TV,1,0
0.241627228616329,1.077800212741322,0.9294907437188821,2.722156370178058,1.579595318445587,0.4838730994995523,2.19599529313854,47,male,very_low,439.0,True,5,3,0,little,radio/TV,1,0
2.402159877159836,1.617744915840661,0.5478425616030419,2.548578079922829,2.661558839952411,1.98193807492754,20.11342722802159,35,male,high,371.0,True,0,2,0,little,car,1,0
0.5391791497763635,0.8444728739577302,0.291875293372274,2.443586851471487,9.152707537144925,5.529188312266576,103.1455174836679,76,female,low,266.0,False,3,3,0,little,education,1,0
0.9887009677629602,0.8859981996311489,1.603315431101203,2.403341667579057,2.265349291000406,1.838603969744617,4.902658841871757,83,male,very_low,452.0,True,3,2,0,little,car,0,0
1.25904334414807,0.9048264560960817,0.6135068938836173,2.007114486073153,2.250785235998633,3.562781056021567,24.14883630158982,24,female,medium,218.0,True,5,4,0,little,furniture/equipment,1,0
1.171344780013892,1.240000604911235,0.7841239959878835,0.9286787558052714,4.940303905947052,0.680518930361622,7.024741958691715,49,male,high,186.0,True,3,3,0,,business,1,0
1.205496522577958,0.9721031529948739,1.17281404055279,0.8739995774730317,2.363805209451217,0.3232605419208395,2.457721177679097,80,male,high,816.0,True,5,3,0,little,radio/TV,1,0
0.4638642558325379,1.138338532240737,0.9140832323640273,0.5362003076108106,13.84420719482102,1.304953792461516,1.358377771162502,43,male,low,570.0,True,3,3,0,rich,car,1,0
0.6946534153025916,1.291989362218966,1.420784544281536,0.158869055648489,1.483624865681209,2.045992759674391,34.35035752656326,39,male,high,901.0,True,0,0,0,,car,1,0
1.014919212931604,1.600327416207911,0.8740455579626776,1.918091392613877,1.074792940499718,1.487133524814813,4.520132893628798,48,male,very_low,399.0,True,5,3,0,little,radio/TV,0,0
1.397163366514268,1.134747884960991,0.8590518410966257,1.81729314213913,1.147595906930798,0.1687851134942528,6.762307999762884,60,male,medium,903.0,True,3,3,0,moderate,radio/TV,1,0
1.721606633429834,0.7012615870672964,1.952829222930785,1.750244116901451,1.410933842968126,2.680617301698428,13.45621955255515,33,male,high,428.0,True,3,2,1,little,radio/TV,1,0
1.571985658796176,0.7788610192166783,1.223141037506317,1.549613681996574,3.913237265968311,3.196586036836103,18.10297673740596,41,male,high,883.0,True,2,4,0,little,car,0,0
0.5411738723387307,0.9980860605837049,0.3400500184497632,0.9164847139574663,0.04072083849384366,0.3855875653448303,30.31354387988795,45,male,high,641.0,True,3,3,0,little,domestic appliances,1,0
0.3366030649412961,0.5980835086639864,0.5369926764770274,0.2817929214564589,1.218359876435428,1.582492841723838,3.136800425663458,51,male,high,871.0,True,5,3,0,,radio/TV,1,0
2.40424256420514,0.597234656858624,0.3867981620051282,0.1203566127018335,4.344568461470374,6.508199576847336,10.92586732042127,56,male,high,870.0,False,2,3,0,,education,1,0
0.6701004269937698,0.4790970796642883,0.5962890968340322,0.1042704917724488,0.1409157953437446,1.97027845878488,5.777746334040418,42,male,high,729.0,False,5,3,0,rich,business,1,0
1.578795208239951,0.749525103382636,0.2430525035315168,3.522369541429172,9.80631002137761,2.488209761721215,31.73213254222835,26,female,high,473.0,False,2,3,1,little,vacation/others,1,0
0.3243135479841926,0.6479567717120912,0.3562291201424433,2.811978183442557,4.898401232377547,1.191421689561906,17.51812147286396,61,male,high,833.0,True,5,3,0,little,business,0,0
0.866818667189825,0.8537389361786285,1.08763211578042,1.924289818570914,2.57723098865299,0.1449821564153585,2.85672599551914,60,male,medium,935.0,False,5,3,0,little,repairs,1,0
0.8274452052954302,0.864862041278033,0.8907800883821919,1.005126049382401,1.37851156364663,1.43887929266644,6.374605115466187,34,male,high,865.0,False,5,3,1,little,business,0,0
1.181318787221399,2.002654543739526,0.6276409462944559,2.374739933530242,0.5376836930843302,0.10201714921319,7.653985947723369,28,male,high,233.0,True,2,2,0,little,repairs,0,0
0.944063846030275,1.095875576594755,1.340228744114514,1.214036201949843,0.4599062538758676,0.1138590375339637,5.300992333789353,73,male,high,449.0,False,5,3,0,rich,education,1,0
0.7404495968952685,1.38427490479018,0.6091171064488345,1.194522870677804,0.02566961517342748,0.147218302099391,17.32718406296906,62,male,high,252.0,True,3,3,0,moderate,furniture/equipment,0,0
2.247906552365818,0.4747394008000477,1.286247241915591,0.7352939987128034,2.829768261236793,1.300125758556768,12.27838585204415,61,male,medium,852.0,True,2,2,0,moderate,furniture/equipment,1,0
1.034835680987077,1.341473285721742,1.36932654393557,0.6787460259105583,1.399816698458231,1.580601662498905,9.8201403132891,29,male,very_low,279.0,True,2,3,0,quite rich,furniture/equipment,0,0
1.093692085066777,0.5933992544450578,0.6938418755871966,0.36350806867851,1.982253380936564,1.339906887475853,5.270869579335318,18,male,very_low,436.0,True,0,0,1,little,radio/TV,1,0
0.880892323201952,0.6733769511128236,0.320378336303059,0.3273835537377571,0.9482014897054809,2.729036370685129,24.487241695344,23,female,high,288.0,True,0,0,0,quite rich,radio/TV,0,0
0.7567812320578313,1.351861629411879,0.5852273586144777,0.2256952731340928,0.1478330118978569,1.12038755070657,5.152390132006231,39,male,high,678.0,False,2,4,0,little,furniture/equipment,0,0
1.409309805465171,1.405124338829154,0.7906316511348446,0.1725676944146386,0.6510841412217142,1.604404348814679,4.800123525020815,49,male,high,228.0,False,3,2,0,little,car,1,0
0.3143507920974796,2.004264057393808,1.529959578975861,1.076735808162316,1.242638016679883,3.048778928692426,8.05564883838516,29,male,high,838.0,True,5,4,1,,education,1,1
3.975587554279075,0.7146227752769193,0.5477940565170234,6.395454537785491,2.596998399341265,2.684392513798024,4.73705562661857,73,male,high,658.0,True,3,3,0,moderate,vacation/others,0,0
0.6488158115533412,0.8537403430704267,0.4087814379516424,2.827893060910056,2.518639117411918,2.060258085312231,12.6781013003342,23,male,medium,858.0,True,1,2,1,little,furniture/equipment,1,0
0.6745074133439399,1.204097177276174,0.9701618211335556,0.7469594022948624,1.768315992134158,7.364935816350598,62.02544138828115,56,female,medium,811.0,True,3,3,0,moderate,repairs,0,0
0.4855249701599527,0.9447329919024516,1.031197610969307,0.5939926756131506,0.6328011166146303,0.602407819169209,3.536367885996252,25,male,medium,877.0,True,0,0,1,little,radio/TV,1,0
0.8371488903567015,1.02344640281239,0.8114186997761135,0.06797187914067161,0.2268093476182618,2.43407952221999,10.11964793170079,51,male,very_low,332.0,True,5,2,0,moderate,furniture/equipment,1,0
0.7635076094889974,1.389846291225365,0.6429464345416945,1.697632202032072,1.403772459041892,0.2935580327485141,14.24045829572739,64,male,low,317.0,True,0,0,0,moderate,furniture/equipment,1,0
1.305866781764095,0.9495521651672509,0.3978454432152245,1.567765837026733,0.3241202711567083,0.2616472811622299,10.96316947475441,51,male,very_low,769.0,False,4,3,0,little,car,1,0
1.564069383156539,1.34467388802108,0.7851906710843094,1.38882754082756,0.0155144266106596,0.06717218164321305,9.168065328174317,49,male,medium,180.0,True,4,3,0,little,vacation/others,1,0
3.001230619318333,1.822278286978667,1.015156555581872,1.265126548264103,1.892310018577139,1.770094181685804,14.46996974477441,25,male,high,637.0,True,0,0,1,rich,education,1,0
1.138051347800545,1.149031824285442,0.77408289814177,0.7780477710433914,1.549747052872075,2.195104855710364,22.54418353082779,58,female,very_low,682.0,True,0,0,0,little,vacation/others,1,0
0.268323194464382,1.012998139528985,1.131643548661577,0.3475735547576846,0.2726463132828902,0.2824175799983304,2.812173120071473,32,male,high,633.0,False,5,3,1,rich,furniture/equipment,1,0
1.62506272268902,0.8065436269087132,0.3199761579540035,1.866835590873445,2.950175551477327,0.7517894383672155,15.8283052019771,38,male,low,328.0,False,0,0,0,quite rich,car,0,0
1.551948822546031,1.156559072475135,0.3906278208671352,0.507651080060581,0.8742774380917916,1.364249001023023,13.80432611019259,76,male,high,313.0,False,5,3,0,little,car,1,0
1.323250412740935,1.108222848190398,0.7536235236752021,0.21123925969034,4.404355025867306,2.303530932692622,2.818055728125713,80,male,medium,795.0,True,3,3,0,little,radio/TV,0,0
0.7762631442878154,1.525679372096874,0.5269427004148648,0.2082126682809801,0.1100071583834208,1.283550982317223,8.231320204931468,67,male,high,761.0,False,3,2,0,,repairs,0,0
2.043650436848056,1.627715325419926,0.9780532010874645,0.3462895508428045,7.269197576607828,1.65581598181746,3.278954604140369,49,male,high,552.0,True,0,0,0,moderate,radio/TV,1,0
0.8551054615673823,1.247740895251955,1.172787177935139,0.07903668119917116,0.2713460769775378,1.500281489996937,2.099734463798818,66,male,very_low,570.0,False,5,3,0,moderate,vacation/others,1,0
1.408266631407323,0.4949734265716038,0.9242962030115975,5.946336030542014,0.6580854838455992,0.01664096556351034,14.30723388874169,44,male,high,174.0,True,0,0,0,little,car,1,0
0.8113584369218648,1.008277045644765,0.5289508973075047,0.7196403145897777,0.3515427893436248,0.5783845917712613,9.444191033112851,74,male,high,417.0,True,4,4,0,little,radio/TV,1,0
1.563971390331459,1.204847014112704,0.3689791469273378,0.3364440338958514,2.919365734672166,2.43703823274253,2.191061837508066,61,male,high,257.0,True,0,0,0,little,vacation/others,1,0
1.866309881303119,1.085885822326021,0.5634963316863593,1.113238995469598,0.2445430583075341,0.2625955142131257,5.795273906721036,54,male,medium,758.0,True,4,4,0,moderate,education,0,0
0.7678870013811746,0.8737048616213473,0.2688545760582142,1.027703398829171,1.451439144160354,1.992972619067743,25.49211261196146,85,female,high,476.0,True,0,0,0,little,car,1,0
2.367557017689905,0.620372289746503,1.263483104027194,0.9714844519627757,1.32150379635888,4.337927879477012,29.58807768325226,24,female,very_low,491.0,True,5,3,1,moderate,education,1,0
2.655782382843025,0.8109067599874701,0.5914042230580787,0.2061257557087297,0.2544881484118241,1.159620541419364,1.035187416948878,33,male,very_low,802.0,True,2,1,1,moderate,education,1,0
0.8359219701684303,2.023025685358466,0.1653146807986486,4.757069268377705,3.711582934866728,1.74453862897698,17.30224160509894,53,male,high,207.0,False,3,3,0,little,car,1,0
0.4351549728155076,1.6836134161802,0.2921936904525153,1.979620667839232,1.886137120991402,1.023426384141309,8.307275160746109,57,male,low,374.0,False,0,0,0,,vacation/others,0,0
2.521479186332993,1.820177942901805,0.9995815078855761,1.126023999565457,0.6486931524696716,0.6462005857202866,4.112997404936593,78,male,high,476.0,True,5,3,0,little,car,0,0
2.283945728129426,0.9254688570267142,0.7136249720239624,0.6510660012713776,0.1977548733642696,0.3912492613878785,5.726802734439714,64,male,high,665.0,True,4,1,0,little,radio/TV,0,0
0.9133438721074864,1.526359284557775,1.355441817048706,0.5809570192645465,3.714372503123176,0.5454651473074611,2.851669939752966,70,male,high,712.0,False,4,4,0,moderate,radio/TV,0,0
3.094440009210385,0.6763765649709265,0.01750470625952497,5.467085581089235,19.31156015389491,1.920759534115612,64.57312055957652,51,male,high,836.0,False,5,3,0,quite rich,business,1,0
0.3840613301926968,1.689147391140895,0.6884240025508455,1.781117767419107,1.648786222049112,1.225009512575245,6.755282562348865,43,male,high,721.0,True,5,3,0,moderate,radio/TV,1,0
2.257512077037996,0.6909069300970052,1.075650343080901,1.47869524967729,0.8161503733537242,1.831525464087971,9.666129475020606,74,male,high,568.0,True,1,0,0,little,car,0,0
0.2101686463272247,0.4391493971705235,0.750821906272917,0.6108500613721859,2.013225822728376,1.603305272941747,23.22884689500759,53,male,high,855.0,False,5,3,0,rich,car,0,0
0.767973010360688,1.274500489870048,1.011345809462215,0.3720458865536022,0.6078579875105468,0.738741130815387,5.817478209673004,79,male,high,592.0,True,4,3,0,moderate,car,0,0
0.4047699767766064,1.028721543933802,0.5432505681467786,0.3430482283340094,0.07773256731302891,0.7541759746794419,8.30799386892151,36,male,medium,836.0,False,5,3,0,,domestic appliances,0,0
0.6693739144676402,1.239582088435291,0.2435395883219425,3.410115919068066,6.499228509630633,4.553032369897664,75.81366083537769,70,female,high,683.0,True,5,2,0,moderate,business,1,0
0.6644368888046251,0.225868838447864,0.3307750649927159,1.778820851363644,3.019993406485193,4.858447764203658,83.78731011534381,80,female,high,270.0,False,5,3,0,rich,car,1,0
0.3828935940924668,1.209983784307924,0.7074941852805554,1.722967745421898,1.673905307203839,1.455990106952047,7.382801980268971,52,male,medium,706.0,True,3,3,0,little,radio/TV,1,0
0.7389578980353136,0.6123055342061953,0.3416894634960326,0.9997072703926633,0.08116883778121593,0.3620148528212715,7.925064748875946,60,male,medium,202.0,True,5,3,0,rich,domestic appliances,1,0
1.530494952111267,1.363483312849255,0.9627412989139388,0.743440620262536,1.067437840729735,2.31977851203701,18.99589044324871,62,female,very_low,641.0,True,0,0,0,quite rich,radio/TV,1,0
0.619176970474653,0.4671878249864992,0.7146739200793721,0.4416836951463591,0.1103147233956641,0.6319307381702245,25.58202110258641,52,male,high,377.0,True,4,3,0,quite rich,furniture/equipment,0,0
0.4839049403397916,1.656270276536829,0.6267617977933261,0.363148970647683,0.1263053763043541,0.7185371592268625,6.910336646767337,19,male,medium,266.0,True,5,3,0,moderate,radio/TV,1,0
1.986686436305313,0.9795322352361895,0.8033749306249114,0.2353133950801289,0.3446950851522164,0.7240658298530663,10.66442349435437,35,male,high,664.0,True,1,3,0,little,radio/TV,0,0
0.9606252416669973,1.1800843589253,0.6703333109432441,3.242868477399138,3.373962529181717,3.281983613536675,18.39084994493305,42,male,medium,665.0,False,4,2,0,rich,domestic appliances,1,0
0.6108024087553527,1.315336296819289,0.9124974007752576,1.885475627455483,0.3736933371063108,0.08854382400670605,3.541104754604001,61,male,high,266.0,True,4,3,0,little,furniture/equipment,1,0
1.368808125902261,1.145971705714402,0.5692385758179601,0.1197411371381053,0.2915397501594946,2.207142913858385,10.69396278907395,29,male,high,855.0,True,2,3,1,little,repairs,0,0
0.9925319662317168,0.9017912795481282,0.8963760934602775,3.178178293684533,3.461379009952756,2.071066129703685,11.15097671179928,24,male,low,266.0,True,5,2,0,,domestic appliances,1,0
0.7441812835413527,0.9101086633848777,0.4339185161463379,2.713346751991006,3.017182243904249,1.718475071960408,7.147675200906959,79,male,high,464.0,True,0,0,0,quite rich,education,1,0
1.211922471415233,1.195646017653964,0.6863615226630115,1.571981154103348,0.004110325911449188,0.05325615505073305,18.84022979996694,59,female,medium,473.0,False,4,2,0,moderate,car,1,0
0.5291122023050538,1.020937141457605,0.3951860556137581,3.409958857933456,5.788502499728237,2.122589118101061,15.84435288827249,54,male,low,480.0,True,5,3,0,rich,vacation/others,0,0
1.068047491538714,1.632541853390677,0.4246353981187544,2.678747304324655,4.990492849929911,2.598051410287996,35.47729862505086,72,female,very_low,360.0,True,0,0,0,little,car,1,0
1.103069195257792,1.13419730702975,0.1444211896796687,1.598664677253469,3.84331062341194,4.530418088018392,91.00692415172311,52,male,high,827.0,True,4,3,0,quite rich,furniture/equipment,0,0
3.258210893100386,0.8214265275963103,0.742966984358475,0.7844985373012137,0.2159147267484771,0.3316262730499266,11.29536360973906,61,male,high,831.0,True,5,2,0,rich,repairs,0,0
2.232126023122036,0.5951562823568048,0.4650700871668411,0.6394480427153809,2.033253359419837,1.009909714525913,23.79808634936125,22,female,medium,364.0,False,0,0,0,rich,education,1,0
0.7112692931843718,0.3568929071174371,0.6014450459109238,3.953908926855101,1.299956048093268,2.570710522230827,5.622224857414296,31,male,high,946.0,True,5,2,1,quite rich,business,1,0
0.8814743667363896,1.555238979071205,0.06312881784364671,3.852019641846072,16.82099450354894,2.254052396740136,71.4978619118394,56,female,very_low,480.0,False,5,3,0,rich,vacation/others,0,0
0.8271313652121453,0.6552047552733196,0.9965881195524319,3.529017385968957,0.4481019413751288,0.03412942559987837,9.64363264104922,80,male,medium,508.0,True,5,4,0,little,radio/TV,1,0
0.5530949500799412,0.8973135532714986,1.02905514597875,1.986478165357823,3.431995842893912,0.7150957406534243,4.936288347169167,57,male,high,676.0,False,4,2,0,little,furniture/equipment,0,0
0.7270284225820391,0.596707347394496,1.385893190378158,1.626046658482809,1.335720081525476,2.789985333157172,13.06265326414349,80,male,high,266.0,True,3,2,0,moderate,radio/TV,1,0
1.001089707238714,0.7874163899651598,0.7293600554515547,1.410426914075164,2.012341093664348,1.54472398886095,13.83853022880891,23,male,high,266.0,True,1,3,0,little,furniture/equipment,1,0
1.194010785563842,1.299160421799078,1.324005146400394,1.145062502099788,2.405360930197816,0.2592501194738276,8.914604345356633,70,male,very_low,918.0,False,4,4,0,little,vacation/others,0,0
1.932575710746489,0.6383783167368794,0.9078665999158049,0.7597057127970211,1.015530620848514,0.5463373478688085,4.119383261438703,62,male,low,266.0,True,3,1,0,quite rich,business,1,0
1.815770839249167,1.114421486655447,0.2410050966758853,0.1922529760522884,0.1167703046872621,2.422510311253022,9.882621588506922,45,male,high,266.0,False,5,1,0,rich,radio/TV,1,0
0.5616065066232234,1.537186744395309,2.03561334740795,2.42793046299906,2.338277844699523,0.8015425553573734,1.477398828642761,59,male,high,824.0,True,5,3,0,little,education,0,0
0.9776060706445188,0.6751753604527873,0.3475615666005661,1.882115778376906,3.608530831888307,1.584835616537902,28.09200829199744,37,male,high,163.0,True,5,4,0,little,business,0,0
0.4457454689886766,0.6855563198537152,0.4512715790719256,1.817573786418342,10.62435692582498,6.032830969456868,73.01563237414258,52,male,high,627.0,True,0,0,0,rich,furniture/equipment,1,0
1.122541211282929,0.8555618317569388,0.5742878480218594,0.6143431231472509,2.175755401450172,1.130210564129462,10.95855618461326,58,male,high,701.0,True,4,2,0,quite rich,repairs,0,0
0.9123852558074748,1.079973043932199,0.6749440998962813,0.3433608754976588,0.2237093285479204,0.8798849358972303,11.55188669172287,72,male,high,313.0,False,5,1,0,moderate,car,1,0
1.359699830603746,1.271012771762586,0.5344577283475199,1.40460895820387,1.175427763622578,1.931442005560635,24.48258944676411,31,female,high,354.0,True,3,2,0,,business,1,0
1.365685777236448,0.6310717722305796,1.382823493401912,1.308737486924654,1.465344739425782,2.919214811922871,9.425424853192103,24,male,very_low,637.0,True,2,4,1,moderate,radio/TV,1,0
0.2721489695140232,0.8095265977783919,0.9538936449589247,0.8231632447991454,0.387939196724953,0.2825515020944435,7.977548593981418,74,male,medium,371.0,False,5,3,0,little,furniture/equipment,1,0
0.7167117062272889,0.6539227781257636,0.5964497603159238,0.6037688175873042,0.1154592937864834,0.427880233952687,4.848066117904084,78,male,high,252.0,True,4,4,0,,education,1,0
0.4569084265021846,1.016503122520379,0.5747779521061566,0.5158000719274511,2.308925782380024,2.290971322373478,32.79536407413236,79,female,high,506.0,True,0,2,0,,business,0,0
0.6099083388611356,1.470433978747295,0.8151915924482324,0.3012942884486272,0.7302916147140657,0.8749616405546019,1.107728770663013,69,male,low,653.0,True,2,4,0,rich,furniture/equipment,1,0
0.8544376958601138,1.154465740801942,1.10644854686043,0.2580184754979201,10.25861522146343,2.008007152860932,2.416573376113834,60,male,medium,384.0,True,0,0,0,rich,radio/TV,1,0
1.649688241450569,0.6672505369962006,0.9891465089690556,3.316043962917667,0.1379853490638366,0.02783219032412257,21.47495493654587,46,male,high,284.0,False,1,1,0,rich,vacation/others,1,0
1.251494333442884,1.506149541917079,0.6937782488932085,2.870950324024554,0.09552543527847986,0.05389899945813056,28.5169800606425,80,female,medium,784.0,False,5,3,0,moderate,car,1,0
0.2615308914873518,1.219557080856102,0.5847697640673205,1.263173316705185,1.125905217269469,1.631056935257004,6.445311910160108,82,male,high,872.0,True,1,2,0,little,car,1,0
0.6976624311446986,0.93005311493048,0.9438387880812343,0.9690421550947753,3.998282897869117,2.136430605277938,32.00486337114685,57,female,very_low,836.0,True,5,3,0,quite rich,car,0,0
0.6097218428256802,0.8041031130673232,0.6642201032898841,0.6119008983152415,1.529306624143363,0.6497815388498532,1.302148577174286,58,male,medium,266.0,True,1,2,0,little,education,1,0
0.8886513299777041,0.8711050766484002,0.2834811812563675,4.983427220624179,2.799623386354072,13.91225212326349,71.810996760004,76,female,high,748.0,True,5,3,0,moderate,furniture/equipment,0,0
0.5423896496632078,2.166432879376459,0.4308892307756282,2.012428087060773,7.404425187851801,2.233756659302195,41.59612509506535,77,female,high,892.0,True,0,0,0,rich,furniture/equipment,1,0
1.509534801729137,0.7590601921332875,0.4770481136230737,0.9242623342311318,3.94563073879914,1.057764535005536,9.54489097024881,21,male,medium,835.0,True,5,2,1,,domestic appliances,0,0
0.734796548680657,1.160983069989789,2.364428111928572,0.5587682959132833,0.4834992211809203,2.672241851247829,10.32827637582291,49,male,low,857.0,False,5,3,0,,furniture/equipment,1,0
1.403648289029117,1.509954834732327,1.377269744724805,0.4432895988855934,1.258111599450777,0.9597218718953331,11.57317196560727,48,male,high,896.0,True,5,2,0,moderate,business,0,0
1.191765656892757,2.141043590200486,0.9704029699648475,0.4299219508298555,0.09584394720660026,0.3244061540471032,5.715142663733282,58,male,medium,837.0,True,5,2,0,little,radio/TV,0,0
0.7351952978528057,0.4140383239745508,0.4253605389708999,0.01264729708960405,0.3535856586900128,9.085669649498382,4.662150164426865,77,male,high,934.0,True,0,0,0,little,radio/TV,1,0
2.020720438866248,0.3714042177220525,0.66754619949608,3.391495943877652,1.986655557632074,3.81248733986483,11.46078426293231,54,male,medium,529.0,True,0,0,0,,radio/TV,1,0
0.7932134888612006,0.9281009143917008,1.005544139917096,2.419141111030076,0.0004130345313552855,0.00901684478525145,13.75048082461671,49,male,medium,898.0,False,4,3,0,,business,1,0
0.2714274163131275,0.7050721428199748,1.585339465802697,0.7758311176178447,1.675354624833548,0.7422769499043864,3.599677988398926,47,male,low,261.0,False,5,3,0,quite rich,education,0,0
1.082677081512934,0.8113909717860169,0.3122870380393039,0.4095431528755967,2.809007072215358,2.171849596413378,2.450569649208109,34,male,high,151.0,True,5,4,0,little,repairs,1,0
1.25188283536666,0.8042654294671097,0.4676455627382783,0.0146434652764354,0.09650575538371843,6.015625780973726,4.909622361821411,77,male,medium,266.0,True,3,1,0,quite rich,repairs,1,0
1.338477709686418,1.001259791714796,0.5720921588115208,5.140389457707326,3.50388594110647,2.395432705103218,13.41383840873768,83,male,very_low,943.0,False,0,0,0,little,furniture/equipment,1,0
1.082491090336547,1.982828218517919,0.1849411054304518,1.384186871590726,2.411379186928292,0.8125844307258943,14.80430798290577,27,male,low,869.0,True,2,3,1,quite rich,car,0,0
2.707266314566552,0.6901921038861238,0.9724091959804734,0.8452721950740838,0.1748460759982741,0.1789733744311837,2.81915081091961,80,male,very_low,157.0,True,5,3,0,rich,radio/TV,0,0
0.8171410991515105,0.7962558327239693,1.484713294651672,0.7656910409177655,0.009803185428756949,0.06189686201616829,5.791715442580551,25,male,low,688.0,True,5,4,1,moderate,car,1,0
2.41039231266116,2.730567328981617,1.189433493921841,0.6031541649999371,3.242290898531871,0.5426931761230671,1.994340461125691,76,male,very_low,380.0,True,4,2,0,,radio/TV,0,0
0.3918176533714276,0.4626375568166596,0.7214225314087327,0.3937877676637156,0.7785820895970836,0.9877466809938011,9.482055498912615,20,male,high,223.0,True,5,2,0,,car,0,0
0.4587101327853351,0.6297119770855713,0.1662860149218015,3.713572450676399,4.782057444585112,3.396217236563756,32.48672004825288,68,female,high,790.0,True,5,4,0,moderate,radio/TV,0,0
0.1380679524045725,1.359970378196759,0.5800154768294042,3.494211354248623,0.000491653529264844,0.006622984033325678,5.723757833993099,65,male,very_low,207.0,True,5,1,0,moderate,business,0,0
0.4462457335496258,0.6832680402670629,1.004100955695558,1.477303915972098,1.536032157561587,1.556199896150709,10.61397113193062,54,male,high,313.0,True,5,3,0,rich,furniture/equipment,1,0
1.234068829508798,0.9118359882603881,1.100551357148419,1.001428049903181,3.847612932424297,0.4330489843794218,4.863700586516272,49,male,medium,878.0,False,5,3,0,rich,car,0,0
2.199359372243912,0.8947918778500381,0.2878062993795183,2.171726817826722,5.67223125277341,1.87125327997386,37.39004772720504,80,female,high,317.0,True,0,0,0,little,business,1,0
0.5326119294347823,0.785035033186056,0.6638088413421964,1.016819267205248,1.47046869961807,0.1925723364140061,1.834280382536198,56,male,high,902.0,False,1,0,0,little,radio/TV,0,0
1.451853468003075,0.7424696383553434,0.6607785391730435,0.7476805595697409,1.609270835873022,2.960017045397392,45.95100861644916,77,female,very_low,769.0,True,5,3,0,quite rich,car,0,0
1.362419555713875,0.9482399049602813,0.3383029004538063,3.102308522138348,3.117496174527456,1.685684484191921,14.82282487317428,52,male,high,266.0,True,1,0,0,moderate,radio/TV,1,0
0.6638066483051374,1.153576208629812,0.9633944248587514,1.834432084409596,0.3680024821954319,0.8164405386837256,2.253942407133559,31,male,high,737.0,True,5,3,1,quite rich,furniture/equipment,1,0
0.3143706866170822,0.3671798956806988,1.037675042147344,1.094528134608197,0.603048180405868,0.159968122424036,2.435091262744426,24,male,medium,659.0,True,5,3,1,little,repairs,0,0
0.9169481369444745,0.5023425255253626,0.6713328515050113,0.5449013002835479,4.838459588767405,1.378642126287386,10.20513500375212,70,male,low,533.0,True,1,3,0,rich,education,0,0
0.9899256292508167,0.7231913439089895,0.5640839394662791,0.4452462257322776,1.754964673576108,1.160024333225289,2.092063173544606,74,male,high,883.0,True,5,4,0,moderate,business,1,0
1.367057383962337,1.293532488048011,0.6119778246514765,0.3179810295199896,0.05315833240716523,0.5950670440080592,4.881140804252932,77,male,high,292.0,True,5,4,0,rich,car,1,0
0.4975579878250337,0.7914228457826658,0.5917278717574428,2.816856526441457,4.097034230741132,0.8324154808631302,7.576002138253271,20,male,medium,339.0,False,2,3,0,,furniture/equipment,1,0
0.6156478883190262,1.233070586767128,1.574187539739832,1.647306553029203,1.420899093944176,1.409618772525635,2.726095571417352,18,male,medium,799.0,True,2,3,1,quite rich,radio/TV,1,0
1.207797107024868,0.6772647057327001,1.302984264335619,0.7072381048006672,0.2868127911285658,0.1597461822362052,1.374149226683865,19,male,medium,816.0,True,3,1,1,little,education,0,0
1.338977038515483,0.818206482641311,1.0206982501858,0.6029384943688085,2.207875013362426,0.569202402113253,2.550865035024108,53,male,medium,266.0,True,3,3,0,quite rich,car,0,0
1.328154784565934,1.136029701324316,0.869866548327301,0.4451017190523087,1.877232698133638,0.9652175584732172,6.264582004803771,66,male,medium,958.0,True,0,0,0,moderate,education,1,0
1.226293934326306,1.323802055706712,1.308327891002297,0.193929325313925,0.6045446974234364,1.873235515967995,21.65560419453485,71,female,high,300.0,True,4,1,0,rich,furniture/equipment,1,0
0.2396466782524443,1.717364638745695,1.438980932725456,2.319994340203222,1.181903662365626,1.562315647011572,4.243474962316315,57,male,medium,266.0,False,4,3,0,little,business,1,0
0.3458769548608364,0.8250986619476224,1.933383589340637,1.932626412078259,0.5379394698922121,0.04059125695834486,5.211412733689688,29,male,high,449.0,True,5,2,1,,repairs,0,0
0.8693047055903327,0.7030818965145336,0.3072689089597787,1.784235924182097,4.309723330172206,2.548140147486751,26.81133060731506,61,female,very_low,266.0,False,0,0,0,rich,car,1,0
1.228469380707783,1.122649185177375,0.4858714579526968,0.8055132540012888,0.6610061791700291,0.6282088958570288,6.093656245434083,35,male,medium,777.0,True,4,3,0,,furniture/equipment,1,0
0.3888071212564522,1.719968689688857,0.5783222407637278,0.5705092239963276,0.1634904790820474,0.5356757994239977,10.32276728843166,46,male,high,266.0,True,2,3,0,little,vacation/others,1,0
0.7458823877233395,1.492514109002526,0.2662012404694739,3.139067983557137,3.307879768295985,7.24830908848435,46.82555346069392,60,female,medium,207.0,True,5,3,0,little,furniture/equipment,1,0
0.9722816185722783,0.9273481795157482,0.8882054814170819,2.700586830815795,2.33207231060702,2.910115465364807,6.613492749836687,27,male,medium,320.0,True,4,3,0,quite rich,car,1,0
1.168141746891606,1.389971776167779,0.3444007609256112,2.32609403294979,2.188701151641967,0.650786234067688,6.451878198223558,22,male,low,469.0,False,4,4,1,rich,radio/TV,0,0
1.309421799744251,0.8892124034649063,0.519596539734203,1.63370979428947,5.758375602857988,2.20452107031217,31.73746235735553,60,female,medium,620.0,True,3,2,0,little,furniture/equipment,1,0
0.6441850934086037,1.121720827632213,0.4115991532608615,1.438024949813714,3.554716888911168,0.7485020265039997,20.60612229994735,38,male,high,768.0,False,4,2,0,little,car,0,0
0.9552578179115412,0.4989142518447456,1.648501067680644,1.156990361875698,4.826038743202083,0.2183112243138111,3.693852336051245,57,male,very_low,266.0,True,4,3,0,rich,radio/TV,1,0
0.5409700013313657,0.8893844298867621,0.8496342701848602,0.5735770716884282,1.834226351948121,1.661184099206877,27.34373356466977,60,female,high,510.0,False,3,2,0,,radio/TV,0,0
0.6638912488658865,1.126783191286654,0.5098520134261298,0.9673027094598027,1.984329186688012,0.6661452130741563,4.258123350198002,82,male,high,777.0,False,3,3,0,rich,business,1,0
1.120758765919155,1.138760055547335,1.0203029147351,0.6817568530241326,2.506437963106075,0.5100015090420117,3.078397760833793,31,male,medium,266.0,True,3,2,0,little,car,1,0
1.031621457185047,0.4928505699255607,0.6128570976928539,0.3265101487424881,0.4955025588483782,1.192592654597004,13.76997778804834,78,male,medium,252.0,True,5,3,0,moderate,radio/TV,0,0
2.149211284823466,1.517386527953536,0.6147371242187151,6.051211372457484,6.42559827144425,6.569018449113049,20.68521276656699,37,male,high,682.0,False,5,3,0,moderate,radio/TV,1,0
0.8615108717507339,1.746322709863378,0.4078130534639739,5.538699914500563,2.265284856699274,2.907661205324982,13.61587057361005,72,male,high,180.0,True,0,0,0,little,radio/TV,1,0
0.6128583797113534,0.7419233795274659,1.136982536771751,1.427249836983418,23.05820709291342,0.6355587800060967,20.50072355924006,36,male,low,257.0,False,4,3,0,little,car,1,0
0.5554875280441706,1.322393490128462,1.562909596435476,0.9194584065843533,0.1823673166135911,0.1112669951003642,5.194123194952324,29,male,high,869.0,True,5,3,1,,furniture/equipment,1,0
0.9192647169195357,1.045277773362761,0.4627751645347261,0.5387924536118207,0.4170179773026386,1.20796315431637,10.20230112674172,60,male,very_low,518.0,True,4,2,0,little,radio/TV,0,0
0.9175393865004318,0.9631672043757057,0.4614100796724804,2.386678939435306,2.698597445532368,1.012482904513131,8.311033061035358,43,male,medium,859.0,,0,0,0,little,furniture/equipment,1,0
0.8312525408775576,1.273255577013469,0.415894340991791,2.345289384711441,1.402678425714871,1.107794409030421,7.523685430540469,58,male,very_low,266.0,False,1,2,0,rich,furniture/equipment,0,0
0.8874757614516054,0.7925869967057949,0.8328555465670122,1.900418003990527,4.758394180371826,2.260686527020324,23.79056190681762,50,male,high,698.0,False,5,2,0,rich,furniture/equipment,0,0
0.9537844901498111,1.218350584704382,0.6273057891966057,0.5209796612990345,1.22036057564533,0.8550889982922673,3.969530465318407,60,male,high,431.0,True,5,4,0,,domestic appliances,1,0
0.5820619182037563,0.8068814840745622,0.7584333606782462,0.4421768015274957,0.4181086195280381,0.7974046297163416,19.66253556378507,52,male,high,623.0,True,5,3,0,little,furniture/equipment,1,0
1.531175304397552,1.670121556537156,0.8583848519839562,0.3837235924574914,1.184159414249131,1.022488758554771,15.7536493264133,69,male,medium,411.0,False,5,2,0,little,education,1,0
1.214458983993781,0.8198973572839657,0.486469696865664,2.800617230077288,1.448647612241004,2.184689961376862,12.41518995996003,83,male,high,393.0,False,5,3,0,moderate,vacation/others,1,0
1.097881890813203,0.8738680920523979,0.1665042762007916,1.880360304795664,9.40840309133094,3.265348629549108,57.31492614564003,18,female,medium,908.0,True,3,3,1,moderate,business,1,0
0.6930056982071838,1.03894323358907,0.4470268182983783,1.789627792302336,0.1009406921775587,0.1447111329710371,10.95054523355942,24,male,very_low,726.0,True,2,1,1,little,domestic appliances,1,0
2.087212390690709,0.7230221361927752,0.4753566490970996,1.751461139587282,4.917412812733884,1.05163938287492,7.861136860781165,63,male,high,346.0,True,2,3,0,moderate,car,0,0
0.522476500612258,0.6347868798446084,0.8864368430730969,0.8965515170597923,1.402466961204293,1.453394687840008,14.20730015662165,74,male,high,374.0,False,3,3,0,little,domestic appliances,0,0
1.172074190607389,0.6573734865850777,0.7197236493197797,0.7233705588207072,1.28585667262276,1.613033332752047,14.4510430692623,42,male,medium,151.0,True,2,3,0,rich,car,0,0
0.4665597354406462,1.249241681786766,0.453939932246949,0.1280084041605915,0.1308238063658561,1.939808698561189,2.910186982951206,77,male,high,550.0,False,3,4,0,moderate,repairs,0,0
0.8523873841413416,0.8762737746720765,0.5402748286733811,2.418697492659887,3.4378366104287,2.083387993390247,22.90141039121764,70,female,high,275.0,True,5,3,0,moderate,repairs,1,0
1.512085700656047,0.6357562656872047,1.248605546372932,1.799762434932741,0.5211277865799384,0.8145180542016145,2.607504993503564,72,male,very_low,695.0,True,3,2,0,quite rich,repairs,0,0
0.5720955162202245,0.8104468986539344,1.458838950655858,1.108911176275655,1.122795276958281,0.4121847834755008,1.595828919086382,71,male,medium,912.0,True,4,3,0,,furniture/equipment,1,0
0.2978164713833687,1.063935139817511,0.3509786914071778,0.3003334497792983,0.0727991628761708,1.159934829909288,6.11183978169255,66,male,high,880.0,False,3,3,0,moderate,furniture/equipment,1,0
2.174019463011875,1.256511696652307,0.8426102556961848,0.2581964458426595,8.443388905876876,2.254123998685184,1.382450442731024,45,male,high,797.0,False,3,3,0,,business,1,0
1.249012605647036,0.3665877290041969,0.1772736534104834,2.94471033763622,6.907809954337822,12.59720126667938,157.3126319018984,24,female,low,459.0,True,2,2,1,little,vacation/others,0,0
2.410148962859265,1.142727568645727,0.6223944152325612,1.348890424087598,1.419903576959221,2.281751863520106,10.48111968897778,42,male,medium,346.0,True,5,3,0,rich,repairs,0,0
0.4551975357937918,0.9275518202606978,0.6868622186378962,0.9795257406904851,0.4219962638478269,0.3440080359935389,11.37261804183219,42,male,high,859.0,True,0,2,0,little,radio/TV,1,0
0.6496096317029223,2.315327906554975,0.4180866449723659,0.3524922130855525,1.194559033689331,1.330980351033187,21.35921544720284,77,female,high,554.0,True,5,4,0,,car,1,0
0.715135955771734,0.511135650362223,0.4892364546443441,2.034437931151955,3.516990138495067,1.765318839703524,11.06738209934356,65,male,high,266.0,True,1,2,0,rich,domestic appliances,1,0
1.328249653545043,1.757265219715289,0.9708761334094436,1.979962535292822,2.513360175002183,6.692257258334501,39.84311772637841,82,female,high,533.0,True,0,0,0,moderate,business,1,0
0.5345632445143094,1.778010691267222,0.3786098594819257,0.9226898208327737,2.086318664889839,1.039188424584776,14.04670836350995,42,male,medium,743.0,True,1,4,0,rich,vacation/others,1,0
1.65167961982207,0.9524217156083661,0.8061086043898507,0.5102599468016882,2.051498832728003,0.9396602527291624,5.825308210875079,81,male,medium,266.0,True,5,2,0,little,business,1,0
0.5992180540153301,2.074950717172505,0.8310164153201964,0.4549569752134776,0.04345240140094986,0.3087790644381033,6.098314325810554,54,male,high,266.0,True,0,0,0,,business,1,0
0.2245707904624961,1.052173876730434,0.7794220348551376,0.2673986520396104,9.089455101156286,2.715208889713853,4.062167641254636,82,male,high,606.0,True,5,2,0,little,education,0,0
0.5255485299024494,0.421668559281715,0.3825665601006885,3.454823379111805,5.987636415788079,3.382320716349567,28.36832658256102,77,female,high,739.0,True,0,0,0,moderate,radio/TV,0,0
0.6864174724029374,1.463173464552645,0.9600511539355375,0.5927317748750848,4.34480977702077,0.9746856418015676,9.879332257401664,34,male,high,506.0,False,0,0,1,,radio/TV,1,0
0.7217649631232721,1.836590342718434,0.229716063829883,0.3153440945627098,0.1286871343171123,1.594084744026217,6.249251446469391,49,male,high,772.0,False,4,3,0,little,radio/TV,1,0
0.3670217663567101,1.023981715270873,0.3059777680861058,0.2427108916428657,0.2955869801035784,2.364260570049818,15.35357123514961,32,male,medium,261.0,False,4,2,0,little,radio/TV,1,0
1.740748013584501,0.7368590071482296,0.7065365627147338,3.335406908407138,1.945109716771259,1.635111848051917,7.581376592469206,48,male,high,837.0,False,4,3,0,,radio/TV,0,0
0.3730620969266571,1.372240619412125,1.074864405964661,3.227999131904162,0.9885393226343068,0.04725567951267456,3.810174382683098,41,male,very_low,732.0,True,5,3,0,little,education,1,0
1.225148533442685,0.460487740269444,0.8043041480748233,1.992014819994446,2.540786168960745,0.9039607950888707,9.013983784550257,33,male,high,895.0,True,5,0,1,little,vacation/others,1,0
2.509403436731124,1.312845966469182,0.7921026627153978,0.8209271499665672,2.25326471375914,2.466212782473302,26.63916481448318,28,female,medium,605.0,True,2,1,1,little,vacation/others,0,0
0.9016407958616631,0.8954628860317223,0.6263002135502281,0.7467987553019332,1.793445157046506,3.200789062766798,38.13853796755208,52,male,very_low,288.0,True,5,2,0,quite rich,radio/TV,1,0
0.4444773530333774,0.8621080144251839,0.6687246648094813,2.655787008640873,1.905372392839335,4.741974545668451,17.59502079312784,68,male,very_low,452.0,False,5,4,0,quite rich,car,1,0
2.090638915946299,0.9048239570893524,0.7257669163598006,1.614121786643867,0.7097594955740066,0.161505047560544,2.994454648519793,63,male,high,266.0,True,0,0,0,little,car,1,0
1.038298852223864,1.120123267613128,0.5986557214475859,0.2715393954714363,0.3210768659062362,1.059461268766857,4.836210986831661,48,male,very_low,292.0,True,5,4,0,quite rich,repairs,1,0
0.5681758100001894,0.7943637688890947,1.177330517020437,4.993178840539252,1.602656907526573,2.469407501141426,7.168295093963008,62,male,high,633.0,False,4,3,0,moderate,radio/TV,0,0
0.7580710623667265,0.8284046616339967,1.216350375822544,3.113376239709507,0.8437674846547817,1.074605439842029,2.557675771512559,74,male,high,699.0,False,4,2,0,rich,car,1,0
0.6369098962726404,1.027375131152511,0.7958679614242031,1.317089388008954,1.593811630156752,0.2930625075579149,3.609603576459087,43,male,medium,660.0,True,4,3,0,rich,radio/TV,1,0
1.506444383345611,0.9534000085339593,1.036547192137981,1.078838397758268,1.409426512334754,1.226158409193439,7.514165398938189,28,male,high,608.0,True,5,3,1,,repairs,0,0
1.857346274913376,1.221205413159272,0.3475815368174725,0.9673621163997393,1.132565298567007,0.6316511274661437,1.316821238095054,34,male,low,570.0,True,3,1,1,quite rich,education,0,0
1.331788242184172,1.131567115454982,0.707704837066482,0.3165664073632984,0.2247192613594744,0.8100910432609684,5.695775580595126,64,male,high,815.0,True,5,2,0,quite rich,furniture/equipment,0,0
1.36066237600615,0.7259947204145053,0.374791278631651,6.334135483120786,5.430001749916374,3.223163970086877,15.04307947484196,33,male,low,745.0,True,5,3,1,rich,vacation/others,0,0
1.374089336791708,0.8331983433018253,0.2910275959287174,4.667753394638324,2.379107548496428,2.00607320088049,14.36750499820032,47,male,medium,243.0,False,5,3,0,quite rich,vacation/others,0,0
0.4028420283522339,1.26908548367317,0.8943579074729304,1.169596329773305,0.6593081502974557,1.812329950708135,7.235150995982872,32,male,high,954.0,True,5,3,1,moderate,radio/TV,0,0
0.5352909011146884,0.6937665745290612,0.8507073408442284,0.4940939268366393,0.5906172578841928,1.459708663258172,11.16565155849322,29,male,high,371.0,True,5,2,0,quite rich,furniture/equipment,1,0
1.670119621873331,0.6120702915399348,0.485415736563897,0.467444918268542,0.01349013165572494,0.4078504250281207,8.91510874087844,77,male,medium,414.0,True,2,3,0,little,radio/TV,0,0
0.5629065905133969,0.3967992728192076,0.8765903182046357,0.3963152718979369,1.706969526733729,1.083931757159195,10.46168433245561,63,male,medium,636.0,False,5,3,0,rich,repairs,1,0
0.372549871491796,0.5674630958442298,0.5278208174056135,3.132666365379172,3.007293550197653,2.705384924241796,11.24394317454341,69,male,medium,782.0,True,2,3,0,little,repairs,0,0
1.662442426975322,0.8168903221287097,0.7437673889731987,2.832696777432437,4.157661331170407,0.1831787985006359,13.72156535459986,31,male,medium,754.0,False,5,3,1,rich,repairs,1,0
2.737964153569648,1.276010630772191,0.8932062186988853,1.504824753965477,0.6625043332964656,1.572213939605907,7.882901922672584,69,male,medium,627.0,True,1,2,0,rich,education,1,0
1.018515533880755,2.377382405976962,0.6633280461399985,1.438989865717773,1.282016526761617,1.149325018149177,13.62211017388885,74,male,high,300.0,True,0,0,0,rich,car,1,0
1.656831267235799,0.8592941329031262,0.4214138279166907,0.9858578518781752,3.789022409625601,2.492670196058671,62.89252471543514,21,female,high,247.0,True,3,2,0,little,radio/TV,1,0
0.665160159195432,1.176946101297319,0.4448273508971011,0.746868761007668,2.665071593175158,2.049895761320104,49.04001657689798,61,female,low,909.0,True,3,4,0,little,domestic appliances,1,0
2.273271506627877,0.8666904588748435,0.9716758887493436,0.5736527989421139,17.6908479898465,1.356621829493863,4.264495073980642,46,male,high,459.0,True,0,0,0,little,radio/TV,1,0
0.3731485699478361,1.472732614627523,1.387135528506642,0.8671769317367747,7.448641928708659,6.528674978716187,4.465385218966251,69,male,high,333.0,True,5,2,0,,vacation/others,1,1
2.087531566576528,0.8718692908874389,0.5698596793239937,0.5467817903338078,0.8343133566029515,0.9995166361974108,16.37575955815547,84,male,high,608.0,True,5,4,0,,vacation/others,1,0
0.3510997726339583,0.6288081258259797,0.5139015394799981,0.2928380551243779,0.0682038078195309,0.8065735508597554,5.428696861044148,55,male,medium,549.0,False,5,4,0,moderate,vacation/others,1,0
0.9858486385214174,1.296952989343102,0.1095217746748393,9.564499928614746,7.508340932590915,2.262620186403257,14.01530944115213,67,male,low,261.0,True,5,2,0,quite rich,radio/TV,0,0
0.8299019433744395,1.11807016329947,0.2032785476618974,5.779203597279465,2.241982145877008,3.202191222527567,15.66246690001767,63,male,high,527.0,True,3,2,0,rich,car,0,0
2.261139090380747,0.9355296771034557,0.5165879667638048,4.106637828079215,2.704109115855879,2.858903067374599,14.54465848274612,45,male,medium,708.0,True,0,1,0,rich,radio/TV,1,0
1.665560975779298,1.251018473337875,0.9348177906097539,0.3428951505331593,0.1732012138467883,0.6457112012534632,12.1994161356104,56,male,very_low,897.0,True,2,1,0,little,radio/TV,0,0
3.553940124726651,1.014531733647944,1.526317321312768,1.650589875026768,3.10431537921864,1.6537327547449,11.65477403336704,31,male,high,830.0,True,4,2,1,little,education,0,0
0.8159378451953013,1.556070946811947,0.9089292457654284,0.03616880921925067,1.687171586863413,4.376157136711374,1.472282036986278,21,male,very_low,180.0,True,2,1,0,little,radio/TV,1,0
0.4416189270955636,0.9685379343618198,0.6257937193243696,3.53154918117364,4.785691881258066,1.315553199459572,13.68934272800428,20,male,high,544.0,True,5,3,1,little,repairs,0,0
0.4206772234728879,0.9471806650851791,0.7978955629150972,3.190159221607772,2.073558828578158,2.33656358280782,6.800571255872586,29,male,medium,791.0,True,5,4,1,moderate,radio/TV,0,0
1.25675863490804,0.9035246032604597,0.2158682811217994,1.342113981918744,0.1320596728049826,0.3868189691665612,9.943005179365663,33,male,medium,213.0,False,4,3,0,rich,repairs,0,0
1.49559771191102,1.460488049824412,1.868787297427245,0.7255957830168925,1.153027956836089,0.9307987855919809,5.039840678475969,74,male,high,491.0,True,5,3,0,quite rich,radio/TV,0,0
0.8902442710160524,1.935844425640474,0.8917907597633837,3.207490708783526,1.196924079034279,1.326311549094574,2.850403490058719,43,male,high,495.0,False,0,0,0,moderate,radio/TV,0,0
0.7148273260780097,1.680366492375048,0.9305510497341228,2.62212136633457,1.174867040035747,1.188081296309518,2.718036922972037,41,male,high,697.0,True,5,3,0,little,car,1,0
0.676762206202218,1.351826980540836,1.343418340805379,1.853525964255781,8.729226069200385,0.2462636708272886,12.56225123443957,26,male,medium,,True,4,3,1,moderate,radio/TV,1,0
1.47488507965621,1.201653222798554,0.5601379881437479,0.08014567718860062,0.01861197773352964,1.374480882540609,2.188085430718684,44,male,high,814.0,True,4,2,0,,radio/TV,0,0
1.653971487848244,0.9499292333087694,0.5825523163218959,7.130987237502752,2.787808170756408,3.100680683055166,8.045019924359783,54,male,very_low,580.0,True,1,2,0,little,radio/TV,0,0
0.8731612183694154,1.446662476919266,0.9022686410539897,0.6813465498262361,0.06167298732241463,0.2292472501919564,10.54781525374284,36,male,medium,643.0,True,5,3,0,rich,repairs,1,0
0.5669350411905413,1.507523024535922,0.6378637542071202,0.4505920781774854,0.2414944184198385,0.5786500849108286,3.950869705498223,39,male,high,506.0,True,2,2,0,little,domestic appliances,1,0
0.9857897224181771,0.5566642758786146,0.7079147244127468,0.1471943270300733,1.261599685031516,2.273627626331482,3.936801939440863,72,male,high,666.0,True,2,2,0,quite rich,radio/TV,0,0
0.964465549105349,0.9024844470128208,0.225193984862973,2.887256725626592,5.200475112822748,1.140051663730017,23.87714591674167,82,female,high,266.0,,5,3,0,little,business,1,0
0.9327219905984871,1.349819309218169,0.7609617147698498,0.6884616498038444,1.749650646109649,0.5786980294771609,2.11487586047488,35,male,high,309.0,True,0,0,0,moderate,furniture/equipment,1,0
0.4787857024869717,1.495146001462397,1.944570881797498,0.3237074518593211,1.035860036744153,1.85753628117239,8.998900931677055,74,male,high,266.0,False,4,2,0,moderate,car,1,0
1.056690906359049,1.341873516522181,0.5595238238574775,1.594236001704233,1.651614662176661,2.329925630348378,15.73262996850239,81,male,high,275.0,True,3,1,0,little,repairs,0,0
0.5541969839055463,2.20640829090255,0.955399599341298,0.7130532540564195,1.146067027901992,0.4697764694677175,10.69668693800046,67,male,low,533.0,False,4,3,0,little,car,0,0
1.178543231696841,1.068972821638078,0.4664118038958407,0.3979774064583697,6.644331182709564,2.455510922978683,7.685782749623255,30,male,high,247.0,True,5,3,0,quite rich,furniture/equipment,0,0
0.4521876169803861,1.384717758677174,0.6438787750738678,0.2000743971251378,0.4724208764383662,1.341962632136463,1.693396687559624,45,male,medium,126.0,True,2,3,0,moderate,education,1,0
0.9759362844653157,1.105989891142613,0.7011982868541716,2.228801728242482,0.04580171004340025,0.05259915246087659,16.16931406087325,53,male,high,815.0,True,1,1,0,little,radio/TV,0,0
0.5600698742809423,1.208629094072575,0.7125214564088838,1.430479277013113,0.09003236863425412,0.1112292081285064,7.963034046285547,31,male,high,788.0,True,2,2,1,moderate,furniture/equipment,0,0
1.257283367014603,1.173273682480566,1.070034813118965,0.05896962126405503,0.05147219578113945,1.285834866262873,3.929314863584493,38,male,high,912.0,True,5,3,0,little,car,1,0
2.252947892975197,2.226980639473129,1.217958041603409,2.554613384850423,0.007543404759243124,0.01216961384523484,10.71898196423594,50,male,low,560.0,False,5,2,0,little,vacation/others,0,0
1.137441858704128,0.8003115131726499,1.211153711890863,2.46318462671683,4.603613048592039,2.681057612498768,19.37935110702058,79,female,high,803.0,True,5,3,0,,business,0,0
1.382962704352362,1.1220550496265,1.836928509196167,0.2092001497529173,0.9713053804602807,0.5512844467903653,0.9116703066834193,64,male,very_low,954.0,False,5,3,0,moderate,car,1,0
0.7898410099013369,0.766201620147276,0.2403192867922044,4.058987414162991,13.34831640441188,2.414587733712216,42.77505407025416,24,female,low,279.0,False,5,4,0,quite rich,furniture/equipment,1,0
1.863914236453824,1.283056428219116,0.6016844687314131,2.539592337101384,3.270281740405994,2.998031217468916,17.89222301525054,52,male,very_low,682.0,False,3,3,0,,radio/TV,1,0
0.6139198776695893,1.047246171630777,1.871777416995315,1.346729592184109,2.335121913798315,1.324203720913277,6.985620494522405,52,male,low,493.0,False,5,3,0,,radio/TV,0,0
2.165172594977982,0.9934686170781918,0.2167430944613149,1.325856598181306,3.274467846349,0.9596678886067836,21.06367945429017,39,male,medium,408.0,True,5,2,0,little,repairs,0,0
2.948889460806491,1.054440891156222,0.4208189169508507,0.1137442494271207,2.202935454280285,5.063265107435748,13.42036036691876,25,male,medium,844.0,False,4,2,1,rich,vacation/others,1,0
1.687800765472753,1.441715738065192,0.495288149995231,3.219563470364237,1.937451631426979,0.5649845669758815,2.323623116214179,43,male,very_low,247.0,True,2,3,0,little,business,1,0
0.9176351793511588,0.8311259653004652,1.504799091010788,0.2547475305510462,0.8892019502000074,4.465024872461823,36.36628951707731,84,female,medium,396.0,True,3,2,0,rich,car,0,0
2.387702147548758,1.065410903057519,1.617070910143838,0.2363438086013752,0.777806809514241,1.164333558089262,13.4823634524077,37,male,very_low,852.0,False,5,3,0,little,vacation/others,1,0
0.6280986796569074,0.6477139151180152,0.6057037666115007,2.76589396471239,2.782397609003148,3.79307479943157,34.42170020865568,37,male,high,750.0,True,4,3,0,little,business,0,0
0.5189516706523014,0.6434211867650106,0.6309247623361598,2.08372228416029,5.558618833379801,3.589396630631513,33.09479950663684,34,female,medium,610.0,True,3,3,1,moderate,car,1,0
0.5483227195330699,1.274068145793643,0.5827635939007539,1.915311445278076,0.696497604157687,0.1889207816390393,5.452077914596405,50,male,medium,592.0,False,0,0,0,little,radio/TV,1,0
1.408034519495094,0.9677486802190726,0.5220816281337917,0.7693021510880811,0.5882953313874836,0.5367231843831124,5.815066525430256,78,male,high,919.0,False,4,1,0,moderate,car,1,0
2.057535341378598,0.4532197656357264,0.7240921427022197,0.4783168242717661,2.301155987460932,1.050180825193979,3.372010478610861,40,male,high,876.0,False,5,3,0,little,radio/TV,0,0
0.7930020272796864,0.8810685803663113,0.8012602585319629,2.84579868584376,0.5677186168733199,0.05959006175119137,4.656279230897134,36,male,medium,891.0,False,5,2,0,little,radio/TV,1,0
3.962382662911362,1.127536234988157,0.4635372490840344,1.622395216733309,1.610296764892053,3.912082562755897,25.7255133578165,32,female,high,788.0,True,4,3,1,moderate,car,1,0
0.6435724083940949,0.3873799410132116,0.9037964430335631,0.8289367002598104,1.455844729376474,1.560114801269548,13.48058409325068,20,male,medium,824.0,True,2,0,1,little,radio/TV,0,0
0.9440720825901622,0.8994122219416193,0.6088435144334968,0.8093179997963044,0.07657553059169445,0.2560431758588325,5.993063020068252,41,male,medium,848.0,True,5,3,0,rich,radio/TV,0,0
1.238156773947106,1.412614545208537,1.601589465966301,0.7683547574037571,1.558465068615437,1.04289790043219,7.762676201926747,24,male,medium,207.0,True,4,3,0,moderate,domestic appliances,1,0
0.9526724474622373,0.993076452034116,1.354592402372914,0.5816826426091547,1.998359782023588,2.974922815978369,38.59996385164673,32,female,high,660.0,False,5,3,1,rich,repairs,1,0
1.111805966508439,1.199140088672969,1.275978355357153,0.4039455284924541,1.089066933679396,0.4588899305769019,5.178937022659825,59,male,high,524.0,False,0,0,0,,repairs,1,0
0.5852955394677808,0.7537136782507418,0.230644354551444,0.03446943496289642,0.0104872235757959,4.89662567020832,17.74393335087404,72,male,very_low,893.0,True,4,3,0,moderate,domestic appliances,1,0
1.453072183909807,1.132294891323553,0.5962281682041495,4.121518474141517,0.2601141185129871,0.03469028521116067,6.787961488131041,37,male,high,704.0,True,5,2,0,little,car,1,0
0.7926996539686871,2.093986029394163,1.052103178072409,1.194596180541651,0.3293178006249483,0.1495519195523971,6.566871357192097,77,male,high,202.0,True,5,3,0,moderate,furniture/equipment,1,0
1.429374968110587,0.7014254161472538,1.327430501664668,0.9145868779080042,2.951427093666673,2.95326414725317,27.57853678527682,82,female,high,717.0,False,0,0,0,moderate,education,0,0
2.602122158999889,1.851980966990318,1.15532820854178,0.8880372887604097,0.2907029378517431,0.2113343069664012,13.93693853352416,23,male,high,,True,0,0,1,little,business,0,0
2.355834422801543,1.782672414326666,0.3647998093336342,3.165169590211615,3.442077827505498,1.228992224742906,8.544265323821937,44,male,high,837.0,False,0,0,0,little,furniture/equipment,1,0
1.491548019306594,0.887177649194135,0.3791639440812935,2.852054999334491,0.0392777668182087,0.06145267204145922,11.10346616510179,69,male,medium,881.0,True,5,4,0,moderate,radio/TV,0,0
1.775352827185411,0.9519009494921938,0.6737401140908179,1.340846085280095,2.517691650184675,0.4174254134139387,8.558393205548214,74,male,high,923.0,True,0,0,0,little,furniture/equipment,1,0
1.04431964707325,1.080840709510517,0.4168735165885151,0.3556376060461918,0.3673126893070441,1.26879019464482,4.896797755550968,68,male,high,938.0,True,0,0,0,quite rich,education,1,0
1.263765247915423,1.060365077941769,0.1784986092093858,4.802917330123967,6.944779210448367,2.357112991290239,26.21956776927559,73,female,high,867.0,True,4,2,0,quite rich,radio/TV,1,0
0.396941715447911,0.4893564176953448,0.9704573097120189,2.988830963539602,2.178292037924218,2.093888702047675,9.12851325794508,63,male,medium,842.0,True,5,3,0,,education,0,0
1.849119162755446,1.059789318412905,0.6015836763300367,1.57334304765257,0.3552410690267202,0.1707414746388228,3.524812670476251,26,male,medium,924.0,True,5,2,1,little,domestic appliances,1,0
0.9273307942103962,0.3924882509239617,0.832127579230615,1.224411249802326,2.731877527061799,1.450392682475705,15.24542713961169,79,male,high,879.0,False,5,4,0,,car,0,0
0.8785334726877748,0.91510654263737,0.8891253051642333,0.891059212892184,0.4168345064525383,2.74521864242721,19.22895377004494,75,female,high,923.0,False,0,0,0,little,vacation/others,1,0
1.520715847325942,1.501549538011915,0.7609139969954013,0.4610335303957983,0.6227599105574346,1.028213884630404,13.2156524206391,78,male,very_low,411.0,False,3,3,0,moderate,repairs,1,0
1.495490012632811,0.7442845994516266,1.007322258881576,3.654054494080382,3.875973963570341,1.184196078393653,5.556631939216406,62,male,high,296.0,True,5,3,0,,education,0,0
1.184579733936405,2.308023636098497,0.5738623312907527,2.542893353569148,2.392904057393523,0.2112425640746787,9.071542111890942,24,male,medium,518.0,True,5,4,1,little,car,1,0
1.62122173334611,0.9846757549752295,0.3167253876006548,2.310245759357753,5.455028169819601,0.6439646473790415,23.81906370555791,76,female,medium,516.0,False,3,3,0,little,car,1,0
0.7987169401571766,0.9940244832767704,0.8162952836164786,1.088510834610407,3.443177761383838,3.271604629642614,29.22143471749743,84,female,medium,921.0,True,0,3,0,little,car,1,0
1.241762792053869,0.3705921464733116,1.900070518237863,0.6623933225302479,1.97825891790262,0.8389725248508025,6.388644715521723,81,male,high,433.0,False,0,0,0,quite rich,domestic appliances,1,0
0.7417647546011604,0.645827048925852,0.2093393546964864,3.692317291454803,4.161537094162131,1.126715998581055,8.795561671539488,48,male,high,830.0,False,2,3,0,,domestic appliances,1,0
0.1034264959713699,0.7065040488741712,0.1685153256462359,2.597693994277878,4.250803836906866,0.8519726287978205,12.1292710552697,63,male,medium,725.0,True,5,3,0,little,furniture/equipment,0,0
1.007445869380965,0.5422504821268743,0.3915374963245938,1.761052028143899,2.51776542077616,1.023462432531114,8.745410744253382,77,male,low,651.0,True,5,3,0,little,radio/TV,1,0
0.784973437988839,0.7964868191614106,0.7127376780965072,1.819044260257784,6.632972051819795,3.257995521395595,33.2412743629644,32,female,high,441.0,True,0,0,1,rich,furniture/equipment,0,0
2.076731525734129,0.8540059987689026,0.9683010600145102,0.345807414189138,0.2424463594408236,0.4992283470553023,1.561013858326793,32,male,medium,618.0,False,5,3,1,moderate,car,1,0
1.516338204003203,2.323997459318401,1.336370236766083,0.3419728719507243,0.6677183323140113,0.661028094611239,6.416038129349441,21,male,high,811.0,False,3,3,1,moderate,domestic appliances,0,0
1.060961689165794,1.079796703452519,2.527785914439275,0.1953956320867774,0.8773418990222425,2.399042931920094,15.13985571201166,85,male,high,364.0,False,5,3,0,little,radio/TV,1,0
0.2912771427242049,0.8005727490743506,0.5745260227302885,3.399201898838852,5.45940480543938,3.285977017059516,24.45624654357729,67,female,medium,777.0,True,1,3,0,little,furniture/equipment,0,0
0.4809110918922758,0.8822909781957579,2.341023173750508,0.3142479821306826,0.6856892527199662,2.216169163747653,14.01059589005296,30,male,medium,841.0,True,5,4,1,,furniture/equipment,1,0
0.4735688888377785,1.66429686694999,0.3313276006399026,0.2574780078506401,0.002454376451116765,0.5550444348889708,2.389912929808096,24,male,medium,560.0,False,5,3,1,quite rich,radio/TV,0,0
0.2208692560226165,0.6272451533712411,0.2118074276180621,0.895137548145952,0.02314439041347615,0.4836035388514507,24.31537469450518,71,female,medium,806.0,True,0,0,0,quite rich,radio/TV,1,0
1.248323719129523,1.13971476510502,1.691182389023397,0.4630563905004396,1.041473461184163,0.9003020659141491,8.876865939715717,48,male,high,191.0,False,5,3,0,rich,car,1,0
1.647405184735221,1.076759870077264,1.54657811751376,0.391160843574214,1.294416022563391,0.5617497684717857,5.905319084575821,27,male,high,649.0,True,5,3,1,little,education,0,0
1.066288938218492,1.415465039104571,0.5064242468686463,0.3715959537784958,0.1402209036388948,0.8930834371157138,14.99209356385211,80,male,medium,894.0,False,5,3,0,little,business,1,0
1.927137072726501,0.9298813971224572,0.6688623944337659,0.3569159399440903,0.4298068182572184,0.7204660121756566,1.393597817488497,55,male,medium,399.0,True,3,2,0,little,furniture/equipment,1,0
0.5720318244640661,0.6088479317016728,0.6498292452794106,0.2517000597325576,0.02968976580799942,0.6894839005608095,6.896107749795712,26,male,high,266.0,True,4,4,0,little,car,0,0
0.3165387599421269,1.142992507686451,1.337380652841253,1.197177874139542,0.6715523926047678,1.525242160411239,2.476230977294704,48,male,high,228.0,True,5,3,0,quite rich,education,0,0
1.689018166677119,1.54426254602658,0.498956663763312,0.2624541411816443,0.1510384538849847,1.166241700951143,12.26039226229899,41,male,high,560.0,True,0,0,0,little,car,1,0
2.727904394934271,0.835824515586397,1.861806948120908,1.666658889816973,3.939948944416932,1.041314804541764,3.33316564641217,78,male,high,228.0,True,4,3,0,little,car,1,0
1.72953996385952,0.3892203401421472,1.07807501663425,1.170687725621944,0.9976879745741012,1.452650066065467,7.346373081884794,67,male,medium,672.0,True,2,2,0,little,education,1,0
1.483254853366909,1.490321100220431,0.8247892019971355,0.259906075194299,0.08354366211625947,0.7090156709027787,11.76289146257372,43,male,medium,151.0,True,5,3,0,rich,car,0,0
0.5745121076542948,0.3338196768614029,0.7998478849465424,0.1754761558394287,0.5141930572396265,1.567336870200245,9.170102881795211,78,male,medium,516.0,True,3,1,0,moderate,radio/TV,1,0
0.3641894859791958,0.7215387722541329,0.1964135726214055,5.378420060263657,10.93048210690367,2.364986000177601,31.55857281630218,21,female,medium,971.0,True,1,3,1,rich,furniture/equipment,1,0
1.419942628975483,1.197881417988192,0.613676814300623,4.440569220779314,3.259682432740941,0.7389702292911762,2.207821333314227,57,male,medium,853.0,True,3,3,0,,furniture/equipment,1,0
1.242750604000305,0.8407502168225798,1.003810028641299,4.327110187644789,5.205920287789712,3.125610864595936,26.36755192250509,33,female,medium,247.0,True,5,2,0,moderate,radio/TV,1,0
0.768736086695318,1.346626853765165,0.1079632304372601,3.415624247338895,4.806543148194775,5.19671331450031,84.27619502412385,78,female,high,408.0,True,4,3,0,little,furniture/equipment,0,0
0.9877739743888777,1.240652554921094,0.2852422411477013,2.492505147374388,4.1097137563606,0.9869632337435515,11.89431903137225,23,male,very_low,384.0,False,3,2,0,,car,0,0
1.237594895311074,1.216016239917779,0.9462401036831937,1.676242384769062,0.1773026735736303,0.06310793689095111,1.191679341234156,65,male,high,228.0,False,5,2,0,little,vacation/others,1,0
0.9280409032863124,1.477781727574895,0.6738488227265927,1.321533459593185,0.5067960579103246,0.2473753753876525,8.384676865348306,80,male,very_low,887.0,True,4,3,0,moderate,radio/TV,0,0
1.342327499564864,1.007455267360722,0.9221898059268365,1.168674790075539,0.7060715263575499,0.2277072847967952,12.10978627324412,25,male,medium,890.0,True,5,2,1,quite rich,car,0,0
0.1710887513952211,0.625029145158194,1.199736818475274,0.9833201837616592,0.7260890679888158,2.156963793989646,10.93458225468999,85,male,medium,696.0,True,0,0,0,moderate,vacation/others,0,0
1.042029939612584,1.325432929580161,0.6632270932570756,0.3078541388792931,0.328825176654246,0.7984867568286232,1.027692405970891,78,male,high,339.0,True,1,3,0,,repairs,0,0
1.693241315574252,1.300725913584147,0.5758835201474088,0.2152025398351001,0.0960444470879741,1.030669238809718,4.524932712577808,21,male,high,921.0,True,2,0,1,rich,business,0,0
1.404954762334071,0.9173534476323814,0.4755441607965353,4.167791029872314,6.362602756907398,2.460809261667229,18.38787713065571,82,female,medium,354.0,False,1,2,0,rich,education,0,0
0.9625096526070229,0.8455358288964058,0.3358445185785198,2.750293075118321,1.551673399769792,0.7800016397956868,5.171584929153194,69,male,medium,138.0,True,5,4,0,moderate,vacation/others,1,0
0.9006943671097883,0.570702920239833,1.092937672989788,2.521498940673388,3.169579444268788,4.489240745229204,30.09018772820034,28,female,high,753.0,True,1,3,1,rich,car,1,0
0.2669820743238605,0.9039540349882728,1.211354255431534,1.843947258733852,3.205411594210409,2.809054700778478,20.49554015520524,70,female,high,489.0,True,4,3,0,little,domestic appliances,1,0
0.6587923927335977,0.7394322702716388,0.5119497664438849,1.585953578346352,1.710291501538001,3.451337455547872,31.33357687620435,59,female,low,218.0,False,3,2,0,little,repairs,1,0
1.496747721642029,1.1664320901859,2.095948178781545,0.7753028826696847,2.081854672622594,2.101846802727611,16.47273920711617,25,male,medium,815.0,True,1,3,1,little,car,0,0
0.7371454253328247,1.509057589993596,1.587688255947008,0.1838314427236473,1.460180922840487,0.9808550319116519,1.774577613392913,53,male,medium,779.0,True,5,3,0,little,domestic appliances,0,0
0.5113562103440192,2.006628007384142,0.1512052061569345,3.763171515396959,5.967336271422247,1.30743364938639,20.07549512304059,60,female,high,538.0,False,0,0,0,little,education,1,0
0.6531420669293904,1.870478323209944,0.6379333681134293,3.084599263750989,0.1659848939146365,0.04785748148293129,11.47127026120817,72,male,very_low,207.0,False,4,3,0,moderate,business,0,0
1.53418722325,0.6901567545190079,0.7778136676194234,0.1531463556671019,2.346545881145559,2.305211964548898,1.220866926152837,50,male,high,452.0,True,4,3,0,,furniture/equipment,1,0
2.077223966081,0.8039779287132787,1.675585017969524,0.09012095035354871,0.7710200906948884,1.007639230646301,14.17844907157432,30,male,medium,266.0,True,3,2,0,moderate,education,0,0
1.251626887479435,1.146710833950609,0.6897891635020266,2.414523702832381,1.904177784734463,2.566511449686687,8.717133712927481,56,male,high,252.0,True,0,2,0,,education,1,0
1.563088265566933,0.6952153700389243,0.4674522296104024,2.389118888075634,2.054805186536717,2.208505636381266,15.63625199520812,65,male,high,574.0,True,1,2,0,moderate,furniture/equipment,1,0
0.465877800110233,1.116139890640408,0.3272611571711048,1.132128392148226,3.473374806226234,1.013375565390585,11.96037254808486,63,male,high,821.0,True,1,3,0,little,vacation/others,1,0
1.545769352492716,1.723567561897675,1.024167656151915,1.491828869444438,1.551976859581958,2.165621676101772,11.83674233243054,49,male,medium,233.0,False,5,3,0,little,radio/TV,1,0
0.2447156764404971,1.608732046838954,1.158686029050237,1.228360077928041,1.480246240024313,0.165742804778498,1.291153794777999,75,male,medium,,True,5,3,0,moderate,repairs,0,0
0.3507863207807884,0.8006865257976349,0.6564015864766931,1.039048120911243,1.030357649841533,0.3924861795349152,6.138348951682656,18,male,high,813.0,True,5,3,1,little,domestic appliances,1,0
1.290599658852461,1.030511401281776,0.2065226376130853,0.8138767034916247,0.1197155214871714,0.5731645837259043,3.060040092817947,51,male,high,270.0,True,5,4,0,,radio/TV,1,0
0.3076703925290594,0.8237910214278387,0.7520279073998611,0.6754748588648479,0.01800763140080336,0.1962222444899908,12.56237571094623,23,male,medium,568.0,True,4,4,1,little,radio/TV,1,0
0.7852790788429116,1.194338273863681,0.6707826218259646,0.6239436094721758,0.6487864584982881,0.593060334638439,3.510635595712136,48,male,very_low,495.0,True,5,2,0,moderate,car,0,0
0.3586547574976273,0.9373765359760744,2.987133262048871,1.281917740958389,0.3076855045807632,15.21649146178371,5.514485900065917,56,male,high,879.0,True,5,4,0,,business,1,1
0.8130901410952202,0.9720864211885664,0.529054433689944,1.607685230762249,1.500699126297777,2.061847468184827,17.45111572493506,29,male,high,749.0,False,3,3,1,rich,domestic appliances,0,0
1.820972095656205,1.258732000530769,0.5733029246426659,1.260787614595799,2.952404174914275,3.591947730630462,43.63682160130364,38,male,high,944.0,True,0,0,0,little,car,1,0
0.3020526560382248,1.176509038818439,0.5143781119929633,0.3220113103300807,0.47206509487066,1.318160456393108,8.418678586812652,26,male,high,624.0,True,4,4,1,,vacation/others,1,0
2.087837924062556,1.028728583267524,1.355962810224566,0.2852215819423461,1.889089942904316,2.507849445185957,28.13239146274704,77,female,high,550.0,True,5,3,0,rich,business,1,0
2.761546227301727,0.4405114528264973,0.5493821592821054,1.699292748623309,1.065368446448753,0.2423593441168195,5.103581615108981,52,male,high,332.0,True,3,3,0,little,radio/TV,0,0
0.6590905880550157,0.617432547392077,0.69544894683475,0.5545246499737172,4.737786915712955e-05,0.09110970668553135,9.908224449779555,71,male,high,734.0,True,5,3,0,rich,repairs,0,0
0.8446457279350544,1.085980876256356,2.46949115450555,0.4088487261520841,0.7611819273496769,3.711212703073926,10.46020966222416,45,male,medium,461.0,True,5,4,0,little,education,1,0
2.169649731621648,1.315647508966869,0.7558473268848237,0.9132927473781821,2.551007811587696,3.310309755691158,26.60531907468174,26,female,high,320.0,True,5,3,0,rich,furniture/equipment,0,0
3.904985260363302,0.8313402470760369,0.6959370981327239,0.575506006179905,0.5809724018732082,1.95469069584614,18.32292873476261,68,female,high,126.0,True,5,3,0,quite rich,car,1,0
0.929218370837666,0.6616672615166934,0.6105375437433488,0.4162288677585804,0.01619046268691278,0.3194452251888684,3.528810058752984,64,male,medium,238.0,False,5,3,0,quite rich,car,1,0
0.8272425876897209,0.5168432078113799,0.8876557754940456,0.2742168518076258,0.07105721426646124,0.606456743195081,6.130580365345086,62,male,very_low,719.0,False,0,0,0,,radio/TV,1,0
1.098704342230108,0.4906102001535267,0.08363470560099466,2.917135269048971,5.358115386221537,2.230082787240752,49.52381463070346,43,male,high,674.0,True,0,0,0,little,education,1,0
1.383012333937159,1.361106416820862,0.2577117830445838,2.62346128898591,5.178368049132141,0.7868315178276113,12.95694586216257,40,male,low,554.0,False,0,0,0,little,furniture/equipment,1,0
1.751402004988384,1.165671754206926,0.5287987313103182,2.360253439177783,0.5826565357784708,0.1297755632946323,5.128645898799343,63,male,high,336.0,True,5,2,0,rich,education,1,0
1.33166954841685,0.4526549747374814,0.4484199917165565,0.3886721267557468,1.950064711697038,1.856349449830595,9.029915895596195,52,male,medium,343.0,True,3,3,0,little,education,1,0
1.061680576043676,0.6845832427532784,0.8602274688019353,0.3523254016702326,0.6392935264255531,0.8481020208918281,10.24683857582811,19,male,high,788.0,True,5,2,1,,car,0,0
0.848447210142658,0.8397141537087444,0.8294021038577538,0.3478085060274342,0.4228490609027346,0.6168963605284102,0.6075897269136697,20,male,low,266.0,False,5,0,0,little,business,1,0
0.9646896941463287,0.8220738049265094,0.531343431036885,3.818197884620214,5.903496039547581,3.520724143901218,33.88439007721668,37,male,high,755.0,True,5,3,0,,domestic appliances,0,0
1.055698142322792,1.455809175908967,0.5109028539506568,2.494818713633224,4.205520315185241,0.3809120174613682,3.795851168298913,75,male,high,266.0,False,5,4,0,little,vacation/others,0,0
2.128823206935521,0.6172094440683948,1.403231622834306,0.7174029393653323,0.09367136416809713,0.1212858198905566,3.647852533974288,70,male,medium,151.0,False,5,3,0,moderate,business,1,0
0.9682398798752746,1.459706696462613,0.2899909212834207,0.2459149067771864,0.0511915834013273,1.40757571559297,7.301787021382,80,male,very_low,907.0,True,3,3,0,little,vacation/others,1,0
0.5231276841041157,0.8574234688979534,0.3669528185495254,1.076877651129954,5.433855155510711,0.7116316925489232,16.40171212531936,58,male,medium,374.0,False,5,2,0,moderate,repairs,1,0
0.6320910779357517,0.9479538999749865,0.9307809968845865,0.385176876493304,2.324338224609741,1.141113556044119,5.823823132827179,46,male,high,767.0,True,5,3,0,little,education,0,0
2.612380424931504,1.054717612132704,1.036384086141324,0.1979901448235811,0.01552521171060348,0.4350517394060952,3.432200778213694,72,male,high,261.0,True,3,4,0,rich,radio/TV,1,0
2.053175760065336,1.132781228639634,0.7861917227501498,3.45523520506778,1.938877348297203,3.754718833922143,27.59047886905821,46,male,medium,826.0,False,0,0,0,moderate,vacation/others,1,0
0.7744746618185665,1.076639103425924,1.368457874426906,0.9305712806152548,0.5108545123294869,0.1885993105665668,8.878831810875877,27,male,high,786.0,True,4,3,1,little,furniture/equipment,0,0
0.8436095533985316,1.407692011758665,0.2512381106530512,2.463387563660921,0.8718195590425907,0.7585940561644927,7.807875883838111,54,male,medium,790.0,False,5,2,0,,radio/TV,1,0
0.9432845116645286,0.6093366786046465,0.817100406666499,1.182306681705253,1.490107978851583,0.2639708570797898,1.763249412709957,32,male,high,766.0,True,5,3,1,moderate,radio/TV,0,0
1.062901198732179,0.9478885924216911,0.6760883138394147,0.6835396119668508,2.643226280537949,1.730142915706988,20.92480143627907,55,male,medium,714.0,False,5,3,0,quite rich,domestic appliances,1,0
1.339911086775433,0.9078192133829567,1.419734690283769,0.4255433563893551,0.9529368843906352,0.6726218162639829,9.086831424901371,81,male,very_low,452.0,True,3,3,0,moderate,car,1,0
0.2658682271849253,1.193657518513559,1.182456529805755,0.04980544808888964,0.4980902466744833,2.411314932460731,5.494641196295124,75,male,low,471.0,False,4,3,0,,car,1,0
1.544786363854117,0.8706968036566473,0.2518626274622814,0.04900529306308397,0.4081972017167331,6.651723002220865,5.000291344931518,42,male,medium,634.0,True,5,2,0,,car,1,0
0.8100630536367797,1.890974165068016,0.4541651473877858,1.489722945880608,0.3855022978745827,0.2972664875293835,17.39560821283498,50,male,low,512.0,False,0,0,0,,radio/TV,1,0
3.125150869105974,0.7566186979472294,0.7899206921756082,1.047404622287761,1.982632903463803,0.8509506217940505,11.09163048921366,49,male,very_low,197.0,False,0,0,0,little,car,1,0
1.165010725772664,0.9247194914151983,0.2709269960918787,0.5294182613563534,0.006619341572766726,0.5706787118112492,24.44309152067004,29,female,high,266.0,False,5,2,0,little,vacation/others,1,0
1.584102341586283,1.142358356306346,0.5895397373224827,0.06213857607529065,0.7823579975225945,4.268561246280361,8.274100862649346,41,male,very_low,332.0,True,3,2,0,quite rich,business,0,0
0.9914850249924705,0.8638357844822908,0.8846446960970863,1.949371346379531,2.223639352524418,0.2115022874771779,19.3203328879035,72,female,high,309.0,False,5,3,0,moderate,radio/TV,1,0
0.7832861480251804,1.041281670652558,0.5086966804111529,0.8941253965646913,1.971737537474386,1.041312313196076,16.46723454788148,36,male,medium,536.0,True,5,2,0,moderate,education,1,0
1.598613315222355,1.398394767797423,0.7802326026405505,0.01652044873504782,0.05655778111194944,4.613438912921022,17.27777616924715,51,male,high,816.0,True,5,3,0,rich,repairs,1,0
2.018754689802968,0.8889352200012564,1.272316688027459,2.614541177010686,0.01062177571468115,0.01040146670642322,3.467551950737473,52,male,high,228.0,False,4,3,0,quite rich,radio/TV,0,0
1.709173738869292,1.631707295510486,0.4845431615520367,1.671907629968711,0.01273291348849903,0.06775363318573986,3.696771221233571,64,male,medium,628.0,True,1,3,0,,repairs,1,0
0.4554762083064304,2.113862585824572,1.073017152384247,1.352178040123299,0.163066171561648,0.08729654146243694,4.215058214553106,31,male,low,233.0,False,5,3,0,moderate,car,0,0
1.632913219291477,0.4429884989544446,1.14138244017482,1.119962503993949,0.6432344352267693,0.1565497672631681,4.716392653818803,83,male,low,739.0,True,0,0,0,rich,repairs,1,0
2.042416300548222,0.7845185307133784,0.5576824532586337,0.6651090314135685,0.3145723695621035,0.6046457317073016,10.70563266557089,69,male,high,168.0,True,2,2,0,little,car,1,0
1.543298001701013,1.068693192299154,0.4457675793378623,0.3176102951240959,0.1040083415078241,0.9582659437617727,10.08048872118003,57,male,low,688.0,False,0,0,0,little,furniture/equipment,1,0
0.7088135388926446,0.6716238765923864,0.6815919669523217,1.258455659758226,1.771920612848081,3.84317408136773,39.90384165580056,75,female,medium,626.0,True,3,3,0,,radio/TV,0,0
1.553204601139066,0.9811096239087962,0.8047561899931803,0.9552978965762459,3.887958597070714,0.6594924290853302,12.23878414122974,71,male,low,684.0,True,4,1,0,little,domestic appliances,1,0
2.42586835207498,1.13609821705236,0.7442929906321826,0.4614182605893887,2.496277364985319,1.943865993829075,4.310333359479953,31,male,low,767.0,True,4,0,1,little,radio/TV,1,1
0.3304682339925314,1.301762084836837,0.2873002271157056,3.040142933283255,3.700080097231419,3.478350628796488,29.83734276695191,26,female,high,524.0,True,5,2,1,quite rich,repairs,0,0
0.6201374441084135,1.290625216745727,0.9696276461728253,1.48133175362866,2.868084934920442,2.914396963845268,36.23432983718511,55,male,medium,656.0,False,0,0,0,moderate,furniture/equipment,1,0
1.446929353235106,1.167955216729882,1.339436464364157,0.7829822791151658,1.810346834886383,2.773272859929219,13.48799272810874,79,male,very_low,689.0,True,0,1,0,quite rich,radio/TV,1,0
0.2933811541437505,0.4987626117605921,0.8450463435757545,3.38695458215128,0.1102511043352308,0.0206634928072089,3.625128920858959,22,male,medium,875.0,True,4,3,1,,radio/TV,0,0
1.471484453567134,0.6303912892762288,1.393398919536223,1.350733932613194,0.6033746035293291,0.1267984681697198,9.467463844105826,28,male,high,459.0,True,0,0,1,little,business,1,0
2.062373076049292,1.782944069426598,1.349323356094826,1.138631714962812,0.6354535062747524,0.6864470525560239,2.707894126887457,62,male,medium,431.0,False,0,0,0,moderate,car,0,0
0.4731108622733277,0.4878580614354447,0.6028417315872716,0.7258231770480619,3.743932879125795,1.255258515382252,27.07473465657218,20,female,medium,168.0,False,5,3,0,,radio/TV,0,0
0.615383152958781,0.894760324268779,0.3395561307882957,2.02204169376349,3.575491789633336,1.272388146771508,19.05041615111981,71,female,low,446.0,True,5,2,0,little,education,0,0
1.440797563024886,1.725108566456639,0.3791977889861505,1.28513747037275,0.2062513401471497,0.2912684680426029,7.593025107019971,42,male,medium,489.0,True,2,1,0,little,education,1,0
1.120841956516407,1.547526624218864,0.6279066925159984,0.9370279135053957,1.582462620767076,0.590051733875676,13.39458192200717,42,male,high,279.0,True,1,4,0,moderate,domestic appliances,1,0
0.9327698014400385,1.050115035385211,1.011768999844952,0.8720855502836791,0.3328545062097486,0.2220153160098784,6.795324919785494,75,male,low,709.0,True,5,3,0,rich,vacation/others,1,0
1.756736052009382,1.173020238798462,2.111403657682793,0.8062625351887531,0.3089344091559722,0.09830014274935303,5.268844413150782,34,male,medium,582.0,True,4,2,1,rich,car,1,0
1.795086567505563,0.6358232467306304,2.383781540658677,0.385014097653739,0.2031250642571311,3.637461634959084,10.16482636524483,70,male,high,880.0,True,1,3,0,rich,radio/TV,0,0
0.3268887700970162,0.9829386934902286,1.15683973404597,1.487185568403522,2.487360644497134,3.291184567405627,23.79414442356632,64,female,medium,390.0,True,5,2,0,quite rich,vacation/others,1,0
0.7644675788265202,0.8291063254798695,0.91846472617263,0.7996747744559782,0.07297398613593481,0.1937943582976636,7.646820155359498,67,male,low,218.0,True,0,0,0,moderate,radio/TV,1,0
0.8626959198916653,0.6266474683958214,1.185281151979766,0.08636692189126677,0.2169770513621127,1.240076964677457,1.575488329848927,53,male,medium,666.0,False,0,0,0,little,repairs,1,0
1.667025508333717,0.7116378513977019,0.5629734973806303,0.08521654888195719,2.745578299150898,4.202353263131084,0.7074437762248529,53,male,high,186.0,False,5,3,0,quite rich,education,0,0
0.4015584485175501,1.75880319497277,0.2995019691151849,3.378601514832988,1.239162288575381,1.561364877201132,10.04512473093918,38,male,low,384.0,True,1,1,0,quite rich,furniture/equipment,1,0
0.5623806748856287,1.492929327705391,0.650749350235384,1.121888262650584,1.155974331299944,0.8748722878457436,4.532114326103638,31,male,medium,929.0,True,5,4,1,moderate,education,1,0
0.4166311169488681,1.24717438560666,1.564332153704378,2.007001721605034,2.470289663477784,1.056573355434268,4.421779488926607,26,male,very_low,417.0,True,5,4,1,quite rich,furniture/equipment,0,0
1.601976870839709,0.6146883109655934,0.75134408253265,1.663961822995901,0.1787393163829755,0.09923864814163007,3.677983379747507,42,male,high,625.0,True,1,4,0,little,vacation/others,0,0
1.352160208384471,0.9625227430039749,0.1792378739829039,0.4837079624486401,1.261307495891582,2.008075229813895,28.8406194796006,52,male,medium,374.0,False,5,2,0,moderate,furniture/equipment,1,0
0.9630106376114117,0.7843367363923527,1.685138132752735,0.3371567411866033,0.5778509106493771,1.111677136915116,4.737606012077901,18,male,medium,151.0,True,3,1,0,,repairs,0,0
0.4280240795931918,0.9323766700690821,0.5124219587053015,11.2730768569535,12.80339332516384,8.917631891556168,30.89516216662002,80,female,low,845.0,False,4,3,0,little,radio/TV,0,0
1.27372056226736,0.4533723179674083,1.962491836528361,0.896774662388981,0.1243113019649396,0.06174314623614864,2.133374928261877,27,male,high,973.0,True,0,0,1,moderate,furniture/equipment,0,0
1.470027203293305,0.5513487211629633,1.010212711032726,0.5304501783381301,0.8556315044693402,0.5649337646944164,8.623752114199593,42,male,very_low,516.0,True,0,0,0,quite rich,vacation/others,1,0
0.5041542528868503,1.310615451847073,1.21833909545857,0.352729353555616,1.126335326598282,0.7423385286767366,8.597272050551028,22,male,very_low,895.0,True,2,3,1,rich,vacation/others,0,0
0.5142081413148533,1.107714472537296,0.8069780768592751,0.152670980797921,0.9834500125562811,1.995981797014753,5.392239620217035,74,male,very_low,112.0,True,4,4,0,moderate,education,0,0
0.8703339844683573,0.8281527834427087,0.4183714198503441,1.101095469237089,3.070483222546085,1.256287173676657,22.97318563834571,55,male,medium,223.0,True,2,3,0,little,radio/TV,1,0
1.411845389278149,1.061259015465993,0.7346657403640717,0.9805478543670001,0.5669714664050007,0.2921358253574171,4.17796343489545,65,male,very_low,,True,4,3,0,quite rich,business,1,0
0.926591440478158,1.151311178047143,0.8251922364864064,0.63931135226717,3.899962721377676,1.018492164968513,13.13532606297399,59,male,medium,275.0,True,0,0,0,,car,1,0
0.9764969810434061,0.9348150440804011,0.5697209633115878,2.407293230246929,1.125728165774896,0.1541495912773259,6.931242754319083,31,male,high,939.0,True,5,3,1,moderate,car,1,0
0.519885405413858,0.8097866148527884,0.2921546736952977,1.793908730561343,4.049234859803797,3.310613685650122,40.29634795319964,75,female,high,320.0,True,2,2,0,,vacation/others,0,0
1.78352852105029,0.785748717882114,0.532233746580547,0.8961549386063413,4.299026060111848,0.9057833708103291,25.99057926371342,54,male,high,773.0,True,5,2,0,quite rich,car,0,0
1.143698654513705,0.9953903408695581,1.101612899332671,0.7750064811810252,0.5000793291962139,0.699024692307167,4.262111434487106,18,male,high,399.0,True,5,3,0,little,business,1,0
3.402070081332436,0.416303303786863,1.175084070647258,0.1245904437332139,0.3511156921718679,0.191414152383696,2.572120812120855,30,male,medium,711.0,True,5,5,1,moderate,business,0,0
3.939804525138068,0.4557755170582907,0.6845695789058602,1.467562162511695,0.8250075010325574,0.2138049542476239,4.617678866867526,62,male,high,228.0,False,4,3,0,quite rich,repairs,1,0
0.3129692639413855,1.113169739535594,0.6729031386975571,0.243010499989009,0.06822908737109527,0.802385624835435,6.907171190080058,18,male,high,701.0,True,4,4,1,little,vacation/others,1,0
1.436528545380926,0.7153253096073431,1.448168922732165,1.886741455855897,0.269995223156306,0.03960246764330741,4.310229118907749,71,male,high,898.0,False,0,0,0,little,radio/TV,1,0
0.7289945281908765,0.9636878656591104,0.598265767154362,1.245690268152789,0.9762505913755796,0.3496771811665094,8.039498665441807,34,male,high,266.0,True,0,0,0,moderate,car,1,0
1.44620422632151,2.228281341746751,0.6241588202252303,1.071015885830377,0.204131848236866,0.2406680193860047,7.296080430310054,73,male,high,844.0,True,0,0,0,rich,radio/TV,0,0
0.1604005868501015,0.6698376290380551,1.332857214453749,1.003703521142216,0.02642127164661093,0.07212575143839932,8.906589450166985,84,male,high,662.0,True,3,2,0,little,car,0,0
0.5617554590438963,0.8005949625593375,0.8207797532808809,0.6277750765741296,0.0366739523557101,0.2589397268461462,12.10331497691498,53,male,very_low,243.0,True,2,3,0,quite rich,furniture/equipment,1,0
0.9188005430409673,1.376656648735584,1.148470889568827,0.3949863635763786,0.762242265517226,0.6728574185180185,6.873939941570146,78,male,medium,223.0,True,5,3,0,quite rich,vacation/others,1,0
0.7054516941048272,1.144976905836132,0.625117320853519,0.2957680575226065,0.7041323702773734,1.318810141550698,5.028830567596771,44,male,high,279.0,True,5,3,0,quite rich,furniture/equipment,1,0
0.945597440790768,0.4131577803965404,0.825607764715043,0.005340329575450573,2.71340903044591,14.60527308840757,4.719163325035376,45,male,medium,868.0,False,5,3,0,moderate,radio/TV,1,0
0.7800316867717232,1.944628243905318,0.4618917794962583,3.835293664878606,2.345461188952167,2.849524985701093,22.08180678664245,21,female,medium,557.0,True,5,4,1,little,furniture/equipment,1,0
0.4023574835489746,1.032496632209004,0.361422219528367,0.836680517934294,0.0961003795824544,0.4513287681882077,12.41047067142082,58,male,medium,780.0,False,5,4,0,,car,1,0
2.330378696922922,0.7995896218996723,0.40763840277579,0.02645069105767594,0.8015113334386683,8.198561689358321,5.361578326110441,65,male,medium,676.0,False,0,0,0,,furniture/equipment,1,0
1.069394997524427,1.384165813215061,0.3577439832255855,2.788681940846272,2.540903793047235,1.309386634816365,9.959748219168091,22,male,medium,787.0,False,0,0,1,moderate,education,1,0
1.740344109205188,1.094899856412329,0.8132384356566185,1.798628962683079,6.996595898804724,2.963718658563936,27.9857639324,67,female,medium,191.0,False,3,3,0,moderate,repairs,0,0
0.869675097287199,0.9295448318995739,1.041210444311363,1.214897889175119,1.20408240580795,1.521388744090226,7.668607240609022,62,male,very_low,180.0,True,5,1,0,little,car,0,0
0.5398391529136417,1.06451514949298,0.3637519347301324,0.6785405376929301,2.049501075955341,1.397898386477904,13.30856663382109,25,male,high,428.0,True,4,1,1,rich,education,0,0
1.861330852496231,0.8782166540408223,0.42642139152428,3.160542956444115,5.609487245190557,1.751698170249835,13.90472588571248,78,male,high,180.0,True,3,3,0,rich,car,1,0
2.966845463437371,0.920420093226928,1.268982230448764,1.922351428216337,0.3069933484047867,0.06304910033637355,10.77946590515918,38,male,high,739.0,True,0,0,0,little,radio/TV,1,0
2.002699580686644,1.459937245347608,1.085224970405529,1.743847483053009,0.7439309631800655,5.2947939470228,11.60928432086802,45,male,very_low,480.0,True,5,3,0,moderate,radio/TV,0,0
0.8867840583267559,0.8409518853918707,0.8055954939089607,1.441051478580586,0.03808942684534809,0.08374902674788672,9.034151287513803,59,male,high,960.0,False,3,3,0,quite rich,radio/TV,0,0
0.328693752139936,0.7120264946032192,0.6258578839585023,1.207521717151755,1.700251662316191,2.692032013034884,38.49189838835265,18,female,high,454.0,True,5,2,1,moderate,car,0,0
1.209525148493054,0.3446332640110953,1.312362872959494,0.6606012737246733,1.058747819307729,3.817168141243668,29.33835772443037,35,male,medium,336.0,True,5,3,0,rich,education,1,0
0.4957674391238031,1.41181241730013,1.48986652142097,0.6455586554693559,3.430138496012288,0.6068209752223702,24.07664498795604,51,male,high,680.0,True,0,1,0,rich,vacation/others,0,0
1.525857594954175,0.6258443893654264,1.597410684349271,0.614344851869847,1.796671224624656,0.9650229217819746,11.34899265647027,81,male,medium,266.0,True,5,3,0,rich,radio/TV,1,0
0.463684530429895,1.872154607958211,0.6389538356077505,0.5841138733041121,0.1223691373877514,0.3563780724389746,2.806184353578516,76,male,medium,317.0,True,5,3,0,rich,vacation/others,1,0
0.8678602135349615,2.077453148853617,1.046086025158184,0.4702792446199952,0.7445420925444675,1.113862342802399,8.668278010763878,26,male,very_low,666.0,False,5,4,1,little,education,1,0
0.4941556602852807,0.5351787888055746,0.2030044573066623,5.243476394294838,7.527005987297415,4.67265422076259,57.87353043493859,62,female,medium,402.0,True,3,3,0,quite rich,radio/TV,0,0
0.4720128324378424,1.014728572439439,1.497017285426687,1.157420779613721,0.01145686542561602,0.03588384360632552,8.698184093728646,63,male,high,266.0,True,0,0,0,little,business,1,0
0.4203668680148174,0.8285283676146594,1.628552004086893,0.4055481463099522,0.8675547647412912,1.314331429828025,11.40670955284774,46,male,medium,163.0,False,5,2,0,rich,radio/TV,0,0
0.8786595763930726,0.8216459444428525,0.5681109462198479,0.2465203455728814,0.4263185353409187,1.429672434126526,4.330020259275175,72,male,high,296.0,False,5,3,0,little,repairs,0,0
0.4906603341826586,0.3927039356842661,1.183000155327256,1.543453985140204,0.7124281613048163,3.21463972193239,8.238553054427548,85,male,low,441.0,True,3,3,0,,car,1,0
2.134778085905334,0.5647248007165288,0.2355048512536244,1.479024410526418,3.048766126560224,1.444832273004013,18.98763970374151,40,male,medium,151.0,True,3,2,0,,radio/TV,1,0
1.471081578139625,1.210924317455258,1.834094594912172,1.102641745887868,0.303682172989446,0.07971967025991525,9.065792931038597,48,male,low,518.0,True,3,2,0,little,radio/TV,1,0
0.9977634050416567,1.807024909516578,1.741423452887773,0.9301685531026043,0.8230612090569713,1.634830822525201,8.922259930150462,52,male,high,872.0,True,3,2,0,quite rich,car,0,0
1.570651818429186,0.5546709338839524,1.644710814299126,0.599060792694282,1.046151626935364,0.3186617063924095,7.054846177069587,63,male,medium,627.0,True,5,3,0,little,radio/TV,0,0
0.4973368677934119,0.8053199486719047,2.138871975507086,0.3215247448703481,4.987505550377274,0.636619836551486,1.443146663160939,49,male,medium,850.0,False,2,2,0,,radio/TV,1,0
0.9468799243689053,0.5195147569633116,0.2860064377893513,3.653665604196859,7.667943785664744,1.830722788810596,37.41426053803782,64,female,high,126.0,False,5,2,0,little,radio/TV,0,0
1.994821306345954,1.339789316488166,0.4310722938147903,1.708064106046858,7.09720324254917,1.63205202473853,38.41880309799652,49,male,medium,266.0,True,3,3,0,quite rich,vacation/others,1,0
0.8048945308439626,1.241898660983479,0.8993570550335434,0.8226505208348112,1.095039515411922,1.680483659814185,6.301666687862346,27,male,very_low,952.0,,0,0,1,little,radio/TV,1,0
0.7023833488783479,0.6257682506975225,0.1827143566728036,9.967297994092448,14.19661424650469,5.013880962922197,51.29729332747921,66,female,high,266.0,,0,0,0,,repairs,1,0
0.5229545052866479,1.114929582208897,0.2861864925537599,8.78837927257206,5.368897305116617,5.227426411116085,21.53361573332386,66,female,high,257.0,True,3,2,0,moderate,radio/TV,1,0
1.495295660781953,0.920125644342843,0.4008709809937474,3.126478547555684,1.847923315327443,0.3429705561603325,3.703422670469148,19,male,high,865.0,True,1,2,1,moderate,business,0,0
0.8866693245459335,1.178264843684765,0.8384651854596706,2.153514208325016,0.2741613983242748,0.07579240367034909,9.728087093406062,36,male,high,751.0,True,5,3,0,quite rich,education,1,0
0.671254996446012,1.868197005844328,0.7067684172909576,0.9568960997124664,4.267084247232395,0.7298083243625366,8.926157546606907,49,male,high,811.0,True,5,3,0,moderate,furniture/equipment,0,0
0.2621906743214678,1.096868131726132,0.4875575301403199,0.7761745887296173,0.1437412386981346,0.4443766644265492,17.43513124622324,78,male,low,814.0,False,4,2,0,,furniture/equipment,1,0
0.6000944302903874,0.5011750193254528,1.128949358700567,0.5752405567032599,3.015117404298375,0.7236109677095135,12.00684627905252,29,male,high,473.0,True,5,4,1,little,car,1,0
0.4962159636775496,1.899933468466848,0.9890655041853871,0.373108176472055,0.1132430639140847,0.4746507637870283,10.09532999526786,53,male,high,525.0,,1,3,0,,repairs,1,0
0.7958935873560088,1.534970138953977,0.6040304922335792,0.3175949651246209,0.6554118523478579,1.031386660596143,1.999540564745889,46,male,high,841.0,False,0,0,0,,car,1,0
0.9426513038004037,1.119403122044709,0.4236308728694113,2.312651737154674,1.602517938529736,1.084662531566199,8.121612057168493,55,male,high,780.0,False,5,2,0,moderate,radio/TV,0,0
0.6104467535701182,1.025341729533861,1.362651740859407,2.178349770992344,0.5694121516473541,2.029600689061477,1.707014288619512,72,male,medium,531.0,False,5,3,0,moderate,education,1,0
1.106728107117231,0.9270706908388189,0.3500773594634026,1.080648092049587,0.01449571881816775,0.2545355005271542,26.00021750933224,20,female,high,428.0,True,4,4,1,moderate,radio/TV,0,0
1.124219153333151,0.3746284643350732,0.6273165902775124,0.6320095367934081,0.4958173240307911,1.197189905554233,10.28431237579212,34,male,medium,626.0,True,5,3,1,little,furniture/equipment,1,0
1.667247767584144,0.6193831941677662,0.5684732522495413,0.4193988731158711,0.2303016735026325,0.7347167521020084,7.467579769589791,41,male,high,247.0,False,3,3,0,quite rich,radio/TV,1,0
1.511990922042093,0.5718720566156061,0.3677827261392952,0.2815774959566775,0.0021903305202497,0.6740686056580394,28.34348423962633,64,female,high,520.0,False,3,3,0,little,radio/TV,0,0
0.7252384021658794,0.9291397238732132,1.224922982178954,0.2092485239951624,1.741834450966583,1.225094544162838,3.897762182791793,68,male,high,213.0,True,0,2,0,quite rich,education,1,0
1.348775057279558,1.068398655898921,0.5472997581439656,0.02243045084902014,1.674476960223112,10.33968106114964,11.41854568516143,64,male,high,741.0,False,5,2,0,moderate,car,0,0
0.7306783546831375,1.065666037422562,0.9798612593545575,1.062780471195919,2.08167348129553,1.72323613704277,13.73884684627705,73,male,medium,454.0,True,5,4,0,rich,repairs,0,0
0.991803402084384,1.687160880356191,0.4771994400018164,0.5781508691916256,0.06254777057361605,0.3975432001688242,3.028777213709521,50,male,very_low,833.0,False,5,3,0,rich,education,0,0
1.195044172845451,1.189178324926527,2.018722883577502,0.4195397478082682,0.5405456983514949,0.7154044560797415,6.824181358527749,82,male,very_low,944.0,True,0,0,0,quite rich,radio/TV,0,0
1.765502115584202,1.262172610062922,0.980947022407029,0.8688847709177221,0.9209291795356879,1.954269590703847,11.72494978399268,44,male,high,266.0,True,2,2,0,moderate,car,1,0
0.7526843409735589,1.194133174966784,1.209870373665389,0.6347469172999397,2.151329795164316,0.500986382727501,4.928126592754268,83,male,high,317.0,False,5,3,0,rich,car,1,0
1.213372490411244,1.16213194772094,0.756498367710701,0.5807854556251226,0.6637848561376144,0.6900793820630661,15.06799336023417,75,male,very_low,266.0,True,2,3,0,rich,furniture/equipment,1,0
1.979532717050873,0.5830130751178598,0.4758204768680904,0.4597599094934466,1.232015976258894,1.22341705750312,4.619949144350121,45,male,high,266.0,True,1,2,0,moderate,domestic appliances,1,0
1.470580344372071,0.3163906109719838,1.449590486682798,0.7323810479709006,1.130496935678764,1.344648907885959,12.011293209217,84,male,very_low,518.0,True,5,2,0,moderate,radio/TV,0,0
0.5917427072890992,1.205647655078418,2.532601983283766,0.4333640378403606,0.8921298543712445,1.064987984390531,4.120097379882747,59,male,medium,218.0,False,5,2,0,little,vacation/others,1,0
0.9755570909192516,1.244978264197907,2.971122993250384,0.3675771954356959,0.2346835055693493,1.751959093594788,3.483317741830371,51,male,medium,812.0,False,5,3,0,quite rich,car,1,0
0.7949154803121138,1.859667551059628,1.032527143927273,1.665323298877953,0.6659695066738391,1.377973605772117,5.578904908484875,63,male,high,461.0,True,1,3,0,,radio/TV,0,0
1.371950572367027,0.7117661826046248,0.5292995553358881,1.596776551175761,4.18061693198026,2.208068345377157,28.61543666653736,41,male,high,790.0,True,5,3,0,moderate,car,1,0
0.7022818406000192,1.145450338757395,1.038277492356084,1.523808540590357,0.8508972132916687,0.135923392546984,6.920879166109552,45,male,medium,811.0,True,5,2,0,moderate,radio/TV,0,0
0.4039415731221543,0.3839752733683835,1.173548827345687,1.036299497765969,0.5787392687339182,2.943223918968893,10.6546765777786,54,male,very_low,798.0,True,1,2,0,little,car,1,0
0.7653904154854081,0.893809529827419,1.547541797657209,0.699295298315882,1.923453412257194,1.220824098153056,7.134711450491038,33,male,medium,186.0,False,5,5,0,moderate,repairs,0,0
0.7521868220607113,1.200535416419437,0.2438084026443723,2.413279694595649,2.060488234771361,1.545604776391878,14.27869874503379,78,male,high,132.0,True,3,2,0,rich,business,0,0
0.8783729024846755,0.5652502494639073,0.5436561335630955,1.930586029932861,2.930113376349412,1.668308858960019,12.32054589102536,28,male,low,384.0,True,4,4,0,little,business,0,0
0.4967906886127992,1.613631839727351,0.6150635970950518,1.544461711108615,2.066795111319025,1.32631192307259,13.04533479523469,24,male,high,186.0,True,5,3,0,,furniture/equipment,1,0
0.708666711655078,1.075180331402229,0.3935966792486295,1.490338924153264,1.72870390793209,1.62585551672499,18.11692096671892,78,male,high,563.0,True,4,3,0,rich,education,1,0
0.4053963521293268,0.6348630299487669,1.368449197749643,1.279902078946912,0.09175817312161155,0.07525143537757495,15.06792410384031,41,male,very_low,828.0,True,4,2,0,moderate,repairs,1,0
1.242366378165094,0.4966360928816897,0.3844542224641504,2.858336435706653,3.964113615622269,6.482649066672667,50.42539562139197,21,female,high,174.0,False,3,4,0,,car,1,0
0.8442278853380091,0.8381659847556528,1.284545145027339,1.567273236021857,0.7387945812317609,0.08409514077449091,2.754867772849377,50,male,medium,191.0,True,4,3,0,little,radio/TV,1,0
0.8947123772358518,0.8990140488445828,0.8111576297427684,1.304404852573228,1.339375492291569,4.925748442168211,15.05712209247047,83,male,medium,399.0,False,0,0,0,moderate,business,1,0
0.3640828751647883,0.7546864213156934,0.1835843703128615,1.108142311247365,2.362693705341984,3.134041718144005,37.7922133122416,67,female,high,615.0,False,5,2,0,,furniture/equipment,1,0
0.2472892140824155,0.5254417946055905,0.6576508278433899,1.07266529071514,0.880918248948471,0.8540430824708637,9.289846362779159,34,male,medium,313.0,True,2,3,0,,repairs,1,0
0.57915144663932,0.7898684552051036,1.565747174968114,0.9796124700661891,0.7846675795942658,0.1176450934080199,0.634954700087583,35,male,high,630.0,True,0,0,0,little,repairs,0,0
1.109150261939402,0.8940026901282497,0.6333976579603245,4.275019686028349,5.859142285066801,3.82237972358397,26.21954888875208,35,male,high,261.0,False,5,2,0,quite rich,furniture/equipment,1,0
1.525460286656735,1.505004865887652,1.148853296785044,0.9482409803073472,0.555025139456675,0.1961052885233438,2.73131572812455,35,male,high,650.0,True,5,3,0,rich,vacation/others,1,0
0.2154274409955718,0.5548690898586252,0.3892210554487028,0.692637446608573,0.755198351291925,0.7538324342080401,8.769146630030708,37,male,medium,644.0,False,0,0,0,moderate,car,1,0
0.8459817611614151,0.9195203390548842,1.052005567976786,0.6420144717170925,0.7429395731717878,0.4157238642744449,8.518100027066485,63,male,high,213.0,True,4,3,0,moderate,car,1,0
1.561983427148128,1.171654774313149,0.9013844390282915,3.33527394288111,0.9837423400855272,1.574335203145666,4.74699728944177,39,male,high,439.0,True,4,3,0,rich,radio/TV,0,0
1.093603168072512,0.3883561855823155,0.7255170436474085,2.348062151361613,1.960021944513469,5.882767859682913,26.9147974064165,81,female,high,270.0,True,5,4,0,moderate,repairs,0,0
3.194808611530289,1.001746337844182,1.747441545553081,1.909442561903224,1.104313809337677,3.066410746927026,10.0756332695094,77,male,low,972.0,False,0,0,0,,education,1,0
1.119766559544901,0.5373376832601446,0.3469100182636297,0.4382198151447639,0.0744277524127796,0.9289157727353691,18.88334959903364,33,female,high,647.0,True,5,3,1,little,repairs,0,0
0.5795643297008067,1.216910737578102,0.9002262042146086,2.449306822693685,0.9272839163459369,5.349900230087961,13.66140382997104,64,male,high,174.0,False,5,3,0,moderate,car,1,0
0.5392044261408926,0.4927675535002731,0.9356048181215517,1.849667193766239,1.986821124445171,2.355874788184054,7.827504476124672,45,male,medium,536.0,True,5,3,0,moderate,business,1,0
4.362069263384146,0.7479829089343647,1.057082286225667,0.6262476806376376,4.214309041428452,0.6596587793967152,1.913247575676608,29,male,high,821.0,True,5,4,1,little,education,1,0
0.7446180528510183,0.5274114428656301,1.142248608926232,0.1714025055978944,0.05694988146878919,0.6036877805542493,4.376042845258634,47,male,high,487.0,False,4,3,0,little,car,1,0
0.9175107638911987,1.19127185537092,1.37696153161559,1.936732014985546,3.394752181400478,4.816917583989852,44.92526928563899,53,male,medium,738.0,True,3,2,0,little,business,1,0
0.6663589065772036,1.037003434449626,0.8303040336239103,1.35982540170468,1.929966919407586,4.08948885734927,17.95116178905051,35,male,medium,745.0,False,4,3,0,,radio/TV,1,0
0.9297433652999179,0.714952213357182,1.435170829572564,1.111214052561287,1.611284097432255,0.5849185154573701,3.465632151110558,53,male,medium,958.0,True,5,3,0,,car,0,0
1.202276436685703,1.455936948466235,2.446650508030939,0.3169377406007743,0.4226280016017896,3.077986511797937,9.896262894348345,57,male,medium,574.0,True,2,3,0,moderate,car,1,0
1.114078885413872,1.2470659679228,0.896571188886378,0.2018290436579318,6.333629007634134,2.069851533449876,0.9466146296984095,29,male,medium,811.0,False,5,3,1,quite rich,business,0,0
2.378474963163561,1.108227032170225,0.7999753913003584,0.1495874003188118,0.09485319941581517,1.040301790265099,3.668618791660919,79,male,very_low,138.0,True,5,4,0,little,furniture/equipment,1,0
1.618502704573521,0.8664377154802493,0.7227803441699923,4.289123543304391,0.009208362254454774,0.01083704693713743,26.98681055618962,31,female,medium,815.0,True,1,0,1,quite rich,car,1,0
0.3726771960743235,1.010404928871917,0.6240023876371977,2.484940072763936,2.879076877784053,2.490119502511128,20.07971219314011,20,female,high,266.0,,5,3,0,,car,1,0
0.8978710248177731,1.324368637087066,0.9623241754066096,1.310371361026839,2.221146061073176,2.505761989259196,9.632034468057286,23,male,medium,840.0,True,5,1,1,little,radio/TV,0,0
0.7533153633232216,1.270239623822122,0.6679038363409291,0.7393576093227539,2.97243692430191,0.6975155306119049,2.043400560963692,74,male,high,247.0,True,5,2,0,quite rich,repairs,1,0
1.460689819089945,0.3363209867327241,1.380516141558467,0.2610640637582904,0.03368926628342411,0.3260298204473458,7.101067102438336,81,male,high,960.0,True,5,2,0,moderate,vacation/others,1,0
1.744045013634034,0.5789802628779858,0.89660931723908,1.859244007095858,1.037768322726329,0.9727277077926236,3.749600470539626,47,male,medium,860.0,True,2,1,0,,radio/TV,0,0
2.729345003947608,0.8687054763447245,0.5662995290656958,1.748774232507632,2.528311131064,7.472732287087219,46.45282150769579,71,female,high,902.0,True,5,4,0,little,radio/TV,1,0
1.520524990513016,0.9171829144726801,0.4732613568558475,1.472696555614314,3.226110358233367,2.945042859609432,37.83449372778247,19,female,high,266.0,True,5,3,0,little,vacation/others,1,0
1.566342972443534,0.5982509832831928,1.388300158855307,1.470322867072222,2.630655025224926,1.780182099024354,9.76246200372982,32,male,high,533.0,True,0,0,1,,radio/TV,1,0
1.183870724615453,0.5901187021589881,0.6686421734925618,0.5568816551115744,3.38999541766561,1.062840752628707,3.380135169226322,57,male,medium,270.0,True,3,3,0,quite rich,repairs,1,0
0.7387101709699232,0.7597606443969599,0.8950623733655135,0.2241917889449657,6.027518709767021,2.139575111300879,1.186104286144596,70,male,very_low,191.0,False,5,3,0,quite rich,furniture/equipment,1,0
1.086620000432584,1.250486690505868,0.3549335318988481,0.04543378655840796,0.005175709467796644,2.524910509462418,5.69229837901652,70,male,very_low,891.0,False,0,0,0,moderate,car,1,0
0.7332734882228852,0.7093894408514557,0.981773275155124,0.4396788889511311,0.1122900955001588,0.3790148223191248,7.79043835957621,43,male,low,905.0,True,5,1,0,,car,0,0
0.986469265205574,1.169166384447084,0.7349741523737833,0.3636323653673256,13.21382865406662,2.557319777728327,4.3235964110797,50,male,high,174.0,True,0,0,0,moderate,vacation/others,0,0
0.4796908332106775,0.6566524892741542,1.675794098044509,2.744229735923138,2.78957083406609,2.372713390118953,6.42648061791729,77,male,high,585.0,True,5,2,0,quite rich,furniture/equipment,1,0
1.213744293779268,0.6571286775776887,0.1760074287162172,1.717264788431114,2.12007857100195,0.5845762472760475,7.615232399048958,60,male,medium,906.0,True,4,3,0,,repairs,1,0
0.6239835591791312,1.01734481830365,2.039498232038895,1.048367147957821,1.344754821855733,2.46909977574236,13.45627395484572,55,male,high,266.0,True,5,3,0,,radio/TV,1,0
0.252363287652328,1.33765298359918,0.420124150974269,0.8004623067054756,0.1845972845894829,0.4973142637394218,10.10576576290232,20,male,high,902.0,True,0,0,1,,business,0,0
2.2730305301547,1.299734126671895,0.7955602766813858,0.5671029453638008,4.909485015856888,1.196496367302312,10.84000214145462,61,male,medium,941.0,True,0,0,0,little,vacation/others,1,0
1.557567380209539,1.174763794721085,0.9050020772859025,0.3371579335519037,0.2746714713447907,0.6778680105221548,6.404430382471594,53,male,high,927.0,False,5,4,0,moderate,radio/TV,1,0
0.9566057107000138,0.5028001242246178,0.4420083910610995,1.246903005490182,0.4615852912356276,0.3180952944666045,2.926132215854534,53,male,high,688.0,True,5,3,0,little,car,0,0
0.8131776204872236,0.6986393078503808,0.3927694089398137,0.8967412972719954,0.02241802774781738,0.2748660272469472,16.9374861890129,39,male,medium,776.0,False,3,3,0,moderate,car,0,0
1.051024743481082,0.8812194124191728,1.21139124405962,0.1244821497776316,0.2093960737434986,1.029613652523394,3.087904481041537,62,male,very_low,831.0,False,3,3,0,,education,0,0
1.633363430046181,1.372447669183062,0.4629787311132957,3.14604390882705,7.58186434002664,1.391600585118692,15.31899935815003,46,male,high,797.0,True,0,0,0,rich,radio/TV,0,0
1.095779393435163,1.648185010254282,0.2818675899472118,1.607699139177292,0.03845935901002209,0.1906132128496892,15.83334955406993,80,male,very_low,861.0,True,0,1,0,rich,furniture/equipment,1,0
0.7420232362256102,1.058076137190234,1.256320842747276,1.365375558432453,0.5011647806174613,0.1015056969319323,2.288786875193333,66,male,medium,191.0,True,2,1,0,quite rich,business,1,0
0.4940219996820558,1.164101793068711,0.1280644066418039,1.089164233734209,7.503743019773879,2.785560274322186,24.31795249517846,50,male,high,213.0,True,5,3,0,,radio/TV,0,0
1.430265025260582,1.03708842976019,1.459615540478041,0.9278009777006221,3.564639142742498,2.959209683467149,31.84390402035566,28,female,high,747.0,False,0,0,1,rich,vacation/others,1,0
0.5299213684027004,1.782857678345123,0.4840277064068227,0.3627249999816886,4.00943194997536,2.614725870585462,18.45140153261482,22,female,medium,800.0,True,5,4,1,rich,furniture/equipment,1,0
0.9897284847274085,0.8276860739107785,1.221852657814426,1.327897110066848,0.8325642727839238,0.5445211452970458,1.899812230661594,81,male,high,151.0,True,5,2,0,little,vacation/others,0,0
1.279667547269856,0.7045636473982492,1.041306411524367,1.245026359225641,0.0230510768037346,0.06550707843730716,7.209258330343532,78,male,high,688.0,True,0,0,0,rich,car,0,0
0.7996446053767209,1.321280261177855,0.6347553006544838,0.4756977935944215,1.342212729500713,2.64200705220011,26.80493268832632,75,female,high,328.0,True,0,0,0,,radio/TV,1,0
0.9721009719059133,1.02654531891596,0.4318941945264036,4.944841287235883,5.014116086412691,2.841104955070763,20.24225246813278,62,female,high,266.0,True,5,2,0,moderate,radio/TV,1,0
0.8438370299991212,0.9837206808278822,1.341309423505653,3.593422388228562,2.733394439179258,0.5679899054733628,1.720608346812712,62,male,medium,266.0,,0,0,0,moderate,car,1,0
0.2678354909377543,0.9709137642287328,0.3301040263923278,3.355727868988831,2.642498655968046,2.991364763721386,30.30369216148694,83,female,high,119.0,True,2,1,0,rich,furniture/equipment,1,0
1.088665270048467,0.8018181564043999,1.779375427177766,1.448880915080817,1.573948703675579,2.080781105611223,6.179980884019143,79,male,medium,456.0,False,5,3,0,moderate,vacation/others,0,0
1.920548544431656,1.277113244183567,1.559920887598898,0.5970542778761112,1.368518682539768,0.2973647004216724,1.841676834495622,76,male,medium,402.0,False,5,3,0,rich,business,1,0
0.9629543440683622,0.4275327836862584,0.7554342018397839,0.3702711228468227,0.2822129280599511,0.7497722351078214,8.144051340816711,38,male,high,885.0,True,5,3,0,rich,radio/TV,1,0
1.78021834955316,0.2118838303622211,0.4107653473408246,0.09857023535410296,0.00183031594117035,0.9266220396358733,2.50742377819521,60,male,low,261.0,True,5,2,0,little,car,1,0
2.418180604376851,0.9688075182085637,0.315852402763757,0.02692996038832376,0.609752319543959,8.305701332480295,2.295864269597697,83,male,medium,801.0,True,0,0,0,rich,repairs,1,0
1.032141162440436,0.7579190127754154,1.09449086273544,2.111189935410565,1.966455650365093,0.7040482859604302,2.208036105734428,47,male,low,835.0,,0,0,0,,car,1,0
2.332797380882319,0.7370620551248848,0.4694780113144592,1.381808933399547,9.058256855687103,3.060807975605714,36.12966984675745,23,female,very_low,863.0,True,5,3,1,moderate,business,0,0
1.183513034882101,0.5696857047782204,0.7227675024880689,1.142643248495159,0.7072124758281126,0.2616734109196559,2.393035869691161,49,male,high,266.0,False,2,3,0,moderate,vacation/others,1,0
2.455112811315362,0.9040549625084473,0.6468290337400657,5.399203099196021,1.359002000626917,1.465987038367114,1.887431004821745,60,male,medium,279.0,False,0,1,0,moderate,business,1,0
1.061726879504501,1.209760577918481,0.4176343344303982,4.231745658345542,3.322069376385578,2.521223281074068,11.91052122279363,70,male,high,439.0,True,0,0,0,,vacation/others,0,0
1.430803654344533,0.5036240235377213,0.4092411462633677,2.96061839944494,1.479849454198775,3.267763337292945,17.36929165239867,51,male,very_low,436.0,True,0,3,0,quite rich,car,1,0
0.7025293782653402,1.125163532153717,0.7055733342498868,1.841480792399335,0.08215878502302372,0.08235590797068133,8.579143325800583,80,male,low,408.0,False,5,3,0,,radio/TV,1,0
0.6025018514252578,0.8153882379710867,0.8099400482499569,1.436566555577851,0.1459915724450229,0.1303632440864877,13.41478452535114,22,male,high,317.0,True,1,3,0,little,domestic appliances,1,0
1.807543932968718,0.7960374703031663,2.025503292752084,0.5864389798605255,0.5218218900771807,0.8612057806542472,3.681472883251462,26,male,high,835.0,True,4,3,1,little,education,0,0
0.7049931229520349,1.376035567938871,1.22976079096582,1.676183436870183,6.653094633554778,0.1854484923147333,1.580000634946641,45,male,high,252.0,False,3,3,0,moderate,furniture/equipment,1,0
1.386177162511181,0.9079717995042105,0.7955495600952711,1.447723402140762,0.9643808977158052,0.2179779968065236,5.104835785915787,57,male,medium,433.0,True,0,0,0,rich,radio/TV,0,0
0.5343653265726482,0.8151994569824929,1.443840609347876,1.091824776702659,1.985994192568153,3.509164950240697,28.32360443871472,68,female,very_low,157.0,False,5,2,0,little,radio/TV,1,0
1.847414779411522,1.524668821304313,1.607386462615376,0.455542489370142,0.6974740104476742,0.3064546076735271,1.124554144928062,29,male,high,650.0,True,0,0,1,little,education,1,0
0.4779677554405963,1.10705448037302,0.4112586473284115,0.2252354137794897,0.01575695100323975,0.9061706349301317,7.350787517076612,18,male,very_low,874.0,False,0,0,1,rich,car,0,0
0.6793840691988164,0.6529459977955931,0.3070088822986735,0.1044236928330691,0.1400975974336459,3.749183578401466,23.13165589823772,53,male,high,825.0,True,5,5,0,little,radio/TV,0,0
0.497535299641829,1.240676718043789,0.465732322297006,3.211965481633138,2.337947222459893,1.92230083446031,15.79117711418059,21,male,high,766.0,True,3,3,1,rich,car,1,0
0.3871293266463408,0.6858539478711302,1.047154674511958,3.157179603232036,1.067238567597118,0.06211774141351829,15.06434184562979,22,male,very_low,163.0,True,1,3,0,moderate,vacation/others,0,0
1.062851046175582,0.5133064895552211,0.3695814625295875,2.847263622223127,1.988329316914591,1.62154003049005,11.6881907579717,75,male,low,791.0,True,3,3,0,quite rich,repairs,1,0
3.187593765201743,0.3334441989897008,0.7940668149599314,2.177771858703797,6.824977908266751,1.663820175931079,20.43316789799792,31,female,high,126.0,True,5,3,0,quite rich,business,1,0
0.417822825560115,1.001464823309209,0.6662217111741572,0.7075624702176603,0.0474695233070113,0.2702599722967841,12.14924245167529,61,male,high,605.0,True,5,3,0,,radio/TV,0,0
1.153992040618585,1.126058432966313,0.3778579734544747,0.3246053529989397,0.5033543169126317,1.501876771997928,3.71445074573063,25,male,medium,838.0,False,5,3,1,moderate,car,1,0
2.010747178632137,0.6220405852468371,0.4696112292519072,0.08146937680887756,4.385043522984942,7.112551671853991,7.105304410335331,56,male,medium,703.0,False,2,2,0,moderate,radio/TV,1,0
0.6526523997884927,1.024985407764005,0.5361906936255967,3.738557537802174,2.3719741137915,4.12754411326794,25.48024047334137,21,female,medium,659.0,False,5,3,1,moderate,repairs,1,0
0.4665083914100722,0.9063864231351416,0.56054218457744,1.834909122561853,0.1777680714767044,0.1705575867842719,25.8159573981356,67,female,high,266.0,False,0,0,0,little,domestic appliances,1,0
0.4151273087704875,0.9763746657166892,1.522893353596827,1.617465102805324,1.255906443035226,3.103231638666291,17.2865486827869,54,male,high,765.0,True,1,2,0,moderate,radio/TV,1,0
0.8188376572652656,1.251956930879665,0.8334824591692643,0.76118226706468,0.1507221681677988,0.2527899735003671,9.68800004053506,83,male,medium,839.0,False,5,4,0,little,business,1,0
2.756433397332856,1.614752623623497,0.5306780731380438,0.7248311873044357,0.1938657025605402,0.4764439849193336,9.76624014101449,29,male,high,538.0,True,0,0,1,,business,0,0
0.6101712146904066,0.9423867431500089,0.6661608782717957,0.6608989829997229,0.4239891454884213,0.4270793581879536,2.53467212664812,37,male,high,449.0,False,3,2,0,little,education,0,0
0.7508330859356734,0.9982577173704162,0.4977532397072854,0.6122847989400372,1.242792851985647,0.9196630815291862,6.55712311183964,51,male,high,417.0,True,5,3,0,,furniture/equipment,1,0
0.7487711718646924,1.462617248180983,1.843546479093482,0.4720903771674461,0.279429551599558,0.2848541928015809,17.24494173420104,82,male,medium,884.0,True,5,4,0,moderate,education,0,0
1.590117519226498,1.084357058295697,1.023821427754814,2.531094563217049,0.1942081921213887,0.03287356714201396,3.487451852048214,83,male,medium,787.0,True,2,2,0,little,furniture/equipment,0,0
0.6712170272289549,1.182475101892177,0.5413123700544025,1.100964370037011,0.001909923826381843,0.0827673113901894,9.238542447470783,28,male,medium,755.0,True,5,3,1,,furniture/equipment,0,0
0.5230555954503782,0.5317399257798855,0.7618972601102088,1.083405665183932,0.9525460414459431,0.9550976753814273,4.548033667530416,49,male,medium,502.0,True,2,2,0,moderate,repairs,0,0
0.6239950616890116,0.8344823956231795,0.4498330086646016,0.9749084880511285,3.194154443962145,2.414199015406785,36.56938887516963,43,male,high,408.0,True,5,1,0,little,radio/TV,1,0
0.7360821174278142,1.319414444002711,0.9137630026266058,0.8529035961911982,3.516336346292948,2.606340750068797,30.86412643722148,25,female,high,476.0,True,2,1,1,moderate,domestic appliances,0,0
0.687434041548866,1.427173450324164,0.4153239949580989,0.5255816691692415,0.45160927602972,0.9487635004705749,6.060465867699275,61,male,medium,860.0,True,0,2,0,,radio/TV,1,0
0.8282649021469025,1.770406910517191,0.5417256760596537,2.668178953044364,3.369207582587492,1.882771150623743,11.1715484068658,54,male,medium,680.0,True,5,3,0,moderate,business,1,0
1.75844688639813,1.534224802940954,0.607565923551583,2.415733438522191,0.007581092861360625,0.03604668499500647,23.7345675807926,45,male,high,890.0,False,0,0,0,moderate,education,1,0
1.170322929998245,0.515925224511755,0.3767158819054051,1.78038082436846,4.111321252034802,1.693118637709118,26.27823864411847,47,male,high,476.0,False,1,3,0,rich,car,0,0
0.6180317354988418,0.950459361454708,0.4331758707007226,1.759271588632597,5.784332922682595,6.332250189548522,59.3889024500921,68,female,low,586.0,True,5,3,0,little,business,1,0
0.7650607069146603,0.5044342429309691,0.4677059491222549,1.553977065340131,0.01594330206189613,0.1208129023156311,26.68613369197281,52,male,very_low,879.0,False,5,3,0,little,radio/TV,0,0
1.065386846975935,0.9415820426171793,0.1726963696487028,3.567027872043338,5.243982932759779,2.700976378330852,39.54819289057523,30,female,high,645.0,True,4,1,1,little,radio/TV,0,0
1.659958968563169,0.6768962527454958,1.040743509269396,1.940982308767944,2.498228963263441,1.656633132676121,7.123567179164509,19,male,high,688.0,True,1,4,1,moderate,repairs,0,0
1.550290440036905,0.8631580427495966,0.932121216809739,0.3852451179116305,0.7321137485260546,0.5567857741438015,4.121593567674548,55,male,high,724.0,True,1,4,0,,education,1,0
0.5121917836241263,0.7789485332617363,0.4922897487975261,0.1528720009333821,0.002507003471058636,0.708099549731673,5.416830843915516,52,male,medium,270.0,True,5,3,0,rich,education,0,0
0.9693114361726664,0.8723330239365792,3.610270679586009,0.09799972118912462,0.07270192558027233,1.33592398940037,2.702382614601986,40,male,low,266.0,False,5,3,0,little,repairs,1,0
1.5446469553517,1.157311384111584,1.222293645033695,2.838467785216082,1.09744019296244,2.710949404592394,6.445793558769065,74,male,medium,408.0,False,5,3,0,,car,1,0
0.1801816617750263,0.9393044159052488,0.4305018170697546,1.711056015470318,0.01880524833500916,0.08495831476843722,6.816329059283709,38,male,high,904.0,False,3,3,0,little,furniture/equipment,1,0
0.777809395966251,1.076654052351198,0.9537105186997514,0.6625019636733254,0.6550496937527394,1.362446647980544,6.898647198380661,45,male,high,597.0,True,0,0,0,quite rich,car,1,0
0.4946320189343477,1.310195709246137,0.511721157428592,1.856818662447451,3.00437130582976,1.85372622830983,25.28578310688815,41,male,very_low,266.0,True,0,0,0,little,business,1,0
0.7174414150510634,1.125381874483745,0.9240432954244662,1.582184217934143,2.917089336703446,2.206465434267983,22.40248369344827,72,female,high,658.0,False,5,2,0,,education,0,0
0.3828670345737197,0.5635991108097339,1.192899801263616,0.3476578679694743,0.04780684906626617,0.3180683150436462,13.08500137176815,33,male,low,508.0,True,3,3,1,little,education,1,0
0.5142285292469875,0.9828382274854041,0.7464135534460756,0.3128318756342843,0.1010825281091006,0.5509323301232597,2.71269621359288,64,male,high,764.0,True,5,3,0,,furniture/equipment,0,0
0.8541440394701835,1.791140075378465,1.594125033851124,0.3061769031537056,0.9619680263195385,1.102567056046152,6.355017290963981,56,male,high,618.0,False,4,3,0,quite rich,furniture/equipment,0,0
0.4247184948092147,1.289302938889181,0.3088472854266915,2.023075999317344,2.135204250466041,0.8102477351170164,11.37591442508639,49,male,low,433.0,True,5,3,0,little,vacation/others,0,0
0.9035947418895547,0.6312024190094584,1.059317978800972,1.603067865247548,5.477895409684182,1.703671133143832,18.71540427054283,84,female,high,883.0,True,4,3,0,moderate,domestic appliances,1,0
1.242286200454963,0.5523985125430694,1.24870904456331,1.356042275784631,2.016894432562117,1.504364887647627,7.891599157333903,41,male,very_low,661.0,True,3,2,0,quite rich,domestic appliances,0,0
0.9461561083425768,0.650166559538664,1.093897113448971,0.9744196096102868,0.6193493325078909,0.9088866157391752,6.953014295635461,84,male,very_low,911.0,True,0,0,0,little,radio/TV,1,0
0.9945559881840775,0.5432291057781864,1.827096958722334,0.5102396287069623,0.8715792102370353,2.281557259277877,6.51430609742243,71,male,high,500.0,False,5,3,0,quite rich,vacation/others,1,0
0.8754657634336169,1.0614207963901,2.034518721850304,0.3184384866033665,0.9415083327373659,2.344550236356855,14.93634775180129,82,male,high,840.0,True,1,2,0,,car,1,0
0.8246026172666354,1.447193232143815,0.4854071561559334,0.1805298003649005,0.008442214518951779,0.9509705552814913,12.05986337983005,33,male,medium,803.0,True,0,0,1,moderate,radio/TV,1,0
0.7532817645120665,1.187256566972108,0.8388903973269514,0.1080453284148775,0.05555890635412614,1.282886699380817,10.72050885727126,19,male,medium,844.0,True,5,3,1,rich,furniture/equipment,1,0
0.7886819221639136,0.599129280112232,1.179109228658896,0.08437213694200706,0.1182031974019407,1.137395497414931,4.862825830056424,25,male,medium,712.0,True,3,3,1,,furniture/equipment,1,0
0.5614072916938873,1.369695619087993,0.4586287948997738,0.9241193336493925,0.04472514585808675,0.226856624533381,3.900176567015397,51,male,high,890.0,False,5,3,0,,business,1,0
0.871620709724675,0.5973083075708474,0.4422510163295055,0.4820070509621777,1.867058221559907,1.177195313806484,23.31674949866361,80,female,medium,191.0,True,5,4,0,quite rich,furniture/equipment,0,0
0.756746315450007,1.024158755324563,0.3306821933459858,5.513948020016474,4.293181328632913,3.768135351399479,40.52324404306427,50,male,high,765.0,False,5,3,0,moderate,radio/TV,0,0
1.510233407506183,0.7928192828672608,0.5807315935560808,2.412463114487699,0.04644690354231441,0.0555829220161906,7.669335632060673,81,male,low,549.0,True,5,3,0,little,vacation/others,0,0
0.4046980026434123,1.591257108626296,0.8804751957283005,1.476715911229456,2.681374186877662,4.295516188048073,31.48821545111336,73,female,medium,218.0,True,5,2,0,rich,vacation/others,1,0
1.145648448228007,0.9957993251298146,0.8374301162778345,1.260236785461025,1.267114094412081,0.2993559857069819,14.2543198960916,50,male,medium,213.0,False,0,0,0,rich,radio/TV,1,0
1.070390243274678,2.06721791820813,1.608791067129071,1.174866986085206,1.278280601724802,0.9237731433721523,2.469322165781353,46,male,high,547.0,False,0,0,0,rich,furniture/equipment,1,0
0.7757931995626437,0.9532848042517218,0.488332799929116,0.871573097830133,0.06814893966900518,0.2761074597790373,5.363685206597758,57,male,high,266.0,False,5,3,0,,repairs,1,0
1.174245647317723,0.9315387451877816,0.2581768282525912,0.4965905625626354,2.832973669329916,1.854779648058134,36.2207546987855,54,male,medium,346.0,True,5,4,0,quite rich,furniture/equipment,1,0
0.3026478845464638,0.7050142464552803,0.521436296983408,0.2885215897498805,0.03459869179992923,0.6255928743104623,4.676299640354628,51,male,high,186.0,False,2,3,0,moderate,business,1,0
2.282285762391229,1.752473774890677,0.4981279549975675,0.2422087490453805,1.024527872782047,1.688517435148646,2.117245337267738,23,male,high,826.0,True,3,3,1,moderate,furniture/equipment,1,0
1.167123690301808,0.9587256471558105,0.6703094595953948,4.107974977642566,2.865144845036488,4.448127466734372,27.07861592546276,69,female,low,867.0,True,4,0,0,rich,car,0,0
0.8101612575138398,1.309770071161723,0.2656269180598384,0.83945725889781,2.780745192520124,0.6114645388445185,17.03907581920974,38,male,high,288.0,False,3,1,0,little,education,1,0
2.450804971864636,0.6505667772212911,0.4668957796972865,0.6101580841000142,0.7706925222388785,0.9459556387410851,12.62005806862518,19,male,high,266.0,,0,0,0,,radio/TV,1,0
1.075158638115652,0.7046178547185736,0.7663746083629925,3.144994362288258,2.636526947335176,1.19136268531712,4.098972765214753,28,male,high,332.0,False,5,3,0,rich,radio/TV,1,0
1.009576039450118,0.6723033696484277,1.567594231474398,2.462415796597085,1.886434336770289,4.48377230621407,8.801476892261359,28,male,medium,893.0,False,4,3,1,little,domestic appliances,1,0
0.3405088875866161,0.9969703078664456,0.2987102480726004,1.775931959438537,3.508232686838665,0.6207318831290217,8.024208179310557,33,male,high,449.0,True,5,3,1,little,education,0,0
1.20094100720965,1.494763399082282,1.197527120514645,0.5346749020572067,0.1739794693349396,0.2408039731549613,3.457478923250324,21,male,high,702.0,True,5,4,1,little,car,0,0
0.1281151318201249,0.9835387165076438,1.03804640240236,0.3281323657469271,0.3823127705446472,0.6525083167456183,5.319044790440467,84,male,high,774.0,False,3,3,0,rich,education,0,0
0.8422705880435264,0.9579066291816039,0.4043836669570289,2.783457877617601,2.840872941929085,1.767372990905989,16.16412546011598,60,male,high,637.0,False,5,3,0,rich,business,1,0
0.7909210815381599,1.300332054104407,0.9156735969158639,2.735610173076529,3.055382386111616,0.1135819426044173,4.82135620342473,51,male,high,794.0,False,4,3,0,little,furniture/equipment,0,0
1.499254285676554,1.744312686357336,0.7086037448818979,2.67277051706,7.658899247641479,5.767636687534171,37.859741541825,66,female,very_low,498.0,True,5,4,0,little,domestic appliances,0,0
1.479175220953106,1.062310560766938,0.1731646504270358,2.362173191203356,5.585047122645046,1.62545592579776,31.07251308524278,38,male,medium,903.0,,0,0,0,,education,1,0
3.069632595206398,1.240677971024587,0.2514826981881509,2.325551018016899,3.506945278778298,5.610760753430511,45.47590839180944,75,female,high,580.0,True,3,2,0,,business,1,0
0.4901131748000659,1.306688338282052,0.2577080199328391,2.262013207743603,1.69856096206871,1.043729613100598,16.25603620778874,56,male,high,770.0,False,0,0,0,,radio/TV,1,0
1.23248220848298,2.236988566677254,0.6440010573357333,1.670322793608845,1.74264681727047,2.598104834055725,23.70383161315722,69,female,medium,744.0,False,0,0,0,,domestic appliances,1,0
0.3648763694706635,0.841202238535894,0.7145010153247087,0.5537656280280652,1.689161751670714,3.011645630504242,35.13518597886544,68,female,very_low,698.0,True,1,3,0,little,education,0,0
1.0013908348287,1.075290007766841,1.375367179733759,0.4064578138458986,3.18334231273856,1.203204311820573,17.73972531264557,35,male,medium,761.0,False,3,3,0,quite rich,education,1,0
0.5061263304312004,1.071875861732917,0.4325619415921829,0.330447367890932,0.120899710996001,1.132391543683817,19.07770106939914,27,female,high,545.0,True,4,4,1,quite rich,car,1,0
0.71731800335529,0.7490405326522669,0.4978026566708842,0.2845136936260677,0.3542403655360281,1.651985749362428,19.52921132634578,56,female,very_low,444.0,True,1,3,0,rich,domestic appliances,0,0
0.4790749879632382,1.132353894324037,0.6818851164036803,0.2162123797347481,3.345541090556681,2.210506604870794,1.341888978331409,72,male,high,573.0,False,5,3,0,little,car,1,0
0.4934560480934095,1.435013401526375,0.6489251965409538,0.3937806571007323,0.2946703750574068,0.4819420865128793,19.12727880996517,35,male,low,908.0,True,1,3,0,rich,repairs,0,1
0.6016277785887986,1.564725787725135,0.868865238450547,0.344507415865505,0.05612664517425019,0.396863679702269,2.672186265824265,26,male,high,769.0,False,5,2,1,,education,0,0
1.16991493632126,1.553721172910959,0.8519366035723539,0.09971022759354134,1.091757672607697,2.96530825638972,11.05495070138194,63,male,high,762.0,True,0,0,0,moderate,business,0,0
0.9580397689845214,1.321941015702313,1.186276390755541,8.061842680896206,0.3381382292479602,0.00266206871791236,3.188565471548772,68,male,high,599.0,False,2,3,0,little,car,1,0
0.7037413999542836,0.5734284503574355,0.2818745757262702,3.52707444042335,3.472069642592055,4.349862033170401,37.02363468269343,50,male,high,690.0,True,0,0,0,moderate,furniture/equipment,1,0
0.6619779138209311,0.4978895087827679,0.8278849590893638,0.8817946519576145,4.059399517116751,0.6988421758552897,5.690176897352942,57,male,medium,266.0,True,2,1,0,rich,domestic appliances,1,0
1.039570666952773,1.482851398521837,1.918031276168474,0.7402572645652311,0.4104244736674596,0.1346570663531439,4.0334618647286,77,male,medium,487.0,False,3,2,0,rich,car,1,0
1.076827904043733,0.5211747161713389,0.9082136479597921,0.5017137051832123,3.461866403620276,0.9855888713369775,7.73905526334313,62,male,low,846.0,True,2,2,0,little,furniture/equipment,0,0
0.5389818750906212,1.489336609076641,0.8873782453176596,4.373234919335597,3.511814351281117,1.798588835551324,4.66148296587951,67,male,medium,920.0,True,0,1,0,little,radio/TV,1,0
0.8679807302488493,0.7101729225948747,0.2851006227165994,3.294895750641007,5.269381014600095,1.629655386388799,23.6521589731262,71,female,medium,174.0,False,5,3,0,,car,1,0
0.8562313013916796,0.9295751527977273,0.8747945742010799,2.137463067944339,4.564791183285095,0.2353692512448803,10.08458018871556,26,male,medium,157.0,False,5,3,0,little,education,0,0
0.9838739599249465,0.678366726790369,0.5710707777605184,1.265851216090598,0.288126669698318,0.2694655770984865,12.55857209260818,60,male,high,471.0,False,4,3,0,quite rich,vacation/others,1,0
0.7030468496790248,0.9643965310566586,0.4197788711686488,0.9790680457293581,0.01499852487553381,0.2035776127423496,13.18518425967318,61,male,medium,275.0,False,4,3,0,quite rich,vacation/others,0,0
1.193688011904135,0.5077911687917654,0.3716455258897637,8.755329438280231,9.040525639914494,3.572208042994882,25.87756291741,20,female,very_low,399.0,True,5,2,0,little,car,0,0
0.5307025451062454,0.6098126488445944,0.6938372280462469,1.393207736043728,0.1973401121800269,0.1422985676530106,4.581483182637395,78,male,high,350.0,True,2,3,0,,vacation/others,0,0
1.167337073377763,0.9254928079067002,1.812792854863994,1.047930107415986,0.7691366527899645,1.547518360800542,4.535269879527581,47,male,medium,649.0,False,5,4,0,moderate,radio/TV,1,0
1.455581697304789,1.629233992291087,0.9793526129355519,0.9716671858114747,5.592215934523662,0.5745963122376615,5.859633055415882,36,male,very_low,106.0,True,5,1,0,little,repairs,0,0
1.278295266200927,0.7275855326977594,1.157323334460039,0.9160193763964736,1.146740917041498,3.473513662725455,25.08685693698457,52,male,high,292.0,True,3,3,0,rich,radio/TV,1,0
0.586652225310317,1.072328570923138,0.8918464285088998,1.089643590784812,0.9095447498172379,1.595646995821559,11.83033978444568,43,male,high,266.0,False,0,0,0,quite rich,repairs,0,0
1.19607407249406,0.6897410355299805,0.4801457137382302,0.5518483146056169,1.217766285801894,0.6475280544166391,9.735716904082164,85,male,medium,305.0,False,3,0,0,quite rich,radio/TV,1,0
0.7423047968712956,0.7623938856627196,0.8461117445475802,0.2398464567060551,3.504643001671084,1.705407859524507,1.549085199337579,67,male,low,802.0,True,5,4,0,rich,radio/TV,0,0
1.931873692419491,0.960105581592222,1.117743599968915,4.611192288166486,2.241070271232543,0.6589836973641903,2.566596718370663,50,male,medium,305.0,False,3,2,0,moderate,domestic appliances,0,0
1.726870297771984,2.016268089428366,1.211502836058038,1.705692449595182,0.5987262106862,0.1000883494162649,9.057059469402144,56,male,medium,925.0,True,5,3,0,quite rich,repairs,1,0
2.37011511787337,1.982389206101145,1.323192025415618,1.228421936432166,0.2274851019051097,0.08707930067143665,3.659479865915893,70,male,medium,266.0,True,5,3,0,quite rich,furniture/equipment,1,0
0.9760584279567924,1.424731104897465,0.7316436672380423,0.9889928062736991,2.834949889999726,2.370527930110566,33.04259505727224,57,female,very_low,473.0,True,0,2,0,moderate,education,1,0
0.7459336288822344,0.4962344120161962,0.5034529988172409,0.4302775193309455,0.09674371436411947,0.7952382939435264,21.4637903429874,31,female,high,756.0,False,5,4,1,little,radio/TV,0,0
2.234021534774154,1.148549447602051,0.6106637310172013,3.067455749286452,0.4337151818803237,0.06221398978810995,4.848981400744704,67,male,medium,522.0,True,5,3,0,,furniture/equipment,1,0
0.5224843595631017,0.4582623210337901,0.8212316783400355,1.976124204408041,1.492881813331883,1.357691742999922,8.613773221746893,21,male,medium,844.0,True,5,3,1,,furniture/equipment,0,0
0.3865742059842978,1.469784679954278,2.517536524104994,1.029920041612407,1.815123218909295,2.627333778024514,9.39911051867801,85,male,high,679.0,True,5,3,0,,domestic appliances,0,0
0.4717602818328451,0.9004664109589547,1.290188468694231,0.7942868126882743,2.599595103772911,0.2970219309133576,1.755551548581044,23,male,high,218.0,False,5,1,0,,vacation/others,1,0
0.3038188209613825,0.8814399427812764,1.77803423643826,0.1610033335100598,1.90125426190437,3.955585419353768,46.97590001655616,27,female,high,582.0,False,5,2,1,little,education,1,0
0.7553172837220461,0.5871176780589631,0.4487801940004013,0.08562543278659404,0.6649514176157061,4.202932472839256,9.025854111094192,63,male,very_low,842.0,False,5,3,0,little,business,1,0
0.7382954875014522,0.914957246171492,0.934519381042022,3.422745881501728,2.331864709475032,7.681499907348347,46.5687137522178,71,female,high,710.0,False,5,2,0,quite rich,radio/TV,0,0
1.338503445406545,1.144185547668201,1.209333855062162,1.668531742448883,3.150767555304819,3.596651763382484,35.66238486980696,57,female,high,371.0,True,0,4,0,quite rich,car,0,0
0.6422991987093828,1.366690610744231,1.193068727395518,1.211862954127424,3.029230258983017,0.2484611748618846,1.88595771910951,72,male,medium,510.0,True,3,3,0,quite rich,business,0,0
2.259421351915212,0.3141926638020115,0.7159752625666097,0.8459737675739954,9.045367180727414,1.042308823449178,7.05643200894495,38,male,high,288.0,True,5,4,0,little,radio/TV,0,0
2.767799407213241,1.055133258135237,1.549674625025853,0.7528396686562969,1.620545888360689,2.058096543268185,19.76878547738393,84,female,medium,637.0,False,2,3,0,,radio/TV,1,0
1.869618888046362,1.409804011391539,1.160130552819993,0.5379145257001787,0.533191372643059,0.3284187499560325,3.737511750333028,79,male,low,916.0,False,5,4,0,quite rich,furniture/equipment,0,0
1.374234917998733,1.365451079808757,1.200825794538341,0.471781205789938,2.882305089012736,1.095787699304001,16.55490433613424,42,male,low,726.0,False,5,2,0,,education,0,0
1.245543168746336,0.9089219334199976,0.7925156207931761,0.2705122052411955,0.1361014066775021,0.7371631506388425,4.998760796829064,50,male,low,745.0,True,0,0,0,rich,radio/TV,1,0
1.367894220751436,1.149166579875212,0.2970501929196417,0.09346235609219328,0.003415906585702977,1.547752062623499,4.640149503173758,29,male,high,571.0,True,1,2,1,rich,furniture/equipment,0,0
0.4821080185883257,0.7557030357902327,1.27322645937626,2.303301174020778,1.89519963203872,1.822976404023523,7.015289396914683,51,male,medium,810.0,True,3,3,0,rich,furniture/equipment,1,0
1.029156405238032,1.203707350329707,0.4501456979339701,2.048148728506721,0.001165124949534202,0.03250185478793653,5.340830804024659,31,male,medium,371.0,True,1,3,0,rich,business,0,0
1.661234418602191,1.25139740252671,4.041056037474331,0.666212964593298,1.104065412334545,1.842546960551423,2.970896023367402,70,male,high,384.0,True,2,2,0,little,car,1,0
1.522803285993541,1.158877116598465,0.9499872064553383,0.5239374580269753,0.274528689760099,0.4687519086604893,9.237447114523595,79,male,medium,449.0,True,4,2,0,quite rich,business,0,0
1.192990985963954,0.9108689513361949,1.9421371942138,0.4909787620621965,0.4005140259507466,1.342306850099739,6.911321667314704,24,male,high,,False,5,3,1,rich,education,0,0
1.408860665181599,0.938565360441009,0.9723613525398298,0.2683298795994316,0.9873512207535919,1.917004750167898,28.88720411833826,60,female,high,593.0,False,5,3,0,rich,education,0,0
1.547598939575263,1.065049353690232,1.303767342096792,2.313384829040184,1.2399392272968,0.5574509911365572,1.857232536773681,53,male,low,789.0,True,2,2,0,moderate,car,0,0
0.9900000705624032,1.025115973306989,0.3427640119275278,2.167806407678998,0.02218589730109024,0.09348121410862181,19.36360950594424,26,female,very_low,865.0,True,5,1,1,,furniture/equipment,0,0
0.6177533027298211,0.7805054612982736,1.532776990029034,1.380885250511297,0.749612782770409,1.838895404709644,6.130302621771992,46,male,high,648.0,True,3,4,0,moderate,radio/TV,0,0
0.8007332774381593,0.6893318053199151,0.7845182159711858,1.070660230882897,0.07924026939576703,0.1355832961848406,5.768378334579515,30,male,very_low,339.0,True,2,2,0,quite rich,furniture/equipment,0,0
0.523244794995374,1.060508143012643,0.8002038404746672,0.7206982464733893,1.973931010498111,2.47532617211822,32.93179042370618,72,female,low,266.0,True,4,1,0,little,car,1,0
0.9952596957697266,1.210414459734501,1.487413015842519,0.4368056590404751,1.963885473899072,0.5793850091996415,5.233993560918445,44,male,high,106.0,False,0,0,0,quite rich,car,1,0
1.391183422833933,2.164105738875409,0.8841464242944235,0.3931604200328488,0.1548132128669777,0.4920263348168584,6.132168540252222,80,male,medium,618.0,False,5,3,0,little,education,1,0
0.4306400723259407,0.4583454560862393,1.09232900259815,0.1791460598039097,0.3917717385392654,0.8498146674744033,2.209946544891687,56,male,medium,703.0,True,5,3,0,rich,domestic appliances,0,0
1.042913094441787,0.524089076631768,0.2044650276284367,2.798607870532644,2.007568494732055,2.072168995624679,21.09004877232868,31,female,medium,449.0,True,5,3,1,rich,furniture/equipment,0,0
0.6013448162598315,0.7768261446144944,0.3919920721566977,2.098011734519467,15.20231892518719,3.83984145157177,90.09998022943775,18,female,high,625.0,True,4,3,1,rich,car,1,0
0.5774769889859211,0.7709275975629752,0.3713275073121685,0.922329257568703,1.600798558013672,1.110306571195655,10.32363908319646,27,male,medium,853.0,False,0,0,1,moderate,radio/TV,1,0
0.5844049475683147,2.096337429567772,0.2439637521283547,0.7789251017940869,0.2249780636024254,0.8492440691097036,14.76153977271222,81,male,very_low,670.0,True,0,3,0,little,furniture/equipment,1,0
2.267568370393219,0.9599771720970478,1.206437059927863,0.3197547876642503,0.430386567785423,1.975911227667748,17.79320624069029,20,female,very_low,969.0,False,0,0,1,little,education,1,0
1.18124194857511,1.2580523434906,0.8991040861628168,3.522947201674181,4.102272225280776,2.908896244876694,20.0046561004009,52,male,high,266.0,False,5,4,0,rich,education,1,0
1.5522818777989,1.496976788721561,0.4320250918019443,2.737573008895643,3.546838611221118,8.940120993782013,67.02988202876979,71,female,low,309.0,True,5,3,0,little,business,0,0
1.904824042517724,0.6829894471388827,0.7497460716581807,2.32365697061034,4.147596780494759,2.163407976700556,22.35582188745182,66,female,low,266.0,False,5,2,0,little,radio/TV,1,0
0.6489076681701557,0.9782034785715568,1.129236057950419,1.187673838779004,0.1421250759400054,0.09561728751595547,3.342493168005991,42,male,high,767.0,True,5,2,0,,business,1,0
1.041300590977647,0.988131245714281,0.5702976428050242,3.147317974684007,1.941451795809353,2.589787780000071,10.02570281131473,71,male,high,678.0,True,3,3,0,little,furniture/equipment,0,0
0.8474440740697291,1.259839769391767,0.155579475370475,2.90226711124332,7.539118740037286,2.254741678165873,44.19062275920678,84,female,high,705.0,True,5,4,0,moderate,education,0,0
1.16939638098525,0.8426374072750997,1.429725053296872,2.612462675719177,56.07406257922395,0.3434577158982844,6.505963852985005,44,male,medium,350.0,True,0,0,0,moderate,domestic appliances,1,0
0.7621640037312275,1.732245410103458,0.846100090464206,1.164724591103922,1.182361056887313,0.2587249546689945,3.903713668066288,51,male,high,555.0,True,0,2,0,little,vacation/others,1,0
0.5466350586805083,1.011253983192038,0.8300050366363049,0.7844049111120891,2.251890956358294,1.456309937343002,20.35447079706654,81,female,high,414.0,True,5,3,0,rich,repairs,0,0
1.361324810104365,1.635511476299353,1.082774994723336,0.6204189420067943,0.0825834943071466,0.1980230935608946,4.084486039622798,68,male,high,911.0,False,1,1,0,rich,education,0,0
2.263067233134659,1.423707116654556,1.248113828389512,0.6165691000919082,0.2601977649234178,0.2627738797538601,7.369662396701775,54,male,high,417.0,False,5,2,0,quite rich,business,0,0
0.2654963286039208,1.383982653378858,0.336858827102866,2.508675223175948,2.662360045411053,2.086488586082484,17.4284545724627,56,male,high,810.0,False,4,3,0,little,radio/TV,0,0
0.8026789078724181,0.6516424180863528,1.692283480591488,0.9373940075458792,0.8482006585650673,1.746692333139514,7.214000916223544,59,male,high,887.0,True,5,3,0,little,repairs,1,0
1.703424947420457,1.233699701364205,0.5086027943876924,0.7626960486322139,1.640177263633499,1.541761296873382,26.36858016509131,19,female,very_low,275.0,True,5,3,0,moderate,radio/TV,0,0
1.332858129023393,1.812844794676042,0.3667158332263211,0.6227069849282235,3.222119426073075,6.12277863011129,101.3872793150484,20,female,medium,909.0,True,4,2,1,little,domestic appliances,0,0
0.8538578438193964,0.8068591708000292,1.650831080849093,0.5981482203786852,0.6191444999382019,1.913842152476844,5.747171383642289,48,male,high,480.0,True,3,4,0,,radio/TV,1,0
1.249563329759784,1.447350838468194,0.564444772167203,2.006716960174852,4.06313186124813,1.30581112705285,22.74105913191603,26,female,low,577.0,True,5,4,1,rich,business,1,0
2.626249018603849,0.7858226444812411,1.194554452367596,0.6694081743886826,2.639794806743607,5.1375445507513,53.39744574494962,50,male,very_low,715.0,True,5,3,0,moderate,radio/TV,1,0
1.864393847827462,1.327548603740442,1.003787277008364,0.353597544174193,0.7378770171661618,0.8602864887020055,15.49773654901591,44,male,high,309.0,True,4,3,0,,car,1,0
1.981917586906284,1.137314081949271,0.9011613443411157,0.2285942405155647,11.68457371761591,3.026080730712043,5.377777569509091,78,male,high,939.0,True,3,2,0,,furniture/equipment,0,0
1.566672308830683,0.607442869830907,0.5181762619365446,1.605799521751208,2.710221945640202,0.4154190536739333,9.159132251634771,56,male,high,132.0,True,3,3,0,quite rich,car,0,0
1.691939895509613,1.160254614793127,1.517873456117998,1.239662196405328,0.5320002345219105,1.909671503268195,4.956756026422016,36,male,medium,697.0,False,5,3,0,little,education,0,0
0.4279128185667467,1.522716280555625,0.5708267238772793,0.788978701205591,1.049943146164344,1.547624104192751,9.500565585569111,25,male,medium,927.0,True,3,3,1,moderate,education,0,0
2.321476418079158,1.194008715511421,0.7573222229415967,0.407806274999976,0.6178004326575262,0.7511088694033418,3.534624360549081,49,male,high,901.0,True,5,3,0,little,radio/TV,1,0
2.244103997830775,0.5822017595851143,1.493553049831712,0.3966343098410428,0.0008609896720177896,0.05459002524578579,0.8281191586865402,70,male,medium,684.0,True,0,0,0,moderate,repairs,0,0
1.084392048605515,0.7251047783440155,1.545434975272934,0.3847805468464454,0.8758019433402271,1.760835628444543,16.0381097379159,34,male,high,489.0,False,5,3,1,little,radio/TV,1,0
0.3725391835039353,0.8389647015218655,0.7761184258442696,0.3186548969652639,0.09055741883594792,0.6161102517899981,7.622414752966091,19,male,medium,266.0,True,5,2,0,moderate,vacation/others,1,0
0.9762043685462194,0.5667940151657803,0.8702713355750159,0.2978432151737784,0.4274283147773821,0.7153835406641965,1.19757716384807,20,male,high,197.0,True,0,2,0,little,car,1,0
0.5336757926513527,0.843137303242949,0.4625575754323463,0.121320576178476,0.02914553700232903,1.832676949758122,20.47516316640888,26,female,high,823.0,False,4,1,1,quite rich,education,1,0
0.5762218928745522,0.332140349226672,0.4997857158579702,3.327407633195115,1.704966715873044,4.510257155239375,28.29054021661326,56,female,high,482.0,False,3,2,0,little,furniture/equipment,1,0
0.7717326876442395,1.417470859982793,0.2532259552493741,2.645003441872858,3.834137202890253,2.269677683583696,24.66355032719601,39,male,medium,859.0,False,0,0,0,,furniture/equipment,0,0
0.3339873680790848,0.4848824630891724,1.259531882463392,1.474276160427938,0.4526579661302864,0.1114357181701594,10.08135023798071,21,male,high,737.0,True,5,3,1,rich,car,0,0
0.6990203596640372,0.8021344952014027,0.2408012897959708,1.46482906794457,4.121569896121865,1.128692061655121,21.03137521691384,18,female,high,871.0,True,5,3,1,little,repairs,0,0
4.232001666055718,0.6357695504009215,0.7752043984878588,1.152279058792013,2.897048182583244,1.397924980759511,16.65485126182608,69,female,high,320.0,False,5,3,0,quite rich,business,0,0
0.8392242137797858,0.9054959624367931,0.9643304963450048,0.5207303496421625,8.898831078176524,1.149965477694784,3.088346469263866,64,male,high,559.0,False,0,0,0,little,car,0,0
1.908013800983225,0.7267025744562379,0.8811827630664962,0.5008249913833783,0.7919643042658759,0.8677196657396746,11.82534185994384,62,male,medium,324.0,True,5,2,0,quite rich,furniture/equipment,1,0
1.178107080320745,0.7141258282620057,0.1320081136779471,5.669388496813862,7.410690838273752,3.697442149862951,35.36572930310026,83,female,high,163.0,True,5,2,0,rich,education,0,0
1.991768074128156,1.139850254731616,0.9451200115817867,1.846207714988432,3.606076573447208,2.786794597604862,25.81246881224597,57,female,high,332.0,False,5,2,0,rich,domestic appliances,1,0
3.610005327356045,0.8218811753545017,0.9826274184976102,1.660664020660468,0.2926146764014269,0.09617127050147542,6.077827327171704,40,male,very_low,768.0,True,3,3,0,moderate,vacation/others,0,0
0.745981108141911,0.6899413176975213,0.7153674094561382,1.068995643037374,2.149790153142656,0.5355750054317125,22.35939800671494,74,female,medium,694.0,True,3,3,0,little,car,1,0
0.9903231240800031,1.618371381756112,0.8080618450902356,1.006439594924744,1.45318486267847,0.4093482950509516,6.820576172316368,51,male,medium,673.0,False,1,3,0,little,vacation/others,1,0
0.6522874658663669,1.986460405980076,0.888783812837161,0.9027492842195967,0.8156009626940152,1.625698776643595,14.716308689668,49,male,medium,464.0,True,3,4,0,little,education,1,0
2.321851180379113,1.229480725544627,0.9227425321963821,0.7146993254003381,0.3803122873921588,0.3079555231592165,3.004605805626301,74,male,high,642.0,True,5,3,0,little,radio/TV,0,0
1.602670940406449,0.928041459452421,0.5806710431027217,3.217162975474748,0.6865939178913505,0.06759522750299234,4.067116479238439,20,male,high,919.0,True,0,0,1,little,radio/TV,1,0
1.311992559698721,0.740832819442783,0.8814202024244853,2.190024630095339,9.573098276684862,0.2231481565500791,1.026187955891818,53,male,medium,893.0,True,4,3,0,rich,education,0,0
1.367388169210136,0.8351042559713975,0.7223019642600617,1.818473616104794,1.311580516718035,3.22506931307948,20.15167845690008,77,female,low,927.0,True,5,3,0,,business,0,0
1.353568385828701,0.9320493592157716,0.1206839990934412,1.520297893550639,5.43078548527038,1.508087746907541,46.37247337314079,80,female,low,554.0,True,3,2,0,,radio/TV,1,0
1.401929754522657,1.591382585033031,0.496373630506325,1.120822539367593,3.15994043026359,4.861526775296118,63.81874949419716,50,male,medium,760.0,True,0,0,0,rich,education,1,0
2.201631312130788,0.3985300168243736,0.6742151423386277,0.6170568200593709,3.264903101206058,1.018094626078089,3.318932231489358,79,male,medium,750.0,True,0,0,0,little,car,1,0
1.083036962821087,0.7582847055972287,1.006298855657567,0.3798880394729175,2.372928990575289,2.038047253293782,23.75791210083616,60,female,high,157.0,False,5,4,0,little,repairs,1,0
0.9477640858734782,0.8741985500235656,0.5128285790005669,1.079202697946839,0.05898386287508971,0.2043749144900817,7.061175884647418,57,male,medium,750.0,False,1,3,0,moderate,car,1,0
1.64200792260047,1.212707122806059,0.8799865589765402,0.7030609649711299,0.005375982795251939,0.1119199187009603,6.330133520868205,73,male,medium,770.0,True,2,2,0,little,car,1,0
2.501255874745666,1.204998451410674,0.7262876146224277,0.6304625915091254,0.06225865244406423,0.2649306682684704,4.497049231388127,80,male,high,380.0,True,0,0,0,,furniture/equipment,0,0
1.076412666974527,0.3719570740709298,0.211199412089677,3.309669876963782,5.84296598239718,1.196082729247181,16.59734386264759,47,male,high,768.0,False,0,0,0,rich,education,1,0
1.794930162192035,0.8001455593214466,1.384718706516312,0.9477824550547439,0.9073833746332571,1.44198587843419,6.90754016844858,63,male,low,865.0,True,5,2,0,moderate,furniture/equipment,1,0
0.8805094655763742,0.8644253947474676,0.8768653862319047,0.7994092118956226,0.120458125219181,0.3164584591373081,44.856254990374,20,female,high,266.0,False,0,0,0,quite rich,car,1,0
0.5298003849082262,1.52200609434705,1.976456613342166,0.3987995608818899,4.508254588316427,0.6131883152927281,4.063602930492225,20,male,medium,197.0,False,4,3,0,rich,furniture/equipment,0,0
1.48546553617839,1.846491112886713,0.5112169390669655,4.091230577406573,6.87396873818038,4.590610893274876,39.69628519143865,60,female,medium,872.0,False,4,2,0,moderate,car,1,0
2.528316898398916,1.401259501934974,0.08744971660797199,3.251474386702202,3.866507942573674,1.614831193914606,27.85952658946126,62,female,medium,174.0,False,0,0,0,quite rich,domestic appliances,1,0
2.03275961632384,0.9589180082024663,0.8713489691033253,2.362803941591539,2.223346603610747,4.411502171989174,19.25431330711639,27,female,medium,266.0,False,5,3,0,moderate,car,0,0
0.0936627171688073,0.6115081338837919,1.155968728999901,0.7868566540592413,0.007085028461857238,0.08425092899137315,13.89263881886538,76,male,high,516.0,True,5,3,0,,furniture/equipment,1,0
0.3567020090104669,1.237206013856069,0.6366764718763075,0.5227833328570393,0.2968200080345003,0.5203775213046292,4.690139430101867,50,male,medium,574.0,True,3,3,0,moderate,business,1,0
0.8814389088860843,1.165391192519303,1.114859674279722,0.07608566406217283,2.872636429416028,2.931935168306245,1.770358871317039,80,male,high,387.0,True,3,2,0,rich,domestic appliances,0,0
1.653982716355813,2.647728219970514,1.297717549527539,1.587164515623815,0.7118359790480048,0.8891661345541102,2.552593700750046,53,male,high,895.0,True,5,4,0,moderate,car,1,0
1.053354039885868,0.9561531151605286,0.7067175523588493,1.031283893851477,1.127500053616139,1.287120888837271,11.89929461575641,78,male,low,266.0,True,3,2,0,rich,car,1,0
0.8776288731005654,1.798872294444073,0.6599445659843545,0.7212094768137871,0.6965546567423357,0.4727750251867668,2.023663848543817,56,male,high,367.0,False,5,3,0,moderate,furniture/equipment,1,0
0.4073856221335494,1.389197458486331,0.8612951471526324,0.4645009215103854,0.3016436249490986,0.5335810610881582,6.496597380589453,24,male,very_low,495.0,True,5,3,1,rich,furniture/equipment,0,0
0.4527880566820723,0.6859883812477535,0.8896584143236397,0.4589198284016576,0.2824261123939578,0.627518648210184,26.80902717238222,33,female,medium,247.0,True,5,3,0,quite rich,radio/TV,1,0
0.8175468983387928,0.9487636328209258,1.204023754410441,0.3661379410621885,1.898245457119598,2.615610472331287,17.02132056597475,85,male,high,270.0,False,3,3,0,rich,car,0,0
1.916857099157055,1.204372208178219,0.9113771902009907,0.297502156400044,4.450957450655368,1.77817659386582,6.815151274146892,59,male,high,506.0,True,0,0,0,moderate,repairs,0,0
0.5566906168367508,1.185430796613276,1.290109947412544,0.1214400772776574,4.61160353005807,2.296884548094336,2.710124082767662,56,male,high,300.0,False,5,3,0,quite rich,vacation/others,1,0
1.589230248654955,0.9274977201356227,1.671322661509642,0.6618139709781068,0.5731404109526789,1.536515769932099,9.776997515615129,29,male,high,456.0,True,5,3,1,,business,0,0
0.3767806936818744,0.7912733576911298,0.6177168088642382,0.5681227487093522,0.9500599615962169,0.8583793571916654,10.9009304215367,26,male,medium,452.0,False,0,0,1,moderate,repairs,1,0
1.417911350611446,1.761712586475395,0.9078219781880343,2.467313214953156,7.760674649750236,0.1938521002166883,5.25072264731193,21,male,very_low,305.0,True,3,2,0,quite rich,radio/TV,0,0
0.3797145236643525,1.035714255237222,0.3237686903788451,1.974488700956463,4.025030354542269,1.731474398663286,27.31782198334768,38,male,high,238.0,False,5,3,0,little,furniture/equipment,0,0
0.6212303913547703,0.8720057881495384,0.5899892082458131,1.64030471478646,3.37034692509257,4.232728266181998,55.43403871043289,53,male,medium,582.0,True,4,1,0,little,domestic appliances,0,0
0.7807469680881604,1.135975557270838,0.5074211310011966,1.383747938707743,1.302374580097173,2.283078754575335,17.61802972251165,59,male,medium,743.0,True,0,0,0,little,repairs,1,0
0.884575200183555,0.941197680905889,1.049196828886457,1.086996470190579,2.734996293005064,0.3514339952410541,6.308559020992314,62,male,medium,788.0,True,1,2,0,,repairs,1,0
0.5277974560374936,0.8039474412767365,0.494142719030285,0.8534826996478723,11.64521369339169,1.470328561062033,7.200033914141281,24,male,medium,168.0,False,5,2,0,little,radio/TV,1,0
0.9882391420024366,0.8050936868831661,0.583480629016761,0.8303422323030133,0.004234118176357556,0.1415703760689303,11.16708650443977,27,male,high,836.0,False,2,3,1,moderate,car,1,0
0.7632357779614019,0.7287056926135073,0.5114638415560511,0.562648162091213,0.3176247244721699,0.6054759509214883,3.535497301660804,66,male,very_low,612.0,True,5,3,0,quite rich,domestic appliances,0,0
1.03671142084863,0.5877376096293483,0.5561208801456597,0.5561943211316559,2.270926050165446,1.266875805387288,6.874917947706719,38,male,medium,266.0,False,2,1,0,,education,1,0
1.865192187669251,0.7285162846643153,0.4652412350702161,0.3159244643433607,1.83924328669391,1.305339387259632,27.95682262140108,73,female,high,896.0,True,1,1,0,moderate,furniture/equipment,1,0
0.110777322258879,1.173197889476704,0.507776967286687,0.2718106161078506,0.0288495667379104,0.7956822985922246,13.21436716728926,58,male,high,731.0,True,4,0,0,moderate,domestic appliances,0,1
1.053159003763569,0.4887976868068602,0.2971731348128319,4.720141848907526,4.047570640704546,2.770156247047079,12.42059307032804,53,male,high,550.0,True,5,4,0,,business,1,0
1.098323986061334,1.011657160714916,1.185489419611466,1.067002183133953,0.2563373863376164,0.1488053405946851,5.490322886891043,85,male,medium,524.0,True,5,5,0,quite rich,furniture/equipment,0,0
2.053280726799228,1.048376421413747,0.6465686525873682,0.9842144381690769,1.068701827295107,0.4492658280149175,5.538337522821999,55,male,low,,True,1,2,0,rich,vacation/others,1,0
1.385217962190916,0.5770329669377852,1.438874251870491,0.3530166940412662,0.5264931165493567,0.5263617950401903,7.754334323223619,29,male,low,487.0,True,0,0,1,moderate,domestic appliances,0,0
0.8260736866303157,1.072482330114251,0.1882029323132383,2.093077154546974,4.492054388082503,1.305984690371261,22.12946924923536,61,female,medium,411.0,False,2,3,0,,car,1,0
0.1672065153248095,1.183132122721775,0.3739535429328951,1.536820788386261,3.412115717065953,3.43452771308569,41.71174962663982,77,female,high,573.0,True,1,2,0,quite rich,education,0,0
0.6928238532255837,0.9845108910810487,1.103552505609491,1.345429087106137,3.512357678285634,1.892994214232212,12.16384759515782,18,male,high,669.0,True,5,4,1,little,radio/TV,0,0
0.5249381311357484,1.405852258592091,1.499167942585298,0.9872519373932397,6.230238203901854,0.313468503712814,1.605477693185963,27,male,high,266.0,True,0,0,0,rich,furniture/equipment,0,0
1.595794714921796,1.511630615459976,0.7041700947851255,0.9410146899921628,4.443687737577497,0.6329036422953456,3.047110763910061,75,male,medium,938.0,True,2,4,0,little,radio/TV,1,0
0.4205305103208312,0.5196771897037411,0.4407059543914497,5.346322803851178,4.775609971925267,2.098823014600512,11.93717634076021,32,male,medium,320.0,True,4,3,0,rich,furniture/equipment,0,0
0.5794912988655058,0.6660083405788968,1.956785586805582,0.9004963002756905,0.280169001753824,0.9209603449745423,1.683478178416608,39,male,high,223.0,True,2,3,0,moderate,domestic appliances,1,0
0.7437312572623128,0.5566402587001865,0.627538919999237,0.4625056188218372,5.371927517687436,1.719168408079247,8.00062144661858,82,male,high,354.0,False,5,3,0,little,education,1,0
1.041313403599749,1.890079210759807,0.6120192706388845,1.855250174232194,1.561020925659975,2.254348788408116,11.9744101813109,75,male,high,614.0,True,1,3,0,little,car,1,0
0.9219438322940452,1.025052057057878,1.091960284055405,1.527241574644853,7.099010408854371,0.3054501282446848,5.569136828761918,25,male,high,929.0,True,3,4,1,little,education,0,0
0.3954554832430991,0.4623003652628437,0.6371550222592071,1.200664318186604,0.1869108641164057,0.2211692815293308,8.26661150808309,29,male,high,559.0,False,3,4,1,little,furniture/equipment,1,0
1.225291191195634,1.189175812523189,1.375791160849372,0.9174941445406289,0.35427538740716,0.5282435275316246,2.298298180705929,29,male,medium,186.0,False,0,0,0,,repairs,1,0
0.9540716753681389,1.247570645621122,2.120679362498191,0.6028076635234473,0.8777010226141977,0.8249243900210408,6.432857016371863,79,male,medium,266.0,False,0,0,0,little,radio/TV,1,0
1.651628131731476,1.945728592139777,0.5568954631742986,0.04832210943389694,1.997188745613366,5.418312863550291,1.071476717986607,25,male,medium,357.0,True,3,1,0,,vacation/others,0,0
0.7852893860568125,0.4696486790643462,0.3386035092944042,6.234077764041953,8.807694731444412,3.590672123360439,19.65267120546037,24,female,medium,641.0,True,4,3,1,little,car,0,0
0.9018729876376057,1.056552221669705,0.454969238356161,2.890535438659366,3.379155845190312,1.736148293703949,13.927012579924,55,male,medium,480.0,True,5,2,0,little,business,0,0
1.021181764264284,1.601505120535483,1.22841923273205,1.901707994907956,1.213741835127123,1.442855876821198,4.669487222780192,40,male,high,879.0,False,5,3,0,little,vacation/others,1,0
1.03167336354947,0.8883004758666115,0.6733659129129911,1.319832546820216,0.3136783167973334,0.1919868380256999,4.202737504558475,21,male,high,346.0,True,5,4,0,little,radio/TV,0,0
0.8845069001669883,1.026262018029939,1.388980012163211,0.9297406260875807,0.7719230727503865,2.846795325888793,16.02787827117776,63,male,high,844.0,True,4,3,0,moderate,vacation/others,1,0
2.227175689552847,1.554560973301051,0.5893466279961217,0.7765036667693959,0.4117189098692454,0.3427436382239514,1.016483104771658,76,male,high,863.0,True,2,5,0,,repairs,1,0
1.287606930801285,1.755329630614833,0.3434838639287111,0.6589183343664812,0.8901932167509955,1.146117656116521,9.92870678175194,75,male,medium,807.0,True,5,3,0,,furniture/equipment,0,0
2.154619563207989,0.7602067764113473,2.918613196734123,0.3814173598866266,1.175731167395804,1.795400854888356,6.592523445053102,76,male,low,958.0,True,5,2,0,quite rich,education,1,0
1.21968108528294,1.164077573407594,0.3742728440080861,2.173123002547733,9.007220685531218,3.127139328517034,57.82517295684923,45,male,high,428.0,True,5,3,0,little,car,0,0
0.6387118029651634,1.430298032751315,1.465800237391242,0.5455423214201918,1.924302654540415,0.4322633600623719,3.596414798167333,54,male,medium,737.0,False,5,3,0,little,business,1,0
0.4680977479099352,0.9788089840504597,0.5185276712822513,0.4730292800312934,1.531682084250993,1.227963063922116,4.927381372369092,25,male,high,606.0,True,5,5,1,moderate,furniture/equipment,1,0
1.23112792189976,1.057914626082618,1.004010137137276,0.02869839739947502,0.9575381836132052,4.057179306949771,1.518707836971771,34,male,very_low,411.0,False,4,2,1,rich,car,0,0
1.318360872646325,1.324098778337208,0.8427184239562633,1.386124112062831,1.149891416090682,0.2312687921644679,8.145391111070737,79,male,high,676.0,True,4,4,0,little,education,1,0
1.268975785502571,0.7458966034611703,1.425251453539013,1.19401901168199,0.03573044230778576,0.04688246933113378,9.559519303794591,58,male,medium,846.0,True,5,4,0,,education,1,0
1.551055272619168,1.218977390301988,0.5161030239328298,0.9759537830362428,0.2752615955643351,0.2931931160494529,3.929343221443169,84,male,medium,870.0,True,5,4,0,moderate,radio/TV,0,0
1.17970901197162,2.181977821963951,1.325509128242086,0.7064938784128463,0.7218685905387932,2.021291770087731,6.145114862680979,20,male,high,875.0,True,4,3,1,little,education,0,0
0.2959068187483954,1.146800363176025,2.050918108202671,0.1244874956671658,0.1200574367769725,1.946983624430416,9.752186644389846,40,male,medium,765.0,True,1,1,0,moderate,radio/TV,0,0
0.2007205224646398,1.011113467801106,0.916591903571548,3.063573883830632,0.02493474151511867,0.01573463393912213,4.560278517443767,55,male,high,690.0,True,5,3,0,little,radio/TV,1,0
1.023085348264147,1.119261346268277,0.4227898682656098,2.116063529583317,0.001706441750217849,0.03837679394305137,8.948087860931832,66,male,medium,875.0,False,3,3,0,,domestic appliances,1,0
1.173729480498323,1.225227262553948,0.5468089935108978,1.783281026800042,1.744769134149002,0.7567470526766672,4.045435970120255,67,male,high,897.0,True,0,0,0,rich,radio/TV,1,0
1.72067290386308,1.113140984460927,1.004540951033934,1.545509878119462,1.258594312403819,2.20975275878579,9.028563475444347,29,male,low,609.0,True,5,3,1,moderate,business,0,0
2.092979223248606,0.9278537945439115,1.399948938815687,0.4429234535893313,0.3617917270864478,1.245505770954449,3.588600589943072,61,male,medium,266.0,True,0,0,0,little,education,1,0
0.5988367097207272,1.1945413415733,0.8141775041587129,0.02111381120737665,0.06278877750352323,3.432959977005187,4.353469764715744,46,male,high,878.0,True,5,3,0,moderate,furniture/equipment,1,0
0.9652637397433403,0.5793030891608918,0.921964496787085,0.9276712577050966,5.152750763812308,0.6760949404635235,16.17934276227917,75,male,high,197.0,False,5,3,0,little,car,0,0
0.4474378235076938,1.705604488619021,0.8369155130353533,0.6884277898153122,0.03871821133715772,0.2342318688759993,12.51594899582756,69,male,high,626.0,False,3,3,0,little,car,1,0
0.6715151491465903,1.305012070354059,0.5265784192729132,0.1828820159799981,1.348788924510221,2.111710107635298,1.555871502270917,65,male,high,464.0,False,5,5,0,quite rich,repairs,1,0
1.955669165025235,0.9433716846909682,0.3559746922650845,2.819125767932307,2.536289484147384,2.306187486219777,15.62565515564012,19,male,high,923.0,True,5,4,1,quite rich,radio/TV,1,0
1.21378062990645,3.331410152361455,0.8558547573843076,1.794722878910637,0.8240184901394042,0.1300582796557715,4.221167673191275,61,male,medium,346.0,True,3,3,0,moderate,furniture/equipment,0,0
0.7021435994685494,1.393241483949733,1.827927391841327,1.183761222029178,0.08233277617516566,0.04740156646075205,6.465172130674214,79,male,medium,873.0,True,3,2,0,little,domestic appliances,1,0
1.240148998417145,1.225496301538653,0.6747440377825664,1.0489379670929,0.7267652588208756,0.3524144190429234,6.339661616794549,28,male,medium,952.0,False,5,2,1,rich,domestic appliances,1,0
1.414141617974878,0.5994272467756595,0.942641992056333,0.6484332556128316,1.362566389439914,0.5935355190182376,11.2275185152777,63,male,high,555.0,False,5,4,0,,radio/TV,0,0
1.033853411940028,1.652976210469139,0.8573678188216979,0.6046476168211743,0.5345634630764782,1.1444574384146,7.104897137608961,30,male,high,471.0,True,5,3,1,little,education,1,0
0.6166901205742329,1.143377425594995,0.195602166018055,4.247646376433213,8.729708371665184,0.8443492296428515,21.17341597088321,69,female,high,661.0,False,4,3,0,,domestic appliances,0,0
1.495255270104065,0.4516601477362899,0.8819771552565187,2.889769411142293,2.512854398550756,3.39270197512933,19.66906057469753,37,male,high,266.0,False,0,0,0,,furniture/equipment,0,0
1.457507943237949,0.8787667358685565,1.174445396166617,2.123140498426458,2.526386281067698,1.161426685158747,4.813931956568553,59,male,high,266.0,True,5,3,0,little,domestic appliances,1,0
3.134066981226184,1.596112822874133,0.7361949841814617,0.8882057569949562,1.945227245993546,0.4874432872797212,2.081950819626134,39,male,medium,889.0,True,5,3,0,moderate,car,0,0
1.018536965117184,1.060385910540171,1.702892842914259,0.3334245643809425,0.5971865832911569,1.023400689423363,7.685054880669507,46,male,high,676.0,True,4,1,0,,education,1,0
0.6031192931066685,0.9789693035880099,0.3799008375379852,0.3050001815376656,2.36574973741312,2.782716042405793,14.51464107899725,48,male,medium,582.0,False,3,3,0,,repairs,0,0
0.5876525899279065,0.6140704987287131,0.910534118236596,0.2590453650488049,0.04510281876668455,0.5783422252955928,14.16208633902315,48,male,high,940.0,False,0,0,0,moderate,radio/TV,1,0
1.690051301330465,1.788115404526538,0.9253716782442175,0.1026937610009628,2.376992145885621,3.059448918499578,3.797773411550267,18,male,high,684.0,True,1,3,1,little,business,1,0
1.307327752089427,1.37963508191901,0.4452890021496688,0.04743250747702615,0.0230700550501621,2.95751698310209,9.671034466552559,66,male,high,665.0,True,1,3,0,little,radio/TV,1,0
0.477318931240675,0.9959384710842822,0.354103170311819,3.429048371138682,10.56778366316807,1.427219618660916,30.52523498621804,79,female,high,910.0,False,5,4,0,rich,car,1,0
0.5702781768441504,2.204190228076904,1.899120849990942,1.46634414758345,1.324464566524798,2.634170806254575,8.957372966509853,18,male,high,163.0,False,5,3,0,little,vacation/others,0,0
1.20107130687343,0.3321015189083575,1.073956450069062,1.064449059332698,0.1124872100162235,0.1304599756487622,9.390543885707281,54,male,medium,864.0,True,5,1,0,moderate,vacation/others,0,0
0.5612745080585682,0.4565217231079653,0.292424064151581,0.6112962415045843,0.07271488425598932,0.6380006231394943,4.561331285886995,34,male,high,586.0,True,5,4,1,moderate,car,0,0
1.182011754016696,0.459474691627581,1.440017030386652,3.734044542024644,0.3819196078575937,0.01266578264057681,2.734778586183473,18,male,high,339.0,True,2,3,0,moderate,education,0,0
0.919336594516583,0.8370288648878039,1.487488546873651,1.552125608516233,0.5414553008410915,1.665140380121628,3.156113684811784,19,male,low,888.0,True,3,3,1,moderate,vacation/others,1,0
0.2905490575742691,1.27331285497762,1.518754975320591,0.4383476759754787,1.687596954711077,1.410591616630293,9.11912525635719,42,male,high,300.0,True,0,3,0,,education,0,0
0.6328542824983333,0.9123412111287035,1.168093618293054,0.3928435320091366,0.5916638116123928,1.650004688288212,15.19719916211306,78,male,medium,309.0,False,5,3,0,quite rich,vacation/others,1,0
1.015021862434011,1.046149523898766,1.139960310143066,1.029580844038751,0.4500672434008652,1.304523128560383,2.966266683085283,43,male,high,823.0,False,4,3,0,quite rich,car,1,0
1.019394304245151,1.505314874639827,0.517858225437862,0.1830004842938687,0.5703198574559386,1.91819057068188,3.523132471873271,31,male,high,567.0,False,4,3,1,little,furniture/equipment,0,0
0.451302584654073,0.5277122977001704,0.8416998445310617,2.175568395614286,1.95662009405037,1.655473984201592,13.10619260836389,40,male,medium,275.0,True,3,4,0,moderate,radio/TV,1,0
0.6949810718463062,0.9000983145564267,0.8961275523755351,1.283548444605632,2.175897897582706,1.814800007717836,11.34523890373451,77,male,medium,743.0,True,5,3,0,moderate,vacation/others,0,0
1.584518715981263,1.769559388238968,0.5205921740268399,0.348204197934402,1.288005467188309,0.6752598428531302,14.00436480091143,60,male,medium,759.0,True,4,3,0,little,furniture/equipment,1,0
0.4782699517937561,0.8480003016580521,0.8913338689285195,0.1669320140806885,1.831113428036904,2.121791666257605,4.715571702194594,22,male,medium,806.0,True,5,3,1,little,business,0,0
0.8952916500310883,0.738272841290592,0.7947723502883325,0.1530228141475998,2.305279677214023,2.630666143132361,6.54078988460307,37,male,high,661.0,True,1,2,0,moderate,education,0,0
1.020383573726052,1.511622415315957,0.6005866828247646,3.819108702382109,1.572612437310503,0.09258289271492057,12.09037290057161,83,male,high,510.0,True,0,1,0,quite rich,car,1,0
0.5864108367396884,1.847824502283735,1.131189695199236,1.296134066464646,0.9516997831138669,1.134496226787481,3.516870253058967,44,male,medium,233.0,True,3,3,0,rich,radio/TV,1,0
1.096110740524425,0.6166532850680945,0.476946780466969,0.4190896029595634,0.4488169057138426,1.172313763915144,12.21978201137197,69,male,medium,525.0,False,3,2,0,moderate,domestic appliances,1,0
0.8726030214891314,1.32624712783044,0.2807485008180317,0.1872014573824983,0.4799280055120645,2.963086115653133,6.443194516783691,74,male,low,508.0,False,0,0,0,moderate,furniture/equipment,1,0
0.5359965883800514,1.29302919054226,1.009073754374775,2.645618567147709,0.74947217128498,0.06479961595840075,6.270057490350485,50,male,medium,346.0,False,5,4,0,moderate,vacation/others,1,0
0.7759909110299333,0.7775382913462122,0.4509375777098648,2.401226951979343,1.708804275053283,0.5251180142257568,5.738665592731432,52,male,medium,228.0,False,5,4,0,,radio/TV,0,0
2.215713442994529,0.3643454494014587,0.9430787332680091,1.883269678417472,1.763517134675777,0.1650142085645193,5.573419088529128,72,male,high,471.0,True,0,0,0,quite rich,car,1,0
1.011470758991723,1.212278760537088,1.005297024661705,0.950556117127308,3.054065189082004,2.827421169245197,28.25491710685974,37,male,high,720.0,True,0,0,0,little,furniture/equipment,0,0
1.455560074209971,1.396510602567692,0.4952854223437683,0.6050712562129056,1.902326729558025,1.269531555811397,13.41204682198655,42,male,medium,728.0,False,5,3,0,,radio/TV,0,0
0.4857689225324185,1.136617970826969,0.5606420318546511,0.2549380097155932,1.012234921090156,1.612796391888263,2.479969502529288,46,male,high,768.0,True,5,3,0,moderate,furniture/equipment,0,0
1.531611833202815,0.5174794464386967,0.8552662800479718,0.003898692071240085,0.06873684988902515,6.448841192117968,3.061877429818104,61,male,high,946.0,True,5,1,0,rich,furniture/equipment,1,0
0.4569712867784441,1.928150562641203,0.7050697949240713,1.899928488229984,0.4410823115249762,0.1332479268747699,7.068373130181689,75,male,medium,454.0,True,5,3,0,little,repairs,0,0
0.6865757539553516,0.8015510305871016,0.5066142898030968,1.51315233751089,2.308019196227956,3.865458969015585,32.01621912122097,28,female,medium,822.0,False,2,3,1,,education,1,0
0.5348232814451434,0.6135537756512184,1.493505405946131,2.511132940248977,0.7694240288446592,0.9653459021914168,1.177340704223746,36,male,low,,True,5,3,0,quite rich,domestic appliances,1,0
1.439516352126284,0.6006821360630619,0.6801141701326697,1.767866626048178,0.7276173864209965,0.1678678722968588,3.743333676871724,27,male,medium,531.0,True,5,3,1,little,car,0,0
1.436203806648446,0.6194945830063736,1.075730880456417,0.1411067244006028,0.02630796521244022,0.5997569140372485,3.93884696301366,73,male,high,715.0,True,5,3,0,moderate,repairs,1,0
0.6230651774852903,0.8868441051402493,0.4655078548364287,0.1336837615441331,0.5503180191366168,3.491654581297633,23.07303024926573,58,female,high,266.0,True,3,1,0,rich,car,1,0
0.6932466894369826,1.392216706843144,0.5250238905572684,3.364484481567275,3.200276644528955,3.763859855326163,28.96065093995281,46,male,high,842.0,False,0,0,0,moderate,car,1,0
0.5692573606520781,0.8425222688463436,1.807065767613674,2.567059242975125,1.369732458168348,0.04415454868269825,7.358223734665787,32,male,high,202.0,True,2,2,0,quite rich,furniture/equipment,0,0
0.9469247957790191,0.7966534331929385,0.7071910126487071,1.356067152632387,0.2538128636588934,0.1917700435323461,12.62358631158189,69,male,high,695.0,True,5,2,0,little,radio/TV,1,0
1.51150941782853,0.6492266688797944,0.632704594544718,1.173724275733353,1.13438842273439,1.078404035986035,5.874543097858369,82,male,high,658.0,True,3,2,0,,radio/TV,0,0
0.8612026335094087,0.8666690562808699,0.6785605261739804,0.0600476309497213,2.383063573135023,4.999803995245583,4.210810546351621,56,male,very_low,657.0,True,2,4,0,,radio/TV,1,0
1.600994334358014,1.484671308558914,0.828646839869494,0.5465256147748689,0.9075333661171509,1.061651712158684,13.04736999823118,56,male,high,328.0,True,3,3,0,moderate,business,0,0
0.5549847149923544,1.084088741226217,1.17528809511103,0.1708944034119118,0.3147976853358208,0.8637667066760768,1.984251490478089,41,male,medium,261.0,False,5,4,0,little,radio/TV,1,0
1.029571157451028,1.155127992576858,0.6375601064481144,3.247477557670169,3.426375934186781,2.469448989900001,14.13300820391507,28,male,medium,915.0,True,1,2,1,quite rich,car,1,0
1.301508939681673,0.5394627870242352,0.4952153712039681,2.062434997381824,5.869486442256489,3.029951139735334,38.40913352100131,71,female,high,728.0,True,0,0,0,,radio/TV,1,0
0.7145557621134551,1.321127756000459,0.7578070699442748,0.4718566655662526,3.022562538640843,1.331416634974449,9.299013633078898,71,male,very_low,191.0,True,2,1,0,rich,radio/TV,1,0
1.710119181775813,1.569520690225952,1.200216546114329,0.4344361838049476,0.01233570337134925,0.1775478095010486,9.038039182697897,29,male,medium,343.0,False,5,3,0,rich,furniture/equipment,1,0
1.160604968037108,1.255910272777864,0.6790644902226214,1.145419215078272,16.40597887855435,1.086181676980311,8.995712553270447,84,male,medium,,True,5,3,0,rich,radio/TV,1,0
1.408238389260624,0.960556574154613,2.449739138776631,0.6513712035578992,0.04065931408936648,0.05067849929608588,2.430322356149663,22,male,very_low,357.0,True,4,2,0,little,furniture/equipment,1,0
2.274272873166776,1.364504103316469,0.5787006592657657,0.3748208850518996,11.90733413679773,2.674217089598976,4.571385848341735,19,male,medium,266.0,True,2,2,0,little,car,1,0
0.5909840161640194,0.5873006091998855,1.285681592699461,9.227410984073323,3.210017529338802,6.335221498311687,11.24274655007709,79,male,very_low,,False,5,3,0,moderate,furniture/equipment,0,0
0.7005601521093882,0.5846821483219303,0.9095722612105905,7.652719628757239,0.3619082088916036,0.007032646798765441,11.09853053817237,72,male,high,405.0,True,3,3,0,moderate,radio/TV,0,0
1.066459695938663,1.579772238305483,0.251360483507778,4.628312017485629,6.249867134632691,3.859231212871326,35.86734954227572,33,female,medium,266.0,,0,0,0,little,radio/TV,1,0
0.8720523925638539,0.4465241166832827,0.5535247709058918,2.639972859128708,1.462660805611556,0.9692077105959294,4.991187167718222,51,male,medium,387.0,True,5,3,0,rich,radio/TV,0,0
1.614263979311377,1.2614563006959,0.4068266540606436,0.798745674189482,1.415604671001284,0.915352869353343,13.73417832320705,68,male,high,191.0,True,5,4,0,moderate,repairs,1,0
0.9085367395292865,0.882196351021761,1.015365835905733,0.3656504918195912,0.09985595074015537,0.3280899711021127,1.785137100724752,30,male,low,560.0,True,1,2,1,little,business,1,0
1.083814056683151,0.8268331820885422,0.2756539783870888,4.331745630750603,3.625586239992353,4.478541055774902,32.69629037359632,25,female,high,649.0,False,2,3,1,little,repairs,1,0
0.287042414655938,0.6407349943724046,1.168824203890685,1.303159381885757,0.9164734577333346,1.688954705115665,4.795767293094016,77,male,high,275.0,True,1,1,0,moderate,repairs,1,0
0.6982296048623398,0.8144082273769108,0.8755863573096887,1.15822866552847,0.03101126053426478,0.09275246602455958,10.1678378718387,39,male,medium,471.0,True,0,0,0,little,car,1,0
1.962458978761851,0.487267015902322,0.6600254147726263,0.6206587101790415,0.9976852969907971,2.086520040840103,13.35901617802427,56,male,high,815.0,True,3,3,0,little,car,1,0
1.448423780721012,0.9475830383548709,0.7715866565967903,0.5038931080218291,0.1894766617622164,0.4431657801551163,4.562026536669387,45,male,very_low,896.0,True,2,1,0,quite rich,radio/TV,1,0
0.9115294920329763,0.6023265580547568,0.5679667933462793,2.712237213199545,1.243746984222493,0.1312660318111636,5.995517664671199,18,male,medium,665.0,True,2,2,1,moderate,radio/TV,1,0
1.114711056760494,1.56124484158767,0.7878174097280726,1.480167068510692,2.142746602168576,0.2681435369397254,4.719753030127865,37,male,high,516.0,False,4,3,0,quite rich,vacation/others,1,0
1.521495007499668,0.9858748485587401,0.3836786700262751,1.076572311317939,1.459158957972973,2.134110322029401,28.82138844397515,48,male,medium,552.0,True,0,0,0,moderate,business,1,0
0.6304510832435443,1.458850572688796,0.305103063112679,1.035529297144508,1.014209247966889,0.6432129735516358,3.269823365144069,40,male,low,784.0,False,5,3,0,,radio/TV,1,0
1.55176396233866,1.092451194206264,0.5721277684388807,0.6694298121818485,1.321828153267506,0.6885852878508583,10.25423762837204,35,male,high,336.0,True,3,1,0,rich,radio/TV,1,0
1.309723651362395,1.930477469877827,0.9393902266256179,0.547417203103624,0.171749946888678,0.2919713085381119,2.2101043450388,63,male,high,157.0,True,0,0,0,moderate,education,0,0
2.987834498650794,1.385887501881958,0.9064579248330964,0.3991017463485508,8.757078687912527,1.687043273959602,4.315781587366664,39,male,medium,180.0,False,5,3,0,little,radio/TV,1,0
2.714056823405538,0.7239989628946324,0.7458251029952396,1.512837146179254,0.5058494777859326,0.1774053077702595,7.403090129927912,80,male,high,771.0,True,2,4,0,,car,1,0
1.9197887792782,0.6406258925426368,0.6796977072384127,1.138523398986742,4.359869886216017,3.341752402667574,41.1581527228422,36,male,high,763.0,True,3,2,0,little,radio/TV,0,0
0.8707414641028105,0.8832820484153018,1.627629791526471,0.5712202881932414,0.8530141628901513,2.324710386102507,8.731559967146739,58,male,high,874.0,True,0,3,0,moderate,business,1,0
0.6508895028425153,1.278784030912901,0.6161528054365683,0.1770701564407492,1.986864622292756,2.722146367542415,4.986207709025204,71,male,low,880.0,True,4,3,0,little,repairs,0,0
1.512210646256882,0.4244711266725471,1.680263754387195,0.9541093537627282,1.333023898608461,1.084468473240156,6.6604221829683,44,male,very_low,498.0,False,0,0,0,moderate,domestic appliances,1,0
2.380212523496545,1.082004728112152,1.50299500273714,0.8538684530511117,2.381756883778256,2.23249947997365,17.16199314211813,50,male,very_low,266.0,False,3,3,0,,domestic appliances,1,0
2.072062728689244,1.280520416895558,1.753845417064074,1.921400831093834,0.9308843333463162,2.178992113477042,6.056421800161803,35,male,high,554.0,True,5,2,0,quite rich,car,0,0
0.8207429570402309,0.9940095616564903,0.3579011002058355,1.673264184484303,1.230782630032602,0.4331277837460294,5.314689718242515,50,male,low,647.0,False,5,3,0,moderate,radio/TV,0,0
1.173858333282289,1.138879758993649,1.120219481239804,1.254503494024987,2.412533131590806,2.919469775013352,16.06397053087464,73,male,medium,878.0,True,3,1,0,moderate,radio/TV,1,0
1.525986904671334,0.8609432804674162,0.5106203673683107,1.031411245343219,2.674503736771305,2.411480609283645,36.98949237166364,34,female,medium,783.0,True,5,3,1,,furniture/equipment,0,0
1.777273647709726,1.248364897763949,2.111685851272594,0.6596595591853962,0.2050055936254827,0.0774808430406245,0.2196010462178012,25,male,high,441.0,True,5,4,1,quite rich,furniture/equipment,0,0
0.3296078380466063,1.579541066717877,0.7646545500016032,0.04529967970710411,0.1513027898400923,3.070002835050843,11.15151732643945,37,male,high,266.0,True,1,3,0,little,repairs,1,0
1.674166918970356,1.672726479583948,0.12651022911607,4.540526861389012,13.50536651687612,3.184291489567264,59.01126108024511,67,female,high,317.0,False,1,3,0,moderate,business,1,0
0.8337775097377043,1.04424785012993,0.5974027920186,2.428378631241357,1.55906654059342,3.279508765982561,11.89081176615569,53,male,high,279.0,False,5,3,0,moderate,vacation/others,1,0
1.221593438328642,1.073437420425258,0.6889687533318861,2.042494543885828,1.76498625098421,3.888261043129574,23.89455517063669,56,female,medium,266.0,False,2,3,0,rich,repairs,1,0
1.957784557570862,1.530129096212129,0.515879705206644,2.013271734357218,1.493761814950458,3.360470384512591,27.44677947326733,18,female,medium,487.0,False,2,3,1,moderate,furniture/equipment,1,0
1.412413237914073,2.081827802470845,0.9505655592745781,1.759809700132028,3.269821470141592,4.374118251713202,50.61922871929717,47,male,medium,952.0,False,5,4,0,little,furniture/equipment,1,0
4.990814967779575,1.120586630385461,2.655248673438652,0.6452061327244397,1.78388420556228,3.929307039242096,21.82067723335581,73,female,high,339.0,True,4,3,0,,radio/TV,0,0
0.6898779643565119,1.112448160148316,1.567970784491667,0.4122256309405547,0.3625793660737063,1.772294224170239,7.268209173170304,35,male,high,350.0,False,0,0,0,moderate,car,1,0
1.428114246890469,0.7011714219585785,1.20520677885066,0.3736477104988845,0.6512351176665031,3.950801989527644,20.99945239194856,66,female,high,775.0,True,4,2,0,moderate,vacation/others,1,0
0.3709244752878517,1.531245197532374,0.7725124109489367,0.3178541027574416,0.4007756626845623,0.8665691425280303,2.942353707410613,66,male,high,759.0,True,1,3,0,moderate,radio/TV,1,0
0.353490112189114,1.342439208146246,1.026386512388733,1.59841282590077,0.1595603538215001,0.06055218432665637,1.783203916079004,45,male,medium,324.0,False,5,4,0,little,repairs,0,0
1.671358673031787,0.5517163201389577,0.6795978070869673,1.314127792902976,1.359920374376092,0.340243874613772,7.489216733365955,26,male,medium,332.0,True,5,3,0,rich,radio/TV,1,0
0.6481714031984639,0.8680601710656433,0.5949733801980895,0.7704066611509242,2.371996033312652,0.5240779184165237,5.246148510959642,22,male,low,536.0,True,0,2,1,little,radio/TV,1,0
0.3741400567012433,1.026237324359397,1.654988255501032,0.5868990246127108,1.568190649292461,0.3412274704055622,4.250932511449222,65,male,very_low,411.0,True,0,0,0,quite rich,furniture/equipment,1,0
3.450425751601111,0.8076663188425501,1.131871067457749,0.09151448227393853,1.544274934655947,2.536422197085499,7.819707105987242,50,male,high,793.0,False,4,3,0,rich,radio/TV,0,0
0.8212216531930693,0.74868909864003,1.160608596702068,4.158718711652298,0.8232096019317158,1.324297982450321,2.215598980406072,77,male,high,328.0,False,3,3,0,little,furniture/equipment,1,0
2.552825533675677,1.488951221867589,1.050267474006939,0.9529559940567264,0.006410868856524626,0.06699812367266723,13.7128318186252,76,male,high,132.0,True,5,3,0,rich,domestic appliances,1,0
0.8919183046554572,1.222746276187952,0.4826160436160171,0.6773459629970051,0.8762578500790079,0.8822085804864365,15.26712583826384,24,male,high,339.0,True,5,3,0,moderate,education,1,0
0.6712839311783054,1.960122025326091,0.6343396001517135,0.6362802906089887,0.005057333268616133,0.1656013754523079,6.385817402618129,28,male,high,485.0,True,5,4,1,moderate,vacation/others,1,0
1.249363804320692,0.9166338653094755,0.462840458162055,3.406075339360382,3.208312599779175,6.150015006964327,30.56585093175905,39,male,medium,861.0,False,5,3,0,,repairs,1,0
2.111644400782217,0.9483463683793215,1.907966442589966,1.91528634571439,2.752517908439842,2.546503921497544,9.267520049053186,55,male,medium,924.0,False,5,3,0,little,vacation/others,1,0
0.6792188317821723,0.8832851845172253,0.2010169313200286,1.399346808469034,3.983900888886695,1.025078746689462,21.28185578000004,25,female,high,644.0,False,0,0,1,,furniture/equipment,1,0
0.1387107462264044,0.8980274409614613,1.643160946790925,1.296554180899586,0.9467622298269615,0.8493578475479145,2.283547774424465,80,male,low,399.0,True,2,2,0,quite rich,radio/TV,0,0
0.4689815525350027,1.011046536968665,0.9879993469881087,1.263246387319918,0.3496122007224975,0.114027471130847,1.31460615474778,72,male,high,624.0,True,1,1,0,quite rich,furniture/equipment,1,0
2.849367034462458,0.7377197537891726,0.5995034364256631,0.642555423625915,7.110139396421264,1.170597126260672,2.300064304441935,27,male,high,266.0,True,2,2,0,rich,repairs,1,0
0.6342855088997714,0.9298596968657526,0.9924553118163261,0.3896985346101927,0.01061248148557657,0.2331376559647045,7.106662166846633,41,male,high,466.0,True,0,0,0,little,repairs,1,0
1.039507486879419,1.154455414869682,0.3847437345339171,0.01870312261332989,2.751904787164211,13.68894994234512,4.781986122390388,29,male,high,320.0,True,5,3,0,moderate,furniture/equipment,0,0
1.072620925082032,1.13446544867345,0.8397713645348731,0.4811756113622273,1.241025748104163,1.032096740612547,17.92637075629875,68,female,medium,371.0,True,0,0,0,little,car,0,0
0.8686286194311652,1.245009636942076,0.5697696694177117,0.1898181227895103,0.1284517726175461,1.420611551777872,7.59939100332279,61,male,high,811.0,True,0,0,0,little,car,1,0
0.6771884859528693,0.9540778870465217,0.552560613154903,0.08856477697489384,0.06913884837466772,1.815555172455732,2.446965192786957,56,male,very_low,936.0,True,2,2,0,,business,0,0
0.492483632920387,1.970465621625469,0.7689106333448704,1.894629387161098,1.429386243505544,2.327024814803897,13.1360653616121,34,male,high,469.0,False,5,3,1,little,vacation/others,0,0
0.540299445330869,2.63208957220763,0.5024025903301306,0.4622402499528317,1.347359938063747,1.291240431148141,4.686419798228369,55,male,high,174.0,False,0,0,0,quite rich,car,0,0
1.17175794362103,1.339457169978211,0.7807576075356978,0.4260538849047028,3.943991223213429,1.652149936951494,18.57893891093665,48,male,medium,387.0,False,0,0,0,rich,furniture/equipment,1,0
0.8787154532039768,0.9409819652337271,0.5917789196565048,2.861026515935802,3.459409050006605,0.8202023724892986,5.632442662990835,27,male,medium,,True,0,3,1,quite rich,repairs,1,0
0.613480236175298,1.574181983203471,0.4054484423892246,2.555089909688726,1.969707683930059,2.295783328395647,13.17736435907374,64,male,high,305.0,True,5,2,0,quite rich,education,1,0
0.7559367949238446,0.7882782233086567,1.164763298219874,1.770671581779956,2.136028216596124,0.1296654867310921,2.817133280779436,74,male,high,266.0,True,0,0,0,,business,1,0
1.168111535941264,0.6399055173361214,2.687605529297929,0.2340535402957637,1.475292860735653,4.057652421721148,26.07719912270716,69,female,high,811.0,False,5,4,0,rich,vacation/others,1,0
1.190110610123275,0.6095006694389155,0.3973211106311181,0.03537361215805333,0.5550530351726384,6.434736496511305,4.205988806047793,32,male,high,869.0,True,2,3,1,rich,radio/TV,0,0
0.7832460444141637,1.233762586882447,0.9671422094182343,2.737039279544092,2.803301753275244,0.7525082266092655,4.660568062402064,33,male,medium,615.0,True,1,2,1,,car,1,0
0.4626066256811694,0.620514453521509,0.7328013270975774,1.309372383456322,4.551406331650428,2.948985457297763,32.78569861336351,55,male,low,191.0,True,3,2,0,,furniture/equipment,1,0
2.536019329611411,0.9357662772107864,0.609810507601889,0.7344900327471048,0.6259674044223792,0.603863403408059,9.485838701581303,40,male,high,912.0,True,3,1,0,little,furniture/equipment,1,0
1.466391829185757,0.807567168726072,0.5044466136750403,0.2193650012092547,0.1233752041830391,1.376662530528746,17.97917802579126,77,female,high,589.0,True,5,3,0,little,car,1,0
1.132313814262014,0.6927830148087354,3.053258739839952,0.2162275424402057,0.1224326940567971,0.8227676688981461,2.171379257519146,27,male,high,561.0,False,4,0,1,moderate,education,1,1
2.139461853735982,0.491678275714181,0.2124542157305421,1.682738960084956,0.8405199537814863,0.4930200931357356,9.193608463693781,56,male,high,350.0,True,5,3,0,rich,car,1,0
0.6922709123734926,1.117234291576302,1.00182111236176,1.368631547446321,2.731006929617957,3.479282024395446,45.94200013098401,56,female,very_low,233.0,False,5,3,0,quite rich,radio/TV,0,0
0.6081129210291923,0.862055803262402,0.2836498893631103,1.240164233691784,1.165291382684702,3.108532482798231,21.40652539570311,41,male,medium,233.0,True,3,3,0,little,car,1,0
0.6586130654797911,0.7329646354054414,0.5690364811873432,0.8640743411035556,6.962521316885113,1.135534522887097,7.036646257182484,81,male,high,791.0,True,5,3,0,moderate,car,1,0
1.225315046309429,0.7205263665572993,0.9711366520464,0.2253616101493253,1.878854603621854,1.216815929567617,0.6456468550464157,50,male,medium,715.0,True,5,4,0,little,car,1,0
1.713353553968641,1.2979649310718,0.4209141706926003,2.99052712845396,4.060796895385558,7.501347788374792,76.68189908793629,67,female,medium,498.0,True,2,2,0,little,vacation/others,0,0
2.014636326018027,1.184809622731717,1.001727949846347,1.47445417737752,2.085674426437142,3.837979475647443,20.34478760236498,34,female,high,772.0,True,3,3,1,rich,radio/TV,1,0
1.139218108345032,1.759751667274308,0.7803179501295685,1.14865151083267,0.5284093309145571,0.2641127099206487,10.97646734117526,27,male,high,736.0,False,5,3,1,moderate,domestic appliances,1,0
0.4182945621786395,1.597243923024095,0.577109628906371,0.5198186502913098,0.4988596697027043,1.516571312827038,8.400515627523143,60,male,high,266.0,True,3,2,0,quite rich,domestic appliances,1,0
0.6891505293970195,1.138741186296355,0.6872235170554051,0.4388600983364331,0.7415890807294019,0.9866194502009549,12.094759763073,77,male,medium,364.0,True,0,0,0,,education,1,0
2.041561518589951,0.4233973880023962,1.057725110281252,2.633984353392402,1.717774673789166,0.9182154289021671,3.028501108682502,47,male,medium,324.0,True,5,4,0,,domestic appliances,1,0
0.3803183403410348,0.5714893472568656,0.7998148007725607,2.215123182285455,0.8982384571519958,1.706816346771006,7.974980985079108,28,male,medium,332.0,True,5,2,0,little,radio/TV,1,0
0.4155077088127464,0.8934630518368091,1.494963753845148,1.503239441781081,1.974238215250142,1.170044488799888,3.698306490446678,63,male,high,908.0,True,0,0,0,little,repairs,1,0
0.982842515211345,1.178440564729814,1.900589325767439,0.7490342816802377,0.925078007199459,4.197862135839809,14.93684615046306,41,male,high,905.0,True,4,3,0,rich,car,1,0
0.4432575356239974,1.079132470043977,0.7607758361129546,0.7194550209572452,0.5893983092785553,0.5356878979547585,13.84308575708016,31,male,high,945.0,True,4,3,1,rich,car,1,0
0.4134128600201116,1.241204204581125,1.168616242778722,0.6752754087808682,0.5374386556596964,0.9272054626603422,3.931387634694865,76,male,high,839.0,True,4,3,0,rich,business,1,0
2.804934435484348,0.9249012912194378,0.5743919678269472,0.3086631994111537,0.01936008790413014,0.6820810343374624,20.68620759485317,58,female,medium,691.0,True,4,4,0,little,furniture/equipment,0,0
3.566255165057423,1.077906660185977,0.8594583295316138,2.9359680496846,5.254318591162012,4.92602476247605,25.64238516738789,23,female,medium,296.0,False,0,0,0,rich,radio/TV,0,0
0.6898180006118645,1.275024148265229,0.2856296957915698,2.925769899246776,1.19409889088178,2.267476876538293,8.857590905438606,68,male,medium,266.0,True,5,3,0,little,furniture/equipment,1,0
0.6152937483329716,1.307949132974747,0.6934177904510829,1.556624204587693,5.994218525682316,6.83384904063604,67.5415723582807,67,female,high,257.0,True,1,3,0,,repairs,0,0
0.6294864014685021,0.9790837595169448,0.3851080615262613,0.890384303451242,1.296233394431776,0.7240996899951199,4.502836638768217,58,male,high,266.0,True,3,3,0,moderate,education,1,0
0.811314709029229,0.6847656815532956,0.5091085278298667,0.7377762366272845,2.93255651213922,1.650878200250448,38.97532932547242,65,female,medium,801.0,True,2,3,0,rich,repairs,0,0
0.2769234440964726,0.9563813748003214,0.558915136523542,0.275449744359049,0.8824602664679152,1.672823580240961,6.398956645631369,46,male,high,731.0,False,3,3,0,little,domestic appliances,0,0
0.5057875453715497,1.456526200633351,0.4941862336124084,2.469843719217383,1.942652954668301,1.561716767184217,6.007355957561201,53,male,high,411.0,False,4,2,0,,domestic appliances,1,0
1.231019632513636,1.346439953094047,0.9892777736415282,1.777981775630837,1.755895440985898,0.1503505291924882,2.063451372383379,74,male,high,,True,0,1,0,,furniture/equipment,1,0
1.209365340319461,1.537737229553462,0.715225255854755,1.20792818861535,2.135744592485929,1.559201065341038,15.05563474429208,60,male,very_low,806.0,True,5,4,0,moderate,furniture/equipment,1,0
0.688256679396237,0.5960597410490162,0.4227765232825719,0.9887765708108789,0.0185514424860231,0.1928875139367863,6.358364362351633,60,male,high,585.0,True,5,3,0,,radio/TV,1,0
0.8102438077039559,0.9548571207267001,0.8557520666643759,0.5303598156549807,1.628579253332806,0.7599855136344804,5.967247589043856,44,male,high,132.0,False,2,1,0,little,business,1,0
1.14489765308626,0.6390401673944922,0.9132300763452345,0.5290378721219781,0.7557281442072985,0.8688493414790219,5.719921425182451,46,male,high,737.0,True,5,3,0,little,education,0,0
3.885552173031996,1.379725524359116,1.017824637503964,1.604777552258724,1.750158753247425,1.748488939473709,8.301065020484383,73,male,medium,180.0,False,0,0,0,moderate,car,1,0
1.362490258336366,0.9499510615174861,0.3654242269903545,1.580640213598632,2.529292878890935,2.771877389857584,40.86626003637191,58,female,high,550.0,True,5,4,0,rich,vacation/others,0,0
0.8325827112537169,0.9404804761817294,0.675897823808161,0.5864415560250961,0.5511381923452836,0.7053262964760878,15.74473222581194,21,male,medium,795.0,True,5,3,1,little,repairs,0,0
2.831488293176802,0.858881141297461,0.1976815276832945,5.280983588192551,6.532927746550206,2.00170755010106,22.43843884840957,42,male,medium,631.0,False,5,3,0,little,domestic appliances,1,0
0.8189659179090699,1.211742982151577,0.2586818505891449,1.344617229314234,2.852388601046937,0.836756770835157,13.11238018975343,57,male,medium,252.0,True,3,3,0,moderate,furniture/equipment,1,0
1.332912171098463,0.8596806554325923,0.4739864564820849,0.3027390912438766,0.01686872476372226,0.8269619581932239,24.49588083022238,78,female,high,640.0,True,5,3,0,,car,1,0
0.7207248398385927,0.7276738005488764,0.5334215152650457,2.048152154917298,2.722489828850996,1.647556690541827,11.15162774600643,26,male,medium,247.0,False,4,3,0,rich,radio/TV,1,0
0.523379659446965,1.193798826734319,0.3912377774249753,1.827985962206665,2.834903822660518,2.595504273248348,25.0052847268209,41,male,high,157.0,True,5,4,0,,furniture/equipment,0,0
0.7346215242887719,0.5292364516341138,0.3250084244596791,1.408698494409435,0.4997801382640839,0.4674218579238728,23.4598542487803,82,female,medium,339.0,True,5,2,0,little,radio/TV,1,0
1.999338581567676,1.38003303518287,0.9986797040875018,1.322745472171562,0.1508136064976262,0.1135911892847054,9.557100556564539,22,male,medium,266.0,True,1,4,0,,repairs,1,0
1.813995721848586,1.624144458030644,0.7390035016678813,0.2518185511399897,1.636759486047991,1.570265640090035,3.10968385648374,35,male,low,257.0,True,5,3,0,quite rich,domestic appliances,0,0
0.9282431355526473,0.9819677817996509,0.4668560431907565,0.1589885868855963,3.207675773439729,4.154433042893659,4.627699941509673,74,male,high,144.0,False,5,3,0,,repairs,0,0
1.593489983148126,1.091428451371856,0.3802984890753512,2.501625333618455,2.606820709532005,2.307216819888319,18.96410313791294,18,female,low,527.0,True,3,2,1,,repairs,0,0
0.7081678872690034,1.285525486259721,1.118003219556705,0.6932135771264106,1.653010793357647,3.92590046351526,20.43491492974665,30,female,medium,487.0,True,3,2,1,,radio/TV,0,0
0.7496641628752211,0.9220529920843435,1.35494365500829,0.4070747695215774,2.082239995710902,0.6295737161493606,2.948924770751047,46,male,high,821.0,False,5,3,0,quite rich,vacation/others,0,0
0.9288161453570511,0.402276286622722,0.5148684760574365,0.09952041762500424,0.2621651868285204,1.846850292457154,0.2654381520264826,77,male,medium,228.0,False,5,2,0,rich,radio/TV,1,0
0.4905967952094744,0.7262978424839213,0.3113059345511904,4.561280175059144,5.695233276718232,4.469840815160901,39.87330017984196,41,male,medium,742.0,True,5,4,0,moderate,radio/TV,1,0
0.8008100269488221,1.264769710590649,0.6711768657829149,2.889325199136978,0.2120954832096202,0.05553714135080762,5.532423131966159,85,male,medium,390.0,True,0,0,0,little,radio/TV,1,0
0.3471302135002969,0.7813443536470923,0.9890781685078138,1.59565817832731,0.4475790537686001,0.106668973139751,4.29045884477378,57,male,high,266.0,True,1,0,0,little,car,1,0
0.6737405979583528,0.608177532403391,0.8533053031776162,1.528674927532592,2.241749264651692,3.07784142895104,30.3752645370827,34,female,high,446.0,True,5,3,1,little,car,0,0
1.492884923624156,1.452002642658338,0.3869896370816364,1.329787327983152,2.67254492001187,1.505077212593212,26.46467975468126,47,male,high,571.0,True,1,2,0,moderate,car,1,0
0.8309801052018688,0.8249327777785747,1.442041462679549,0.7033373666723185,1.003937898487732,3.458734279260764,27.02498838085098,79,female,high,841.0,False,3,3,0,moderate,car,1,0
1.872945677100576,0.407502027369796,0.8339635643675954,0.6097990520112859,0.0120763113619062,0.198478116737298,13.2225657281059,37,male,medium,500.0,False,3,3,0,,education,1,0
1.589873060033658,1.167009387327306,0.8743100679722092,0.2296544943827859,0.4233102066681069,1.192695847948736,14.46991303954295,36,male,high,364.0,True,1,3,0,little,repairs,1,0
0.9329609627101879,1.514305346819563,0.8920904485811612,2.208181662693816,4.096787695291038,1.219705444065641,6.646152993703752,20,male,high,867.0,True,1,2,1,,furniture/equipment,1,0
0.9363366448641045,1.236424219190173,0.7945017848918356,0.8442817568058704,0.03390101927675034,0.139741283653051,3.617334164078944,63,male,very_low,599.0,True,1,2,0,little,car,1,0
1.255081310239041,0.8113158635471082,0.3447679243419838,0.2076806114179415,1.002246175776827,3.147567869778978,10.21832122125877,71,male,high,753.0,True,5,3,0,little,radio/TV,1,0
1.405922736913703,0.8901481774009157,0.4124915058606015,2.303030129070811,5.033482319086657,2.182469010647796,25.83339021450023,23,female,high,106.0,True,5,2,0,moderate,car,1,0
0.6776491057278995,0.5344089622326118,0.5193260616763912,2.286032725496416,4.261606030948117,2.320663247863493,25.02551103372942,52,male,high,618.0,False,5,2,0,moderate,business,0,0
0.7930633154574479,1.288694163426189,0.6845436562034118,2.207276769687414,0.3235678256303566,0.09843324612080526,8.88004122806073,20,male,medium,106.0,False,5,4,0,little,car,1,0
1.022624994172175,1.314013215907792,2.074375221594608,1.903397216838292,1.240467100683201,0.728508365385488,1.341127101001829,33,male,high,706.0,True,1,3,1,moderate,radio/TV,1,0
2.908931747551316,0.4541116204416938,2.441077041067145,1.679288557681756,1.988999704272225,2.88070197650124,7.680167326774402,65,male,high,168.0,True,1,0,0,,furniture/equipment,0,0
1.108962270679592,0.6117968070515489,0.1340203666801418,1.615784331585699,0.3578018629215662,0.5715468746689142,9.975787511976481,68,male,high,870.0,False,3,2,0,,radio/TV,0,0
0.4577742044091394,1.653532759585149,1.040515023651503,0.7230565149268005,2.674269884457257,5.39744619979891,58.18549083999132,28,female,high,949.0,False,5,3,1,,vacation/others,0,0
1.600130434885047,1.611090034245231,0.6385763528014012,0.6317609185197928,8.556568386613305,1.565288646577802,8.328251832675939,31,male,high,247.0,False,5,3,0,rich,car,0,0
3.862953052086043,1.041860703296959,0.6567470552167654,0.3324344143148478,0.1888421472446822,0.8401563511407198,8.807867885046454,79,male,medium,266.0,True,5,2,0,little,radio/TV,1,0
1.113849772795042,0.9071855757568799,0.5523291842399275,6.777227977699805,6.074755006234509,8.085964611200266,37.3398940651196,74,female,very_low,682.0,True,3,3,0,,furniture/equipment,0,0
2.89009044606028,1.849238503794968,0.7221965676332499,3.619713122427844,1.080101286462572,1.444326302873852,5.14900594715996,40,male,high,,True,0,0,0,rich,radio/TV,0,0
2.499513886709903,0.3766362232326528,1.061907504018862,2.518017890882033,1.585022181495857,0.07954084900512257,3.013296073179456,43,male,medium,878.0,False,3,4,0,rich,vacation/others,1,0
2.426966898850702,1.030224567802353,1.953333028819198,1.372457049899063,2.107441061419739,4.267997957071203,26.19783844692527,70,female,medium,651.0,True,0,0,0,little,furniture/equipment,1,0
4.122814681176247,1.138955557440092,0.6384923492091916,0.902946383341137,0.1986723340319713,0.3420973234414135,15.93930424543289,38,male,high,292.0,True,5,3,0,,furniture/equipment,0,0
1.31669169952852,0.7507295646314407,1.096326721042605,0.3931750822424852,1.568767600625152,0.6098275821352941,11.14395253444819,19,male,high,555.0,True,5,3,1,little,radio/TV,1,0
0.4931689661593761,0.8814203504188406,1.510517276805945,2.500303869427522,3.011621941516412,0.07384687024257972,6.713220922226533,83,male,high,766.0,True,0,0,0,,radio/TV,1,0
0.687615427818557,1.470410136394501,0.2734767412407211,2.432760352345159,2.09117922693389,0.5381722339649897,6.107857099823899,68,male,high,374.0,True,1,3,0,moderate,furniture/equipment,1,0
1.894305068156504,0.7858551040897237,1.208559354668313,1.22878970187355,6.059288327642957,0.3821446253946867,8.685384044534057,64,male,medium,266.0,False,0,0,0,little,car,1,0
0.3774922663935712,1.892794892828872,1.151367493036106,2.32822808022236,0.3144651841105567,0.05018744676919205,8.735919277231295,54,male,medium,433.0,True,3,1,0,little,repairs,1,0
0.5150410916018366,0.8469157039154164,0.5512938239575746,2.201421786554934,0.5135125235802555,1.049470607257746,1.790735962254796,25,male,high,822.0,True,4,2,1,moderate,education,0,0
1.327780794533743,1.162837275829345,0.734945115675397,1.741009734233578,2.221796828079998,0.4771418390643553,4.026336190051377,58,male,high,313.0,False,5,2,0,moderate,car,1,0
1.349747973986433,0.7407420588927639,0.819706318561742,0.8955384914476585,0.8277693100690344,1.280225294623822,8.562115889904822,24,male,high,665.0,False,5,3,1,moderate,car,0,0
2.195948835038559,1.474276385539427,1.405397584036905,0.8171234458236957,2.863402824317465,7.49600862205687,37.5367475587512,74,female,high,816.0,True,5,3,0,,furniture/equipment,0,0
2.001833597105158,0.6723010467096038,0.8898957766970244,2.438189990088975,0.00296302840837018,0.01344441559371135,5.38362022892054,68,male,low,380.0,True,5,3,0,,furniture/equipment,1,0
0.7152630096935082,0.7421722295323081,0.8936649810693276,2.379190918479738,0.2917465189493605,0.05996855547376815,5.910638459365682,44,male,medium,364.0,False,0,0,0,rich,vacation/others,1,0
0.6429408304946815,2.125871768302535,0.1056152893973682,2.216693692626395,4.77005929393815,2.889432633830729,60.67760658448637,62,female,medium,681.0,True,5,2,0,moderate,radio/TV,1,0
0.7592859807481507,0.8129801075646493,0.5519687174135195,1.549548951311194,10.19594548487553,1.616089955629329,32.90036097494939,21,female,medium,637.0,True,3,4,1,,furniture/equipment,0,0
0.9201855649696902,1.128406472638868,0.4942930933153664,1.206018813005836,0.9497028020281022,0.3880480543668159,6.131948805249578,40,male,very_low,261.0,True,3,2,0,quite rich,vacation/others,1,0
0.8926680936784698,0.7839300779493649,0.6230097665829389,1.136294495405709,2.20826063929491,1.720971440995441,17.50975362957699,77,male,high,446.0,True,2,3,0,rich,business,1,0
1.281593761400404,1.130100896483134,1.389726290353714,0.7802971837878275,1.648178203437765,4.1902276514507,31.45952099023532,73,female,medium,411.0,False,2,3,0,moderate,furniture/equipment,1,0
1.885807411918917,0.7248779589274326,1.162974472703084,0.1789930084194367,0.2087850460298792,0.6633845687619496,1.447438626767026,29,male,high,710.0,True,1,3,1,quite rich,radio/TV,1,0
2.780958727430799,0.7023388911154431,2.002487645781923,0.1324142577475043,0.4440737740133311,2.758132734327621,21.32784773236656,55,male,very_low,464.0,True,2,3,0,rich,radio/TV,1,0
1.172609274866367,0.6101464796079276,0.9286924531409533,1.453212762122851,1.587922697914679,0.2357793208669447,8.528965324082623,33,male,high,858.0,True,4,3,1,moderate,car,1,0
0.295510610685063,0.6074350570961474,0.5840511620762051,1.340782480562791,1.761669475573548,2.755734416134458,14.758074871256,71,male,high,197.0,True,5,1,0,little,radio/TV,0,0
1.305614219891273,0.4621261828833672,0.8030875891293472,1.164322666442668,0.6194619991431409,0.2279871271262224,5.15863345232901,75,male,medium,814.0,True,5,3,0,little,radio/TV,0,0
0.5155659490410217,0.9586011052959261,1.838207141572257,0.6648204886676814,0.5930470825288252,0.7436586685115183,2.776433344778213,52,male,medium,,False,2,3,0,little,car,0,0
1.262018016647024,0.4096541905204824,0.2396398147187744,2.285228212353575,3.304302554903977,0.983267474289917,16.34825210089192,62,male,medium,,True,5,3,0,little,radio/TV,1,0
0.9020573573189978,0.5461758186036596,0.6983841202670651,1.852193802560827,0.6558748875191278,0.1693788513499252,8.123329303716552,55,male,low,900.0,True,5,3,0,moderate,education,1,0
1.642586329733893,0.964594625805397,0.7657576170456678,1.457882198302456,3.959312760849356,2.698364834205468,22.10812019672431,78,female,high,478.0,False,3,3,0,moderate,vacation/others,1,0
0.8700953096954779,0.7854728697781707,0.5103395834102413,0.3940283777166592,2.674013179755221,1.7124524142492,3.093460300130805,45,male,high,689.0,False,3,3,0,quite rich,car,1,0
2.010049717001877,0.5561913660543968,0.6714860750315442,0.1981074333272891,0.527502245687204,1.352612285398413,1.517080403170587,69,male,high,247.0,False,2,4,0,quite rich,car,0,0
3.818140410458637,0.6890640885935865,0.2880862616616255,0.1384970559974574,0.1552178325522384,2.687259462670232,8.703845474382282,21,male,high,831.0,True,1,1,1,rich,vacation/others,1,0
2.120389039433092,0.6167393227421538,0.8758918242433873,1.336934537924006,0.01805250873208473,0.05759261468985281,3.738730354229842,35,male,medium,765.0,True,5,4,0,moderate,radio/TV,0,0
1.560903499435512,1.419877909285619,0.688295162723546,1.03142277972264,1.684328517823565,1.188714430551524,14.72008290925314,44,male,medium,292.0,True,5,2,0,moderate,vacation/others,1,0
1.611557585425468,0.8468966204610324,0.957769339807345,0.9374211817008243,1.696377615051889,4.345355846161925,30.4773500630644,68,female,low,213.0,False,5,3,0,little,vacation/others,0,0
1.163328775030186,0.8366969127040987,1.522524780339622,1.322434501329058,0.2815832327627408,0.07321885540622058,5.575839257803185,19,male,high,658.0,False,5,4,1,little,vacation/others,0,0
1.183267961305047,0.8560763007022892,0.861606099807613,1.206775138216956,2.116802271679053,4.224960661324,30.65995593407091,21,female,high,944.0,False,0,0,1,moderate,business,1,0
0.8824058921044495,0.9434118859594343,0.3780427630595533,2.209708215013825,2.055840930550387,1.238175582526093,15.667678597441,45,male,medium,758.0,True,5,2,0,little,repairs,1,0
0.5015070194580261,0.9040124847367467,0.3517826094868988,1.50499283343998,1.614092805923298,1.791186822701265,30.41161512401611,62,female,high,694.0,True,3,3,0,,radio/TV,0,0
1.346999712881676,1.466244215313549,0.5429848292184823,1.21551015427594,0.9557650463998076,1.801846187453006,15.71205598056682,68,male,medium,916.0,True,5,3,0,quite rich,car,0,0
3.272622475889699,1.20006992328234,0.5256936842562997,0.9690550563754374,0.7021363705330489,0.4125728616411806,2.451335206039883,31,male,high,604.0,True,2,0,1,moderate,education,1,0
0.779989286219435,1.289960078470912,0.9952322477293895,0.9689400667727117,1.831129641776371,4.45459570077097,26.14610379046349,41,male,high,670.0,False,3,3,0,moderate,furniture/equipment,1,0
1.189464445881829,1.064989869180678,1.105553596281055,0.8293041020466624,1.444979664535002,1.577202970737294,10.77999145955072,72,male,high,151.0,True,4,3,0,moderate,car,0,0
0.5670376495207516,1.697728937467327,0.8277439528863767,0.5681790712897268,0.490279130129999,0.5202059272225441,4.484524715884207,57,male,low,852.0,False,5,3,0,little,education,0,0
0.3036372938674464,1.405440333447767,1.511681670611321,0.4908024069520698,0.625225397455544,5.466617521936599,19.57715488069022,47,male,high,387.0,True,5,3,0,,radio/TV,1,0
0.9722220460944825,1.187585826454482,1.260548623520517,0.4405089352513087,1.172899442198945,2.053721441017845,24.03347392850084,35,male,high,725.0,True,3,4,0,little,vacation/others,1,0
1.716027394052743,0.5652696486086662,0.4476731848499562,0.3076867118697492,0.9456394457092131,0.3687900676566517,18.73268378079975,59,female,high,233.0,False,5,2,0,,car,0,0
0.4814236887244013,0.5724592234049287,0.3341740367964963,1.92670648069747,0.7328165396378593,0.2591860513842834,4.015937044508692,18,male,low,,True,2,3,1,quite rich,vacation/others,1,0
0.3766421168882212,2.704177474403782,0.9490394019363183,0.329139789813341,0.08624722541038131,0.4354118936421373,5.422116809856627,70,male,medium,768.0,False,0,0,0,moderate,repairs,0,0
1.36726876887041,0.6957735161092066,0.5278088358524422,0.1889322063905599,0.1887737032560936,1.779211525628413,17.30969079618553,75,male,high,339.0,False,5,3,0,little,car,1,0
0.8492106996097937,0.7954686337320555,0.2560903174746082,0.1044213642318175,0.01319237986972041,2.694180326391082,26.14173301145966,61,female,high,936.0,True,5,3,0,little,car,1,0
1.628772372742741,1.180119882532674,0.5708915705954708,2.528325521486168,13.86545499165543,0.4815266465222,15.68614960102064,58,male,very_low,925.0,True,0,0,0,quite rich,car,1,0
1.297096311465887,1.047566226457147,0.5286538641358095,1.908909908913761,4.047924200757167,1.728205502058054,22.15122694830078,60,female,medium,393.0,False,5,4,0,moderate,vacation/others,0,0
0.6884932648738906,0.9689687080591561,0.3044411364122243,1.066764153034562,3.576656111125371,0.3684960753193062,11.16436424811283,60,male,medium,414.0,True,4,3,0,moderate,business,1,0
0.7214812349000898,1.137406049200968,1.164832544173068,0.989052430554165,0.2491030535752122,0.1494006872431857,5.004158532756838,44,male,medium,,True,3,2,0,moderate,radio/TV,0,0
0.6001826626244741,1.449233540182219,0.7300028361422247,0.5512834642614228,0.1436382560566228,0.3881861742022052,3.29052365979678,22,male,high,627.0,False,0,0,1,moderate,repairs,1,0
1.734395260404034,1.304064347609175,1.599235761748575,5.520096004131451,0.0427599501475858,0.002628042820234669,9.785136477923855,42,male,high,804.0,False,5,3,0,little,education,1,0
0.986511929177051,1.184412069578816,1.141709494444755,2.617234999398158,1.254023380191413,4.032339482753541,12.72797739278058,62,male,medium,357.0,True,5,3,0,moderate,education,1,0
0.7148284708473637,2.065981913749065,0.4241133177111522,2.096671983424526,1.847376769324174,2.030695786041214,9.440049866355329,19,male,medium,266.0,True,0,0,0,little,domestic appliances,1,0
4.051443099663087,1.168931486256838,2.087307128017222,1.201220977989808,2.243786726938393,1.423217352558421,4.877234482385241,68,male,high,585.0,True,3,3,0,,education,0,0
1.23326288507642,0.7116364793605712,0.3436196348528793,0.8836636597270277,0.1129738706678042,0.4866095133712357,11.96038500246962,67,male,medium,266.0,True,0,0,0,,business,1,0
1.677499346265027,1.082973234226521,0.4970216375333272,0.6619844348026288,0.9243194154147962,0.8003955332638822,11.97447071956575,18,male,very_low,792.0,True,2,0,1,quite rich,car,0,0
0.5676659322160905,1.34157513788199,0.5195814703173576,0.5127945979203379,0.1484170893148272,0.758111835885215,23.27475353438349,58,female,high,449.0,False,5,2,0,moderate,car,1,0
1.223313401707345,1.275880097531204,1.033065403042127,0.4420638562918198,0.4633209839146725,0.473858387613289,1.681935322990238,49,male,high,500.0,False,0,0,0,moderate,radio/TV,1,0
0.5581988522625071,1.291176232933795,0.8788211088411741,1.475080246809045,0.9996921469071827,0.2309185520326746,14.59558423881989,23,male,high,266.0,True,0,0,0,little,radio/TV,1,0
1.107416148990564,1.252853797840269,1.067883176127916,0.9527882121329653,36.56639459156584,1.167113293439519,7.703301658251664,47,male,medium,651.0,True,1,1,0,moderate,car,1,0
1.665245228599445,0.6343537974152936,0.6712402329973431,1.450611432450854,13.01894693011494,0.616170387240266,4.233644965527206,85,male,high,371.0,True,0,0,0,quite rich,radio/TV,1,0
2.124365115864698,0.8949687611355561,2.183819760413567,0.9922183854945755,0.5436314501765722,3.139359015977963,12.53621837788746,64,male,medium,589.0,True,5,3,0,little,furniture/equipment,1,0
0.5370602677871176,1.068758349379745,0.7712478183713593,0.6795756424283932,2.485887715216969,2.481168517579665,33.85232501728154,65,female,high,891.0,True,0,0,0,little,car,0,0
1.782069754550717,0.8581880187700018,0.6740232836379726,0.1226112084026354,0.3713889490069069,2.334824638126129,11.80158781939369,56,male,high,364.0,True,5,3,0,,domestic appliances,1,0
0.6023152354040833,1.539320869159412,1.066374039674121,3.547213146154292,2.201355143113967,4.903001369888763,22.11335159628028,27,female,medium,929.0,True,5,5,1,moderate,business,0,0
0.6249326091869117,1.45228546813572,0.440448248432338,2.717183894197755,3.662367408076889,1.46705975065285,12.04199051466715,43,male,medium,207.0,True,5,3,0,moderate,domestic appliances,0,0
2.281349947474399,1.353349088200797,1.557719745907334,1.277343726375097,6.978200305424641,0.244662939533566,1.623590791771305,65,male,high,637.0,True,3,3,0,little,car,0,0
0.9865588586875819,0.9497860889715072,0.6986190704317923,1.031007048111943,8.31289544307592,0.8657833217824393,7.889471876518311,81,male,high,360.0,True,5,2,0,little,radio/TV,0,0
0.5710102576827272,0.5437326566353842,1.438238667354316,0.8076998929453805,0.8393980882243237,1.574663863890691,6.124044662423875,71,male,high,724.0,True,5,2,0,,furniture/equipment,1,0
1.123527722074226,0.8256068336711774,0.6003137255418088,0.2516340904064452,6.667032453402776,2.618729172574217,1.319170904524919,48,male,very_low,582.0,True,2,1,0,little,education,1,0
1.597625955727586,0.8083253684453168,0.1242629276089769,7.524811716676152,9.573904666839331,2.352368268067939,34.39345078305163,69,female,high,174.0,True,5,4,0,little,business,0,0
0.9598172350798189,0.545138602101652,0.3747359055730549,2.520770675819224,2.923950218052675,2.294107364860812,14.5275119225643,19,male,low,218.0,True,0,0,0,moderate,business,1,0
0.8901116429208092,1.322642421164277,0.167549867512591,1.262988153890997,3.633371514495823,0.403576168319795,21.10536693907988,60,female,high,568.0,True,3,3,0,rich,domestic appliances,1,0
0.1259273544833278,0.997819752851762,1.922454351736996,0.7887785062741421,17.61160300676763,0.5739282423374005,5.319694859142267,70,male,high,813.0,False,5,4,0,quite rich,car,1,0
1.453970409589067,0.6317118472957259,0.9297835621485953,0.5716922127677212,0.7733057684033074,0.6374228392405784,18.16197814909438,22,female,medium,628.0,True,5,3,1,rich,car,0,0
0.9909737115125377,0.9753693737048377,1.00733645469248,0.552291748072005,0.3554449905653261,0.7102213198775565,1.769914210669858,82,male,low,332.0,False,5,3,0,,business,0,0
0.8288012824252163,1.043371637700263,1.614722337893219,0.4701140445610847,3.730422566963023,0.6216114796073658,7.209405249195323,21,male,high,243.0,False,5,2,0,quite rich,radio/TV,1,0
5.374603974153378,2.102043942656985,1.905009879412388,2.362891703366716,1.648400227236856,1.990912125033214,6.463308924937678,51,male,medium,781.0,,0,0,0,,radio/TV,1,0
1.459626235665809,0.2451575359761073,1.755487500479658,1.87203597230308,4.411366964983627,0.1063673587341184,6.122194970161995,52,male,medium,719.0,True,5,3,0,,education,1,0
0.4447755863280075,0.9020531838855841,0.8909543288978186,1.536910710421386,1.801816368023262,1.128852511586222,5.944034063729601,77,male,medium,,False,4,2,0,moderate,domestic appliances,1,0
0.8510900930437787,0.9570631312461126,0.7243098850862374,1.492223778751137,0.5381269690517212,0.8258449696392592,1.91216352524947,32,male,medium,270.0,True,5,3,0,moderate,radio/TV,1,0
1.069234673221612,1.276809084573487,0.5023929243376604,0.9458034115772234,2.509875071196522,2.785656206348254,34.30805831649646,51,male,high,266.0,True,3,3,0,quite rich,furniture/equipment,1,0
0.9150210368132201,1.123774362763788,0.7288467618533565,0.7524877829212755,0.699207013525434,0.4601417203652939,6.715062371858096,39,male,medium,266.0,False,2,2,0,quite rich,education,1,0
0.797281917422881,0.7069602662282368,0.3961849102332199,0.159421053493746,0.1606418269586453,2.128479205177856,8.561588193750504,20,male,low,309.0,False,5,3,0,,business,1,0
1.477374319928222,1.453620831122321,1.6244536584955,0.1428652996405291,1.032855735866039,0.9935293085393317,1.206216355420205,32,male,high,751.0,True,5,3,1,moderate,domestic appliances,1,0
1.876527608730779,1.58202862997189,0.7339147701103054,0.1169017327154586,0.8850973011310522,2.624868509626991,9.579815886396668,43,male,medium,213.0,False,5,2,0,quite rich,business,1,0
0.4140136441406094,1.126047787362925,0.8335556483431471,4.465426263831645,6.639651769203079,3.585315032799091,20.5771919728629,50,male,medium,266.0,True,3,3,0,moderate,car,1,0
1.634676122866786,1.022556669155414,0.2369178145863755,3.139570600854107,3.181114925108101,2.3110392546401,15.64025414193667,73,male,high,925.0,True,0,3,0,,domestic appliances,1,0
1.490025511053267,0.8146174910971292,1.318808307010065,1.124031660728608,0.4917070531826472,0.7130024119634572,2.083606377469458,70,male,medium,651.0,True,5,4,0,little,car,1,0
0.8138403352907857,1.009354907291879,0.4134911098433928,1.120705150616985,0.123273189138224,0.3237363641176015,17.08529422986462,77,male,high,106.0,True,3,3,0,quite rich,domestic appliances,1,0
2.475583531957123,0.9658997175900139,0.9334237681139579,0.9816264116197931,1.314036205715569,3.694371357751414,20.19235961988176,52,male,medium,544.0,False,5,3,0,moderate,business,0,0
1.741768488200564,1.24063830935046,1.296399230793429,0.1726753760413642,0.3610471136426025,0.6847678745627872,0.8217708854430915,29,male,high,266.0,True,0,0,0,moderate,furniture/equipment,1,0
0.5356170696347509,0.5559916864087484,0.8945270847045624,3.191693783654037,5.711805362048305,0.1281828580787426,7.610448775839526,79,male,medium,763.0,False,5,3,0,quite rich,radio/TV,1,0
0.9896681610079218,0.783269277459849,1.915798466291354,1.544282973920035,1.778680783230608,2.466905852274192,5.968222982128508,51,male,low,680.0,True,5,5,0,little,car,1,0
0.6464286668727025,1.462904968480527,0.657964087124994,1.372902522989505,0.0189938192610201,0.08766275117372493,4.080800289488383,60,male,medium,213.0,True,4,3,0,rich,car,1,0
0.8290613909317309,1.629245109282381,1.945368943702932,1.358089544530558,0.1619235485459612,0.04908832583590981,7.358215235822517,26,male,low,663.0,True,5,4,1,little,education,1,0
1.930323086888706,0.952799106139093,1.078246000318442,0.8620365772234743,0.7021532920846931,2.904078782292471,19.14198814218222,31,female,medium,266.0,False,4,2,0,moderate,furniture/equipment,1,0
2.406798655340596,2.081288683890496,0.9596687345754139,0.7518397579070403,1.013543269439403,0.3335202780272913,2.719162688254357,62,male,medium,186.0,True,2,3,0,moderate,education,1,0
1.810014281295502,1.131876504300965,0.2498734577720764,0.5873169315249434,0.1632610453773279,0.9328715730657223,10.93683893197573,51,male,high,877.0,True,3,4,0,quite rich,car,0,0
1.167261757008962,0.6509095453456379,0.2704959339312004,0.2468896337027983,0.01952687096655505,1.312361006541074,14.16661148339361,28,male,very_low,910.0,True,2,1,1,rich,repairs,1,0
1.463536366147872,0.5665973441077496,1.297065905405222,0.06048556862008229,0.2223928131090951,1.794347664388959,5.205233702800828,85,male,high,202.0,True,1,1,0,quite rich,education,1,0
0.5615545822910649,0.8521902963058592,1.465822823287326,0.7519136274617233,0.2154905548449438,9.126661519437492,33.70012272935799,41,male,high,791.0,True,5,0,0,moderate,vacation/others,0,1
1.411500879920685,0.756513192073177,0.2932343361101224,2.178358939765519,3.449811035588845,3.791910744973698,36.52621630133957,65,female,high,877.0,True,3,3,0,,car,0,0
0.3582390857176304,0.9752666385062461,0.3023807135356686,2.110409813729041,5.721156167751505,3.840693364763165,52.95345785541706,36,male,high,485.0,True,3,2,0,rich,radio/TV,0,0
0.5499422021032028,1.622164796810193,0.258056675101874,1.351842719409684,0.5108078372834394,0.4897057027178313,7.712774034945756,85,male,high,456.0,True,4,2,0,moderate,domestic appliances,1,0
0.6847834513136564,1.201787985405263,1.102278281612888,0.7225278294712604,5.55025416107148,0.6069179431051294,2.447186977875985,26,male,high,585.0,True,0,0,1,little,radio/TV,1,0
0.8543965532235422,0.6461804108799714,0.5635921511611304,0.3106823475968618,0.8421603903739383,1.495610078875629,6.394514236852656,49,male,medium,266.0,False,0,0,0,moderate,repairs,1,0
1.088421659697724,1.490764142517474,1.595328604747419,0.1864980430826357,0.3878837754698897,0.6646213136281726,4.552598236745666,61,male,medium,243.0,True,5,2,0,little,furniture/equipment,1,0
1.746547689771561,1.235635247206963,0.2223070912301955,4.246799052189794,1.189386228983906,1.262016801870164,7.767878356996976,57,male,medium,898.0,False,0,0,0,moderate,radio/TV,0,0
1.588673315641735,0.4067353181351214,1.127442503369283,0.6515661803445864,2.230662016071494,3.397982660617882,48.38228530942654,26,female,very_low,439.0,True,0,0,1,moderate,vacation/others,1,0
0.4178348011363006,1.120440381175285,0.302288211648579,4.639532373840526,4.868548711594442,1.912236775815088,16.17881225694726,49,male,very_low,683.0,False,5,2,0,moderate,education,1,0
1.654056014523593,1.111461982432313,0.8111103010021616,3.284149663769517,4.542158918619693,2.327418803226981,13.33884603974869,40,male,high,313.0,True,5,3,0,quite rich,car,0,0
0.4329425245524026,0.5907512925832012,0.747880106578367,1.966221046559008,0.224083893091289,0.1033614237771475,17.6951731254903,42,male,very_low,380.0,False,0,0,0,quite rich,vacation/others,1,0
0.9897537910425892,1.05701308007255,0.4157838325454106,2.444707262060927,2.858674172533356,0.7966318841285656,4.587734219979099,59,male,medium,439.0,False,3,2,0,moderate,furniture/equipment,0,0
1.008186357217575,0.6219111632414505,0.4808865649356858,1.815362111344992,0.5340805931374047,1.453131345211143,6.578046040316645,82,male,high,417.0,True,5,3,0,moderate,repairs,0,0
1.063993897835648,0.4989089154316859,0.7024289294009758,0.833066279406665,0.8913978168023041,1.735342090487148,20.80275547514077,82,female,high,763.0,True,3,3,0,little,car,0,0
0.688574491514888,1.007574141297776,0.2856393705944749,0.3790375267295253,0.287560057438544,1.454138128082638,7.500349512612193,59,male,low,266.0,True,3,3,0,little,car,1,0
0.9836204880999837,0.7845839236239204,1.247686447445423,0.3154788622419317,1.701075811974226,0.9478873771175744,6.185967471439614,42,male,high,697.0,False,3,2,0,little,radio/TV,1,0
1.681820316110231,1.440127139499788,2.599107665666835,0.1477170834616465,0.1393792636426422,1.372895821436241,4.747872763408594,58,male,very_low,876.0,True,5,3,0,little,radio/TV,0,0
1.334074701638391,1.056883384225507,0.4571025456058544,4.512464961400119,5.716833415113696,2.606126493502148,28.03197095445879,84,female,low,823.0,True,0,0,0,,domestic appliances,1,0
1.340443053866781,1.531875812966712,0.4070577926660709,1.803567089944137,4.702435579386736,0.9896914824993875,21.24071585356101,68,female,very_low,841.0,False,5,3,0,moderate,repairs,1,0
0.9904568077562557,0.5121436384208907,1.672744207424315,1.723418262047416,0.1646012074007322,0.03318609952747321,4.326944377622237,32,male,high,396.0,True,5,2,0,moderate,business,0,0
2.094593664555334,0.843505411082482,1.225598656453003,0.9196374733747573,1.105540938250327,1.57442431977493,15.26185536357688,66,male,very_low,390.0,True,4,3,0,moderate,furniture/equipment,0,0
2.881414301779444,0.8603329431592743,2.691694036121263,0.4773235808163706,0.6701083335875743,0.9475884925395117,3.337915903721178,69,male,low,680.0,True,5,3,0,,repairs,1,0
0.9841971253957867,0.7590653909655427,0.3757268638997769,0.4618199713228827,0.1408568158729568,0.814807515518314,6.757582906002599,37,male,high,536.0,True,0,0,0,little,radio/TV,1,0
0.4501827414551927,1.031461584308031,0.6175057964702522,2.821532162692326,9.487998400768307,1.777896243968446,23.39699527963625,22,female,medium,374.0,True,5,2,0,rich,education,0,0
1.058224914691796,1.159412838726731,0.5833121004360582,0.9175600813132769,3.452292914189783,0.9484412884099732,19.06659836577492,59,female,high,339.0,True,3,3,0,,education,1,0
0.8871887658027158,0.7656847235301893,0.3207492608031912,0.7755938208716916,0.05235650321253343,0.4606028025606138,11.10645597210445,61,male,high,762.0,True,5,4,0,rich,domestic appliances,0,0
1.21091125717711,1.715051821469401,0.4578339171614798,0.3391352522890896,1.124865255068215,1.375109021647302,1.212696709723439,41,male,high,380.0,True,2,3,0,moderate,furniture/equipment,0,0
1.854236598694571,0.5499586228345957,0.6223171718873388,1.560107532474557,1.813478392997298,1.5676824668212,15.17167873461212,67,male,medium,951.0,True,1,0,0,,radio/TV,1,0
0.5715047523282065,1.304101365075881,0.4546741963768394,0.481315565415986,0.7860393600738833,1.161327179013879,7.591149318502913,79,male,medium,689.0,True,5,3,0,quite rich,repairs,1,0
2.237693684620016,0.878417931613565,0.5420509178189404,0.2055587857769815,11.04604786065423,4.237284311416555,4.4409493041458,35,male,low,839.0,True,3,4,0,moderate,furniture/equipment,1,0
0.6748845610772325,0.6636521838886388,0.3805682858572553,1.536050254252517,0.4753578177520774,0.2906892460550081,6.956315576723453,49,male,medium,667.0,True,5,2,0,quite rich,radio/TV,1,0
1.104734737981285,0.8202223130177866,1.305751833207495,1.376912331959586,0.09995592968627828,0.06700886543894263,7.635913541121683,73,male,very_low,770.0,True,4,3,0,moderate,education,1,0
1.199763020676775,1.000577795981165,0.7792836396833134,1.032010622665554,1.63890247527288,2.816945279649611,21.05684024505945,55,male,medium,929.0,False,5,3,0,moderate,radio/TV,0,0
1.266377451405071,1.511325057164248,1.19880789119047,0.9027698547620412,0.5170384621929132,0.1750493245973179,1.423963568047339,56,male,medium,266.0,False,5,3,0,little,education,1,0
1.345080886177876,0.8243635881214915,1.049332895986598,0.7743859849859233,2.114713074906644,1.086463023303193,10.00946319258034,45,male,low,839.0,True,0,0,0,moderate,education,0,0
0.8978851420536853,1.385550847013749,0.8146188382506206,0.5695805283105129,0.5745012432772527,0.4501539049581828,1.823142774655609,40,male,high,320.0,False,5,3,0,,education,1,0
1.680418805428089,0.9903575500128962,0.9085219732654595,0.3586587573440003,0.2767403497345776,0.6681791778888756,12.32205947622021,25,male,medium,953.0,False,2,2,1,little,radio/TV,1,0
1.327297015696961,2.035522479757571,0.7918853927703651,0.119310491306226,0.2298529502709027,1.631141786154134,6.269364170989611,56,male,high,266.0,True,3,2,0,moderate,vacation/others,1,0
1.124480772327832,1.32218300856098,0.5005590239283139,1.100743414069671,0.3164243789624474,1.775654354605078,24.32003578933559,34,male,high,393.0,True,4,0,0,moderate,car,1,1
1.194633267215618,1.058593686929365,0.418454820235705,2.189724996871897,0.00470075156830608,0.04164702131917337,3.10932289965193,74,male,high,684.0,True,3,1,0,rich,radio/TV,0,0
1.12274500777572,0.9116138355191649,1.147934545097189,1.173777485664482,1.422767626882302,1.510490126812832,12.98131788227243,71,male,high,266.0,True,5,3,0,moderate,car,0,0
2.160353461791337,1.292590727533352,0.4101074914002595,1.132373873803334,1.377172325250811,3.289344832695394,21.84926140326192,22,female,high,599.0,False,5,3,1,rich,radio/TV,0,0
0.9235600973173119,0.6996354403001654,1.545857127004608,0.6905386515624165,0.1167068080288863,2.624038597383101,3.348992506930073,50,male,high,807.0,False,0,0,0,quite rich,domestic appliances,1,0
2.21080903469171,1.144486820689623,0.7313016732424698,0.5939402778453314,1.481518480095434,0.9251787974010164,18.99364534196606,26,female,high,266.0,True,1,0,0,little,radio/TV,1,0
1.281605786148379,0.6288470346561144,3.06957202900854,0.3090167509166346,0.2105471788842444,1.834990650064935,4.296295699003895,73,male,high,516.0,False,4,3,0,little,domestic appliances,1,0
0.5715065315360527,0.8519856769764005,0.7295447583165037,0.2413601743370009,0.952943511366288,1.182609182599568,21.39079235353613,41,male,high,937.0,True,3,3,0,little,car,1,0
0.8929119577677047,0.9612836371433352,0.2782521626014302,2.556951935229401,7.656954904012316,2.854573808880025,39.03531255585681,82,female,medium,510.0,True,5,3,0,moderate,radio/TV,1,0
0.9938420975331784,1.49960847964761,0.8915755789681256,2.018867426302937,1.254395092382168,2.256939832732706,13.20511014972213,82,male,high,525.0,True,0,0,0,rich,repairs,0,0
0.5021849094880692,1.669641227561579,0.6786639361570607,0.9343761798118156,1.383248759467258,1.426110612678915,14.56745886948077,74,male,medium,691.0,True,5,3,0,moderate,car,1,0
0.359838961494672,1.843368371330922,0.476638941619281,0.9014513683867114,0.7380144170969145,0.8795161666610513,4.906729324449839,79,male,medium,324.0,,0,0,0,moderate,car,1,0
3.119553692152972,1.319562724068005,1.146771145829788,0.5054403316136252,0.2142448719740904,0.3086078730867822,4.186462537269126,24,male,medium,180.0,True,5,3,0,little,car,0,0
2.100001821121946,1.462680266070754,0.7484610611324201,0.1198770721963355,0.02904149074890245,0.8839626084165539,2.117249688858424,71,male,medium,881.0,True,0,0,0,moderate,business,1,0
1.009821803475028,0.5328135830277839,0.1411419646458495,4.823217137775011,6.717564141148068,3.393912551506725,28.1844963341026,19,female,medium,605.0,True,5,3,1,quite rich,car,0,0
1.494572345741894,0.8672515197314341,1.425944804730455,3.949661139202964,0.7747373789543487,1.087243380053647,1.478783540245107,71,male,low,560.0,False,5,2,0,little,repairs,1,0
0.5590499017446158,1.125109429054328,0.6056941119197473,0.4037262982108948,2.350303937163617,1.210194370193088,1.661463267904926,41,male,high,449.0,True,1,3,0,rich,radio/TV,1,0
0.9549642014892901,0.8687008306710191,3.174700779505914,0.2746001955616398,0.1752889639985573,1.77508762483193,5.151034057816498,56,male,very_low,247.0,True,4,3,0,quite rich,domestic appliances,1,0
0.5547704105313435,1.190584016607427,1.291703420203501,0.08702788394993756,1.545345488561626,2.035635215793727,1.828373150911849,47,male,very_low,266.0,True,2,2,0,,business,0,0
1.209940655007792,1.622810146576753,0.8855598402522784,6.095866620359549,5.167929052211892,3.631401739105736,12.3314112907278,49,male,high,613.0,True,5,3,0,little,car,0,0
0.537388301013669,1.927535614682506,0.5530230070351209,1.139785574485558,2.279020031395039,0.5848226449321834,9.774985103937198,32,male,high,785.0,True,0,0,1,little,car,1,0
1.476203895592794,1.812799654487973,2.785122162383654,0.9904626378288182,0.8263260550327073,1.70857177714764,4.718660164781808,53,male,medium,374.0,True,3,3,0,moderate,car,0,0
0.5769605283793686,1.082578485794576,1.44048574040354,0.211108032132047,4.204300355366389,1.301437276017473,1.98849883476661,46,male,medium,506.0,False,5,3,0,moderate,furniture/equipment,1,0
2.533195282356281,0.901939762735337,0.4999732104039066,0.001727585288702056,1.46950298230576,23.32782761058675,3.377072084656035,73,male,high,471.0,True,1,2,0,little,car,0,0
0.969679455490934,0.7153434264089722,0.3387037534104004,5.385812071324123,3.275942750573883,1.108352965618261,6.539301501298164,85,male,high,699.0,False,0,0,0,little,education,1,0
0.3834035860623434,1.047919389859629,0.9180805970906312,1.851969750292253,1.79825088074108,4.407468732096787,15.58560398104209,19,male,high,317.0,False,5,4,0,little,business,1,0
0.5470913333499784,1.5422130925001,0.802424534580293,1.135853348351024,4.547129139432299,0.5322428980790128,6.7463647416638,85,male,high,907.0,True,4,3,0,moderate,car,0,0
0.739614462392322,1.344045376417147,1.391688041108774,0.7227879549057544,2.223175438935284,2.474737308638566,27.86214460789515,47,male,very_low,933.0,True,4,1,0,rich,business,0,0
0.5629699552788907,0.7520203479329186,0.8211665395480697,1.365101102246404,0.06954184372108257,0.1169494565952693,18.32838991635678,34,male,high,186.0,True,5,3,0,quite rich,business,1,0
0.7767484768604728,1.180463929468819,1.522165208258697,0.9032451127479131,2.132569626783316,8.013139842862918,44.72627547106939,48,male,high,677.0,True,3,2,0,,radio/TV,1,0
0.7428695144982954,0.8867075921009507,0.464017594880486,0.7921190554337193,0.5417479942755251,0.6174721321030796,7.781704165695855,59,male,high,493.0,True,5,3,0,rich,business,1,0
1.22653264610501,1.180769053754705,0.4928946966219471,0.530939443737664,2.421295872343063,0.8904476567577619,24.64277745283944,65,female,low,583.0,True,0,0,0,quite rich,business,1,0
0.5118559671518964,0.8176235599931807,0.855549668547928,0.3321505148009105,0.2047771966917646,0.6476497527516629,4.330628352151353,36,male,high,795.0,True,1,3,0,moderate,education,0,0
0.8688126643595601,1.104961559274569,0.7405626200087245,3.217860737058038,2.444898551236935,2.270226707512522,7.984263926816556,25,male,very_low,789.0,False,0,0,1,moderate,radio/TV,1,0
0.4981881768178107,1.086135735974443,2.590370461710736,1.708885920501644,0.9806898417066717,1.965317580611254,3.707483592845803,42,male,high,354.0,False,5,3,0,little,radio/TV,0,0
0.4642114027043205,0.6498422244823775,0.5541717479482672,1.514108716800669,2.090972926816149,0.612493219048532,6.962873253228398,78,male,low,782.0,True,5,3,0,little,furniture/equipment,0,0
1.91306103616582,0.7914299320662466,0.6605147987315301,1.054558640105911,2.06289139394453,2.099821430273753,24.74200207137617,63,female,high,508.0,True,5,2,0,rich,business,0,0
2.866758313430567,0.4716957337214729,0.3463581024564396,0.8914645962452944,0.05756203746471431,0.3394962175213748,5.279091416679906,34,male,high,711.0,False,5,3,1,quite rich,education,0,0
1.428399276626865,0.854356091176008,0.2542994282987968,0.4552565266732148,1.052144394313259,2.06022149312583,17.04995879559677,57,male,very_low,243.0,True,1,3,0,little,radio/TV,1,0
0.7687833788939521,1.199830866029218,1.134398077475778,2.703441062093169,2.303705541873146,5.56263000017494,23.46275681380126,74,female,medium,623.0,True,5,2,0,rich,radio/TV,0,0
0.6592412763949758,0.753832902423587,1.125286222802284,1.319311470673736,2.152776576475271,2.208283371323386,15.03554619710786,67,male,medium,655.0,False,5,3,0,little,radio/TV,1,0
0.8463975316613145,1.005535386617641,0.3438061226192695,1.031509277483266,4.295526571209505,0.7709020662316907,27.32900889372173,64,female,very_low,540.0,True,3,2,0,little,car,1,0
1.159771936997829,0.6101369405571805,2.802779758353071,0.3576299186100793,1.201419406212968,4.038236473602408,16.34717223837335,42,male,medium,233.0,True,3,2,0,little,business,0,0
0.7839668473651613,1.474410297116004,0.734785647585217,0.2628383070471393,1.00321344620929,1.554617143130101,11.20231517476087,61,male,high,689.0,False,5,4,0,,radio/TV,1,0
0.867545108921152,0.8391611626569083,0.659775943632556,0.2508130038221973,8.071081560521584,3.231457753246455,7.296562883213364,45,male,low,901.0,True,3,4,0,,radio/TV,1,0
0.989993557652816,1.561782105785428,0.3590342117546676,0.2261712312239865,0.3690540385712995,2.076426654515233,4.875598358195281,80,male,medium,223.0,True,3,3,0,little,vacation/others,1,0
1.044719165652305,1.064884624718021,0.3645815773503903,1.26723006985793,2.296186222728575,2.656372861283478,35.46954871638525,65,female,medium,621.0,True,1,2,0,moderate,education,1,0
1.35271931792224,1.148054639004465,0.6984214866697107,0.6675727343770765,14.48864842069747,1.289218088777924,1.995005165846629,47,male,medium,678.0,True,0,0,0,,radio/TV,1,0
1.144876212561467,1.489211150469913,1.65571214248757,0.6220904041216254,3.505169540401198,7.063688760263303,94.10934069879377,35,male,medium,243.0,True,1,0,0,moderate,business,0,0
0.5168814255610706,1.062215188769313,1.715551493131309,0.5872071144085786,1.123114543138633,0.2945038833580763,5.682249386823296,35,male,very_low,266.0,True,2,3,0,moderate,furniture/equipment,1,0
1.126320007990366,1.972868026597973,0.9339085326386877,0.1079099544962483,2.809433801643478,2.77372634327155,3.052196462334717,41,male,high,364.0,False,5,3,0,moderate,repairs,1,0
0.7305798838333473,1.93357166776687,0.7296488390020702,1.592167834888216,1.124375253415182,2.349776186147746,9.514210527565343,61,male,medium,500.0,False,4,4,0,little,education,1,0
0.6555933081156375,0.9441274814242067,1.608012260886436,1.411271767362317,0.9927010984376414,3.432010727177918,12.12744413407858,84,male,low,586.0,False,5,3,0,little,car,0,0
2.457162869489762,0.4464296290534269,0.8735386353555785,1.249592842789785,1.652655516098065,2.811655713924637,18.25465863072039,21,female,very_low,889.0,True,5,3,1,rich,radio/TV,0,0
0.6444133954855068,1.447175243381606,0.9821678623105867,1.093047618804252,0.0781209282076024,0.1326271030279662,17.24068559760978,72,male,high,510.0,False,5,3,0,little,repairs,0,0
0.8990019813021983,0.7862500460435599,0.3631078832726243,0.9805097739096124,5.774880486335512,0.9054333596717073,25.62903715741832,55,male,medium,693.0,True,5,3,0,moderate,radio/TV,0,0
0.81283617754846,0.9075357173327174,1.087790263238041,0.555758606079248,2.031843406116983,0.6161517113091873,4.382226451259857,42,male,low,243.0,True,0,0,0,rich,vacation/others,1,0
0.1813506939004504,0.8036636084928002,0.8712293892393501,0.427279048094624,0.688357599916296,0.5631195972085675,1.251750657337782,79,male,high,266.0,True,0,0,0,quite rich,vacation/others,1,0
2.055314362666716,0.3267845944558576,0.9046805332522828,0.266619649175387,0.09152759174805916,0.5781141280170448,6.414623573587428,29,male,medium,606.0,False,0,0,1,rich,radio/TV,1,0
0.5414090113094775,0.8043171876526775,0.6422049216355413,0.1667999463801087,0.6160245317166309,1.524137373338552,0.9735185018799632,44,male,high,805.0,True,5,5,0,little,domestic appliances,0,0
1.037026802904954,1.221275479615364,1.017451347698523,1.386218406658256,0.8558395078331229,2.824235422522715,15.46483029714397,51,male,high,861.0,True,5,3,0,quite rich,furniture/equipment,1,0
1.913059108061939,1.52726183385191,0.8008796304996296,0.1903073980697105,1.831523590843042,2.019164668749146,7.164761142311738,67,male,high,867.0,True,1,4,0,little,radio/TV,1,0
1.444699876810516,0.9617599783507079,0.4242229935664903,3.046423398713122,3.419050865164147,1.303945660607332,11.54610463950969,67,male,high,787.0,False,3,3,0,little,car,0,0
0.421107744681943,1.247482324203754,0.8775000882512294,2.861742485919931,3.12003072250142,2.030263847518355,18.82888253533241,52,male,medium,902.0,True,5,3,0,moderate,car,1,0
1.101715325165608,1.187380537118271,0.1820775865710499,2.811484070958252,0.8786833333178428,0.7177997979119252,4.111956483657966,41,male,high,431.0,False,2,2,0,,education,1,0
1.832785258769365,0.6964574644267415,0.8641786261109768,1.001404091962921,1.153129476975949,2.055097918622936,11.82973349174715,64,male,high,919.0,False,5,3,0,quite rich,vacation/others,0,0
0.8276000940606058,1.253006025622034,2.139352531016241,0.927144487569383,0.4762784703885433,2.142127245731559,1.807964241496533,59,male,very_low,645.0,True,4,4,0,quite rich,repairs,1,0
0.6319028412113467,0.7436253226366735,0.6262259136953137,0.8173280722073633,1.682214557532571,1.9676822590439,30.73643662537742,53,male,high,918.0,True,5,2,0,rich,repairs,1,0
0.2163368229758082,1.593489205393475,0.8102080516591276,0.8166549582553787,1.146687774721723,2.038957161365431,9.199575087184103,27,male,high,174.0,False,3,2,0,rich,radio/TV,0,0
0.5680399732200689,0.6332335729657376,1.998333667208314,0.7807917295259142,0.4803542466761421,1.288473362546494,3.779919052486298,34,male,high,751.0,True,5,4,1,quite rich,business,1,0
2.88067895794627,0.8005397003839825,0.4225138993343354,0.4905885245614519,0.1814101951285131,0.754506495935038,11.19809236502305,64,male,high,628.0,False,5,4,0,quite rich,car,1,0
2.203082142559689,1.155569828968974,0.2033627549659753,2.75772736295522,7.223061521830078,3.860326184188744,65.14203525204822,76,female,very_low,660.0,True,1,3,0,quite rich,radio/TV,1,0
1.030279902325343,0.9913978656207538,1.320271210726864,2.323695865081049,0.9503242491298055,0.04773905459752956,1.531780837320629,35,male,high,292.0,True,5,3,0,moderate,repairs,1,0
1.320121249520796,0.8804893397343005,1.907154704100515,1.280874869618864,0.3671729896928249,0.06319525375744257,4.376934462302085,43,male,high,228.0,False,5,2,0,little,furniture/equipment,0,0
0.3716858156918489,0.6225868379157957,1.485970271040167,0.7647845524340445,2.400877125239125,3.226905235026327,21.4062951371125,22,female,medium,512.0,False,5,3,1,moderate,education,0,0
1.256772358635812,0.9376942129044542,1.093395283646254,0.4947415009592903,5.460570213194264,1.052034893649948,7.139114509809861,73,male,medium,690.0,True,1,2,0,rich,car,1,0
0.2425181709643028,0.7654247021360938,0.875593365019897,1.446919929357014,2.828336325304952,2.062212446558536,14.89340986225763,71,male,very_low,288.0,True,4,3,0,rich,furniture/equipment,1,0
0.7141433226640447,1.191306722386621,0.7763377967206044,1.054813378513952,0.05196488574444613,0.1320197174314169,5.454037910670493,45,male,high,741.0,True,5,2,0,moderate,business,0,0
1.620353996419144,0.9753210721650861,0.4165404261933448,0.9015949470447586,0.8465842790505732,0.5629132242502525,3.119905427657907,84,male,high,715.0,True,2,1,0,little,radio/TV,0,0
0.7673122935106444,0.2978877404386714,1.419125333368298,0.6898048014873133,0.608333301272221,2.513532300007525,11.19862727439672,46,male,high,266.0,False,3,2,0,quite rich,repairs,0,0
0.3691826390575667,1.201229341248756,1.247923574039047,0.2850321094776246,2.365934319364004,1.119763120244045,6.359387091393414,26,male,high,266.0,False,3,3,0,rich,domestic appliances,1,0
0.4489399561273135,0.9146704005594879,0.6471251451843398,0.04545380985610795,12.39675895899427,10.70369729405217,6.189486819298599,29,male,medium,724.0,True,4,3,1,quite rich,radio/TV,0,0
0.4270615513250383,1.398562881572427,1.284835203018535,3.748975817206433,1.65851321076512,0.03569504247603987,6.660812983747081,63,male,medium,411.0,True,0,1,0,moderate,radio/TV,1,0
2.161313993930164,1.201119109589525,0.777400295970619,3.010130003421562,0.8009299531850006,6.504223833820793,12.73868296251997,80,male,very_low,910.0,True,1,3,0,moderate,car,0,0
1.167796483736465,0.7362210635162393,1.097820403282024,1.863604822775775,2.269615070674568,1.422041690422486,11.15488757031244,18,male,medium,827.0,True,1,3,1,,car,1,0
1.540325753982308,0.9081640674752063,0.7207624816275742,1.607037853807397,0.7279008831957279,0.9093405021099539,5.823315190929403,50,male,medium,132.0,True,2,3,0,,radio/TV,1,0
0.2925474826441408,1.837593839211559,0.8104003624384052,1.407807590477241,0.06267269768429583,0.09058525156976566,5.792566393831753,54,male,high,292.0,True,2,3,0,little,education,0,0
1.044010669348963,0.891637413304588,1.432547594456727,0.9412403605916551,1.851570470357282,0.2996900688693532,17.2411851466586,33,male,medium,764.0,True,4,3,1,quite rich,car,1,0
1.153574613697009,1.056552222521613,0.4035842652793167,0.814426145091445,2.306795302722993,2.027478127943011,37.528268603767,74,female,high,750.0,False,0,0,0,little,car,0,0
1.980173457283809,1.001839354438704,1.693047013323161,0.6707947269914808,0.9620819161672904,2.517892620760755,15.49732973358909,72,male,high,774.0,True,3,3,0,,car,1,0
0.5523843362402885,0.9384094011686033,2.143253035107253,0.3154675849078562,1.746888743805031,0.9976906047411305,10.16079969603078,55,male,high,905.0,True,2,3,0,,vacation/others,1,0
1.101241234460794,0.9150834493993527,1.068388418667149,0.2561571633835192,0.1314552143195623,0.5724004333443554,3.189272274416692,33,male,high,138.0,True,4,2,0,moderate,car,1,0
0.4145525233728031,0.8175143529376216,0.5044996726085055,0.2519265589326038,0.465298944677463,1.583344245704292,8.1926973208174,57,male,medium,144.0,True,5,4,0,,furniture/equipment,0,0
0.9883612338091402,0.5865338349442766,0.4042085106465643,7.109935406394632,2.638472019074538,2.751673355571018,8.769583198635228,55,male,low,144.0,True,5,3,0,little,furniture/equipment,1,0
2.569560902654477,1.330946413088468,0.1457376194511295,3.732638120416938,2.863327916119329,3.736537565278068,25.47120334588254,47,male,high,712.0,True,5,4,0,,car,0,0
0.594062957900332,2.212043688143953,0.6201818881856177,0.1333806434469784,0.006246420496149764,0.9234984180074662,10.18842620972056,23,male,medium,781.0,False,2,0,1,moderate,vacation/others,1,0
1.499676581406443,0.5681829285616179,0.1537152065085661,3.294166744809785,2.199172848341451,1.499392764812469,12.50966306388989,63,male,very_low,836.0,True,3,1,0,moderate,business,0,0
1.664400767417893,1.892434424901237,0.4315484508600831,1.769792056454958,1.1661245604003,1.064360889250967,8.946984764552862,75,male,high,908.0,True,5,3,0,,education,0,0
2.830608511225064,1.376303971585254,1.423326459780852,1.595323111553872,1.263217337164519,4.917691317299068,12.55282411904159,67,male,medium,279.0,True,4,3,0,quite rich,business,0,0
0.5695864473527068,1.484780012115532,0.9203152719667752,0.9278300855593037,1.762817350049338,1.440543056412895,12.15376202494779,75,male,low,487.0,False,5,3,0,moderate,repairs,0,0
0.3294320195623532,0.8831212524569312,0.8039155343868725,0.8405811114240515,2.288026764101087,0.5968919877222595,7.518724671315082,67,male,low,787.0,True,4,4,0,moderate,radio/TV,0,0
0.5650395363479344,0.924825882423119,0.4959246314094066,0.7863460449997907,0.1545071828847089,0.4663289084486752,20.6724305122621,35,male,high,514.0,True,5,0,0,quite rich,business,0,0
1.671299404406722,1.659135791112203,1.114163551889847,0.4932954219912914,0.1216425691870715,0.2500089254166843,1.904687592143864,52,male,high,279.0,True,3,3,0,quite rich,radio/TV,0,0
1.192583856880448,1.869426250106461,1.158936640881737,0.1946136453001842,1.163207273303626,1.101676943082732,1.527499255829839,75,male,medium,919.0,True,5,4,0,,domestic appliances,1,0
0.6468526092134819,0.473663761247227,0.6025929283351604,3.120836724946994,6.288595250917581e-05,0.006697161326748308,12.1200024638366,37,male,very_low,106.0,True,5,4,0,moderate,car,1,0
3.063956871991613,2.321132726824551,0.6897782188036979,2.855555399323912,4.849148399878303,0.9319951481169848,8.706069260559598,20,male,medium,144.0,False,4,3,0,little,furniture/equipment,1,0
0.2406807179567194,0.7565863011033424,1.525113324841905,2.008936446307375,0.5145627031549513,0.6146485549353818,0.578622444772562,53,male,high,941.0,True,5,3,0,little,repairs,0,0
0.9990552418241349,2.248223847073905,0.600314435881981,1.059297705388164,10.42018568923858,0.9496773664700823,4.217253646023838,67,male,medium,771.0,True,3,3,0,moderate,car,1,0
3.22100470831447,1.175854145253121,0.8112082074252648,0.3947863089457085,1.275514412535729,1.029192384604042,6.922310014618658,53,male,high,776.0,True,5,3,0,quite rich,radio/TV,0,0
0.7118044921621656,1.646917592263133,0.8112542129687423,2.121656426481479,4.970319806415428,3.111621309461536,19.28576110074221,75,female,high,223.0,True,5,3,0,little,domestic appliances,1,0
2.036642771252481,0.8301529691223127,0.9205473969843405,1.214518059129659,0.8236427174789295,0.4410526252735683,2.383637524459677,42,male,medium,446.0,True,3,2,0,,domestic appliances,1,0
1.205386716500976,1.926896496183591,0.648667429596257,1.063740823299713,3.637481081569491,2.684450145488403,30.3657999640906,38,male,high,663.0,True,5,4,0,little,radio/TV,1,0
1.057204289544557,0.5470720835368478,2.167223530822996,0.6256252437660882,0.3849187998757339,0.4421669485339205,1.26910365775974,36,male,high,498.0,False,5,3,0,little,furniture/equipment,0,0
1.463810751996812,0.5175723295537098,2.98119272806216,0.5029966026949576,0.4533766473781239,1.536568455145546,3.353534483583673,70,male,high,619.0,False,5,3,0,moderate,vacation/others,0,0
1.737457089257884,0.8031367010655077,0.7650510358898797,0.4744866181329387,0.03840293381170094,0.3124305125292474,5.179226741088695,83,male,medium,749.0,False,5,3,0,moderate,repairs,1,0
1.98114903057407,1.285850784715205,0.6059485213795471,0.2553957313832577,0.05281882550265385,0.6966506500050802,4.77387687972894,23,male,very_low,801.0,True,2,2,1,quite rich,business,1,0
0.5495797353221039,0.6122313103943137,0.4274211206180842,0.1066102250811291,1.93790496166962,4.805841424150459,5.678386460161599,69,male,very_low,819.0,True,3,2,0,little,car,1,0
2.21845916126701,1.608355892294187,1.591651588317375,0.1024530560467424,0.4263801520596696,1.806420080440474,18.12468668147958,64,female,medium,620.0,True,3,2,0,,car,1,0
1.671606686151663,1.276489449927162,0.5806089593520559,5.484439379017219,3.386987821248312,1.926040182524036,7.610054314438225,77,male,high,771.0,False,4,4,0,little,vacation/others,0,0
0.4371565359646777,1.272846762262919,0.7574391352351562,2.186501903563225,3.311515722919017,0.9458244595921548,7.426760549076414,58,male,very_low,332.0,False,5,2,0,quite rich,radio/TV,0,0
0.9053219171233977,1.154826889155615,0.560486129997263,0.9465995991927578,4.265901699321237,1.232106561394915,30.98650876209561,27,female,medium,324.0,True,0,0,0,quite rich,car,1,0
0.3432860032596408,0.7244937334141536,1.670070951190539,0.4429675390584237,2.036700102044509,4.961996030273191,53.43453039273059,52,male,high,550.0,False,1,1,0,little,vacation/others,0,0
3.276009446582525,1.067685888176101,0.7523060730296384,2.280830440948959,7.314502578062592,1.625040493303059,19.67048864400909,29,female,medium,417.0,True,2,1,1,moderate,repairs,1,0
1.171032439651345,2.144517699537202,1.023812953212359,2.223707651713629,0.1051671432746918,0.04047463266034632,7.628982870547453,21,male,medium,918.0,True,5,2,1,little,repairs,0,0
0.5199725842801383,0.6747072043030099,0.9446579593874632,0.07387862812136871,6.933325254863986,5.288571660118399,5.522297777127668,50,male,medium,887.0,False,5,3,0,quite rich,furniture/equipment,0,0
1.2095826857886,0.7532522822527916,0.2962464408459521,1.391949511014108,0.0628329682002008,0.2473526358039288,10.68939245087154,43,male,very_low,288.0,True,0,0,0,rich,education,1,0
1.464841827681901,1.129107953048405,0.6749035128900308,1.173469290094149,1.843137741569414,4.864742983538852,58.96909306461241,30,female,high,266.0,True,4,2,0,little,furniture/equipment,1,0
0.5333761152232911,0.6811949768250597,0.871678287092356,0.7892939489055063,0.9808982784161293,0.536519648509584,18.28473624612038,74,male,high,317.0,False,5,3,0,little,domestic appliances,1,0
0.6785163073797063,1.510206111362121,0.6904158101806085,0.2401007152195857,0.1161584700773103,0.8850690416210452,4.822685939403692,47,male,medium,586.0,False,5,3,0,little,radio/TV,0,0
1.117068797492751,0.9998387596487611,0.5846296333644644,1.426779779620771,1.383844902515978,0.2644121467415942,2.34208172371984,72,male,medium,710.0,False,5,3,0,,radio/TV,0,0
3.043194077855389,0.9613345622013066,0.4862038133813104,0.6648918845825996,5.902746096575073,1.928779648223748,49.65403152945576,62,female,high,354.0,True,5,3,0,little,radio/TV,1,0
1.426343809910278,0.8622666947446485,0.9082255215790692,0.6194518579222127,0.5546685085248323,0.4489389670669861,1.571319832274246,49,male,medium,613.0,True,5,3,0,moderate,furniture/equipment,1,0
1.413358481983838,0.7864268527769541,0.597902387632614,0.5644640296795496,0.06050497640634671,0.323259402601992,3.222295054142054,77,male,high,257.0,True,4,3,0,,furniture/equipment,0,0
0.9037335479715655,0.6537878237811462,0.7036049959874077,0.08768896516041629,0.04227432529915709,1.760893363103388,21.70931870742524,49,male,high,909.0,True,0,0,0,moderate,repairs,1,0
1.296231580772989,0.6081854236353404,0.8715112885215833,0.6762077320829384,0.5057589068492916,1.094650519652572,7.24637542962777,75,male,low,459.0,True,5,3,0,moderate,business,0,1
0.6504114172341606,0.6055398527772382,0.7276826618485047,2.986749235692389,1.942923263089674,0.1023690391656085,3.556599334610931,35,male,medium,899.0,True,5,3,0,moderate,radio/TV,1,0
2.479959731123254,1.085828602343139,0.7042430409807074,1.825072775699524,4.032733019237875,0.9207409824794357,7.318909689877727,80,male,medium,500.0,False,0,0,0,little,furniture/equipment,1,0
0.3939799322274343,1.248628904922712,0.5557474910634304,1.209868345047151,0.4797628642530399,0.2545604857192968,1.892932991882988,48,male,medium,687.0,False,5,2,0,little,repairs,0,0
0.5410349568368593,0.8417525021641044,0.7680896454669082,1.199803702190108,0.9113795512050351,0.2730208875354495,9.114660814627939,46,male,high,228.0,True,3,3,0,quite rich,radio/TV,1,0
0.9882963160419697,1.094233545305027,0.7215684006947208,1.044767127098647,0.5031364788886155,1.428351222972986,6.062885890995922,78,male,high,597.0,False,5,3,0,quite rich,radio/TV,1,0
0.9753905552315086,1.475872159135547,0.8369294615226854,0.7228803006151808,0.3310032429958503,0.3613623089453503,7.105751935616505,41,male,high,843.0,False,5,4,0,,business,1,0
2.617274624260181,0.7615553250735041,1.549414990812698,0.1867804349257952,0.08908554917466455,0.4290528265765463,1.96961469028337,77,male,medium,288.0,True,2,1,0,rich,furniture/equipment,1,0
0.8124004666393614,0.9604248613689896,1.339647779076036,5.880101039709556,0.4952792347037688,0.01021538106722874,15.43230918303459,60,male,medium,354.0,True,5,3,0,,car,0,0
1.067162317707155,1.885663946121112,1.211159926023383,1.184144804963081,0.9945287950352542,2.497692695156593,15.98441746161771,58,male,very_low,266.0,True,3,1,0,moderate,car,1,0
1.656749800291155,1.536842503943556,0.9461376113728232,1.039642772005512,2.583154019801288,5.816711667573979,54.74495853362747,29,female,high,585.0,True,0,0,1,rich,vacation/others,1,0
0.33538298922983,0.733106789798708,0.7357734636416602,0.7849242415656787,0.0633009216933505,0.2103976148311379,8.04107960460677,79,male,medium,478.0,True,3,3,0,little,business,1,0
0.9285444226340565,1.093396115279028,0.8221337473042184,2.715394162957292,1.343204138957226,1.759174532260332,6.030478037768001,76,male,high,668.0,True,5,2,0,little,business,1,0
0.7386429930801639,1.588768399033783,0.5346808671387167,0.4650607982186424,0.3906863375581637,1.440914195428477,19.95465590194037,67,female,low,880.0,True,2,1,0,little,furniture/equipment,1,0
0.1550955973327547,1.058552239987742,2.622872688486174,0.4214227334192428,0.2369522820944902,0.3660158831540625,0.8228771413245294,60,male,high,238.0,True,1,2,0,,radio/TV,1,0
2.081839055235997,1.256930714970214,0.375719537060439,3.236826214978239,1.656288248227184,1.727108851807243,9.03540894230834,37,male,high,313.0,True,2,2,0,moderate,radio/TV,1,0
0.643806799621804,0.8335494073059264,0.5626220996917064,3.033454579074648,2.868551034524011,2.61491357932822,9.84691530026146,32,male,high,756.0,False,3,3,1,quite rich,education,1,0
1.16410989803723,0.5268371340098054,0.852830476945249,1.120132547425815,0.8057924019718214,0.8474118827937267,4.402753769617562,60,male,high,174.0,False,2,4,0,rich,radio/TV,1,0
0.7221695046514282,1.332225406256936,0.5663543724251683,0.567837522821621,1.519579635381555,0.9587979722535083,4.486484345064017,29,male,medium,420.0,True,5,4,1,rich,domestic appliances,1,0
1.019459861541329,0.7982719070834284,0.6967079288316783,0.4211440537391615,4.346025299459029,1.360295473028052,2.229751007962368,84,male,high,531.0,True,5,3,0,rich,repairs,1,0
0.3786876989776883,1.182391361237448,0.877161246596634,2.407955433555155,0.6370831921837578,0.09024012396190394,10.25875482377012,46,male,medium,640.0,False,3,3,0,moderate,car,1,0
0.501679401419366,0.9267428415506427,0.7951107381142268,1.613375678213135,0.8191918504869288,0.1892770126098709,9.753039961974789,53,male,high,527.0,True,3,1,0,quite rich,furniture/equipment,1,0
0.5664183516046423,1.115345183341531,0.6004276040276222,0.2320184916890265,0.2966871483528522,1.293474595338322,3.365931632871426,25,male,high,933.0,True,3,3,1,rich,radio/TV,1,0
1.104263114178612,2.115161582592102,0.5850336387765932,3.327063603928774,3.346798434885779,0.1367591923252651,6.499163680928172,79,male,high,845.0,True,5,4,0,little,radio/TV,1,0
1.451399480626047,0.6372269694139966,0.588658959478272,1.513884271898875,0.1771434319160727,0.159764932076523,6.491568504284315,81,male,very_low,512.0,True,3,1,0,little,vacation/others,0,0
2.283937325773761,0.4437940031065837,0.4989743280096794,2.633909383424868,2.919076932290646,1.872632774636401,12.99286189394233,47,male,medium,431.0,False,3,3,0,,repairs,0,0
1.279796667610547,1.222521969203168,0.9806065813805952,2.368175282834375,1.307199765122154,2.203817484603798,8.919088108028303,60,male,low,313.0,False,5,3,0,quite rich,car,0,0
1.603776568949417,1.219240923357018,0.8011450912457888,2.276910580142897,3.267903651582308,0.6336151278545956,9.028592456082524,30,male,high,851.0,True,5,3,1,,car,0,0
0.4428298866341013,1.21779652047335,0.3954351471438554,2.125221145831347,0.9141484105644736,0.2561775162302575,13.70473002368814,44,male,high,868.0,True,3,3,0,,business,1,0
1.315242255142952,0.9464437007742095,0.9248471955666475,0.9835965386882248,0.01638000303250338,0.097357572732415,14.14137747292839,30,male,medium,968.0,False,3,2,1,quite rich,radio/TV,1,0
1.207669204415186,0.3797826007711687,0.5053850497458342,0.737805941190621,0.01245343682938333,0.2607911505651414,15.64630375502175,83,male,medium,717.0,True,0,0,0,little,car,1,0
1.815848297953665,1.296079498392979,0.8352880992263452,1.578398481219234,1.343551779420783,2.347800923255139,17.51635331304432,34,female,medium,747.0,True,3,1,1,quite rich,furniture/equipment,1,0
0.4915875399919267,0.7812933837726418,1.598415716463828,1.335341863387367,0.6127883293054214,1.173575762338372,2.267967501352091,58,male,high,332.0,True,5,4,0,quite rich,radio/TV,0,0
0.5166373822677556,1.601220967878852,1.116104467875858,1.305366125058581,0.9605002183482971,2.870815406610228,13.24149243308036,30,male,high,151.0,False,3,1,0,moderate,vacation/others,1,0
2.945847393431731,1.844024172053057,0.7028427645202566,1.110753873024496,1.579410732705091,3.970056696246294,26.33488716890049,19,female,high,713.0,False,5,3,1,little,repairs,0,0
0.6080347372465843,0.8700165526235442,2.110178896025651,0.3904229966071386,3.115073343468403,0.4292367035094718,1.09680018179277,56,male,low,780.0,True,1,4,0,moderate,car,1,0
0.6373355361251729,0.8205649605730967,1.580910205586123,0.1949176565824454,4.082282939245879,1.19146828122432,0.8460196639149107,82,male,high,510.0,True,4,2,0,,vacation/others,1,0
0.6846697298829868,0.6857781228986801,0.8137190987761359,0.1484769702045922,0.2273595634782867,1.223473642458082,2.907073794104886,58,male,very_low,243.0,True,2,3,0,little,furniture/equipment,1,0
0.3541599892867441,1.170330390465557,1.607034308784627,1.470398945338294,0.3549207409127046,0.06490259481055066,6.351196213862547,85,male,high,729.0,True,4,2,0,little,domestic appliances,0,0
0.6482568183598979,1.956815075869684,1.382805933171397,1.112255753255005,1.718401446740488,0.2691856456526898,22.0497607446076,34,female,high,266.0,,3,3,0,rich,furniture/equipment,1,0
1.134464963152732,0.8816088142529295,0.7122243619889307,0.779499994762823,0.02731744607751486,0.1992997937728384,11.19943870846035,65,male,low,266.0,True,3,3,0,rich,business,0,0
0.8721657149908845,0.766461020976096,0.7746325280232805,0.1339404602902091,1.578057024075321,2.476077647952863,2.317375618942859,28,male,high,296.0,False,5,3,0,quite rich,car,1,0
1.633768669364194,0.5661809538900548,0.7877689303866979,1.668775120475662,9.87671625390703,0.447302950720274,5.6479968354665,55,male,very_low,620.0,False,0,0,0,little,repairs,1,0
1.133307501185082,0.9551074366573382,0.3491104032152225,1.617786226172533,0.5120295368976576,0.2788282337017003,5.323939860338509,52,male,high,328.0,True,1,0,0,quite rich,radio/TV,1,0
1.200165158257438,0.9060220468804829,1.917063828860751,1.389963930897556,0.8242944513881938,3.806585676936224,13.4966182068877,77,male,very_low,828.0,True,3,3,0,little,furniture/equipment,1,0
1.177429373535235,1.077993035299732,0.8456684039142062,0.5986535133191206,4.634264093342074,1.21443147241616,23.28126415134972,41,male,very_low,560.0,True,3,3,0,rich,education,0,0
0.7839631807574851,0.6810528929564972,1.177900599414377,0.4396555296365467,1.075445532982123,1.45199932091325,14.52011940109041,60,male,medium,809.0,True,5,2,0,little,furniture/equipment,0,0
2.447050793342838,1.278269579649791,0.4310479612305456,0.3107803786481818,1.000281011175045,1.848406658546993,6.869713407504802,85,male,low,266.0,True,1,1,0,moderate,business,1,0
1.860993819438074,0.9064175999747265,0.3013781286124274,2.775073204493531,4.390280525123398,3.11547577284442,26.83303678182985,25,female,medium,952.0,True,0,0,1,little,education,0,0
0.7182131574749696,1.409598245576958,0.7187963520875295,2.680001407453372,2.306736818089397,4.479712618276963,22.26501813170291,55,male,medium,744.0,True,3,3,0,moderate,radio/TV,0,0
0.09284144224831467,0.688111598607716,1.22766098808791,0.8741524189168733,0.7315832527421655,1.592642858795679,8.768379699655146,73,male,high,939.0,True,0,0,0,quite rich,car,1,0
1.447436845740122,1.22726848483217,0.9865040758177847,0.2928342705475054,2.147026079549823,1.202952696092026,2.955736530088566,22,male,very_low,840.0,True,0,0,1,little,car,1,0
1.586025841420923,0.7012861701385302,1.04728761403191,0.1549471604957888,0.6829384811190807,1.634272741944289,20.44143921530257,24,female,high,666.0,True,5,2,1,little,furniture/equipment,1,0
0.6757659066253172,0.8695564209473798,0.2624449274715211,3.840555715526998,16.09637013730963,10.22453148200855,100.6707038061178,60,female,high,853.0,True,3,1,0,,vacation/others,0,0
0.746649079981001,1.020235232759547,0.6148034454208972,2.856007720619671,1.763988111399815,2.197278050781905,10.74350903438988,52,male,high,157.0,False,5,3,0,little,car,1,0
1.127314320954203,0.7495355076634855,0.8769644043389694,1.919031905787831,3.15924817756561,0.2217499091434829,5.370169477563566,75,male,medium,945.0,False,1,3,0,quite rich,furniture/equipment,1,0
1.458218800798477,0.9031002884837639,0.6900135063214538,0.4183054671514513,0.1193093335918634,0.6300458275322354,11.60208088683636,44,male,medium,950.0,True,5,2,0,moderate,education,0,0
1.002045840497888,0.4795782430885799,0.7955091569530579,1.429226017554196,3.788647375562833,1.818251144860097,23.92815699864821,40,male,very_low,646.0,True,5,3,0,little,business,1,0
0.6879652517850087,0.875416741699988,0.5405421045684795,1.015153295761205,0.3916338200140889,0.3284218749323211,3.538403391576999,42,male,medium,144.0,False,5,4,0,,radio/TV,0,0
0.9719429674498596,0.6618318226537255,0.7666488840135091,0.4996806525805135,0.7182724546618349,0.6441140858326024,5.882393259021425,38,male,low,601.0,True,1,1,0,little,car,1,0
0.7138161083531482,1.422019759275664,0.8701166228790128,0.2720469027472116,1.16934279803755,1.564950982774625,18.92110905360105,41,male,medium,270.0,False,4,3,0,little,radio/TV,0,0
0.713167785671904,1.960214450602143,0.454829138284483,0.2349593575163446,0.06542804334131476,1.148042676499344,8.948454169907546,18,male,very_low,924.0,True,2,3,1,quite rich,radio/TV,1,0
1.256853611215712,0.6656289286342697,0.7956851523975925,0.09236516347971307,0.09380938069298313,1.754351188587262,12.6344042525748,41,male,high,247.0,True,4,3,0,moderate,radio/TV,0,0
0.4832283001272603,0.6699591448368116,1.038929454930842,2.95693530017452,2.826710570594121,4.102982289992744,19.08267450030132,34,female,medium,266.0,True,5,3,0,,vacation/others,0,0
1.170159105805538,1.025166168127362,0.2752260500846487,0.9381408926224946,0.03834641143373371,0.3646151190991226,12.19636003955359,34,male,high,880.0,True,1,3,1,moderate,vacation/others,1,0
0.9103065144854293,1.477309930936908,0.558795065602168,0.4297697014028475,0.2588418240841536,0.6568224766885321,2.696749033496342,54,male,very_low,266.0,True,0,0,0,,business,1,0
0.9619052605760324,0.6625612274784826,0.444528671292757,4.662858409419207,6.643083926369663,2.371271910789515,18.33770336336602,62,male,high,238.0,False,5,3,0,quite rich,education,0,0
0.6368589091869119,1.054791309864644,1.202046433300635,1.721384621608647,0.649421833399898,0.09509639656831742,6.758214819592507,59,male,high,733.0,True,0,3,0,quite rich,car,0,0
1.623426904630755,2.062482337872655,0.1207163237727123,0.9746324057322561,1.042287843382058,1.717382792170818,30.99384584555514,31,female,high,885.0,True,3,3,1,rich,repairs,0,0
1.595865789878086,1.421139342434194,0.9229068553261569,0.4380834467958509,0.02890359136611741,0.239204458511964,2.486426673257414,77,male,medium,493.0,True,1,2,0,rich,radio/TV,1,0
1.315997279328386,1.093021628906795,0.5580959139145159,4.102913119919709,1.393736524242043,2.274721003619765,5.389561388040718,43,male,medium,905.0,True,0,0,0,rich,furniture/equipment,1,0
0.7009849282906861,1.087105325577562,1.379393212071968,2.29774863387639,2.951922330265026,1.585544010871611,7.148978178934801,43,male,high,763.0,True,3,2,0,moderate,domestic appliances,1,0
1.036690788774853,1.574347049427516,0.5763960844536055,2.08288125105083,5.482209190842105,5.12608144898744,46.38848384665919,54,male,high,951.0,True,2,3,0,little,domestic appliances,1,0
0.4533260098319993,1.305064227804246,0.6294851456623218,0.934110632318849,2.295196946158588,5.323084896237151,58.07306321538307,68,female,medium,354.0,True,5,2,0,quite rich,business,0,0
0.6123334523740264,1.785924574235898,0.5834788970031777,0.4420213975756033,3.03159299635743,1.97904496519254,24.33836652504647,81,female,high,889.0,False,5,3,0,rich,car,1,0
1.871297758031082,0.9271431526661499,0.6314486348019681,0.2513432359969516,0.430455009473291,1.237300112358485,3.586360184532434,85,male,low,243.0,True,1,3,0,little,car,1,0
0.6688653641255929,0.7825044908781946,0.8886422539572093,3.26197156464753,3.060372125250591,3.8322409151644,15.31842690295001,41,male,low,793.0,True,3,4,0,,radio/TV,0,0
0.3958369516972757,0.8242838201716441,0.8007252207392694,0.9774960761070517,0.8001433090103762,0.3834546450543367,10.9041362441123,48,male,high,698.0,True,3,3,0,quite rich,furniture/equipment,0,0
1.165286249587371,1.345380319109623,0.5007111914960155,0.7026298154525954,3.849861442093997,1.161880519992818,6.786141178148107,45,male,medium,974.0,True,5,3,0,rich,car,0,0
0.8067408850062572,0.9542409895451085,0.6092009112679442,0.1880876252418164,0.03366523085578734,0.9615187420929101,10.4468511957141,74,male,medium,706.0,True,5,4,0,,vacation/others,0,0
2.620301971934285,0.9076565053987898,1.535153451330628,1.001150128432038,1.226742541643514,5.525015031536466,17.14852986494623,43,male,medium,912.0,False,5,4,0,little,repairs,1,1
0.2513013022065671,0.4286888845027767,0.9249595104825322,3.16598377525352,5.0898703315762,0.1133661104110308,6.147389340194649,81,male,high,266.0,True,5,2,0,little,education,1,0
1.616397092510323,0.7618301412471087,0.4067836107945696,3.035375124043998,3.189631648793199,0.9379730652259848,14.179938635258,76,male,medium,827.0,True,3,3,0,little,car,0,0
0.9905553552934939,1.921776496960115,1.186790164550276,1.862748523514824,1.596075693785318,1.452370519944245,3.749029495535348,31,male,medium,808.0,True,0,0,1,,repairs,1,0
0.2488937248070165,0.8468260644806987,1.034075079869092,1.268539817045176,1.779723457567123,0.2442373213717903,5.122097132218981,68,male,high,317.0,False,0,0,0,quite rich,car,1,0
1.712683423829529,1.034946856239675,0.8840146437212918,0.7542790041716556,2.15439091040103,0.858072142008055,7.769637107007804,23,male,low,610.0,False,4,3,1,moderate,radio/TV,1,0
0.4276076737897078,0.8259856774405463,0.7099960471191461,0.511484811549597,9.388417245463494,1.750012350361018,6.937140959243038,60,male,high,266.0,True,3,3,0,little,furniture/equipment,1,0
0.5961714679323018,1.199621867600049,0.7430109765421988,4.128823516173058,3.326868144006504,3.914496845033211,16.85947910701755,55,male,medium,464.0,False,5,2,0,quite rich,business,1,0
1.779842579551116,0.861862366737586,0.1638260728084137,4.116127627116414,7.815407830596781,3.106821393398052,65.03240377490604,62,female,medium,655.0,False,0,0,0,moderate,radio/TV,0,0
0.9332689962833868,0.6591900019099537,0.6905826565248969,2.170378108747346,0.5955971231652892,0.1321297328464429,12.20853476352717,82,male,high,699.0,False,5,3,0,quite rich,education,1,0
0.7375076503208801,0.9014181683727475,0.7086776165948825,1.169379764634631,2.779697824895227,3.854857057194615,50.10555935843486,44,male,medium,896.0,True,5,3,0,,vacation/others,1,0
2.926999135196247,0.9055979773810648,0.9024552275120421,0.9936863292233646,0.4486802908791224,0.2502438053028429,13.64737394323725,82,male,high,731.0,False,5,3,0,,education,1,0
1.72184843781076,0.814097913216485,1.0138045522514,0.858765740960813,0.005068151087857084,0.06412432838939675,3.593847141105034,23,male,very_low,579.0,False,5,2,1,moderate,vacation/others,0,0
1.360489898586537,1.179461444921825,0.5479156536187085,0.6985500310626216,0.2987152499784849,0.5324672273473366,10.85879529507195,37,male,high,928.0,True,0,0,0,little,radio/TV,1,0
2.764926003152566,0.6160482180841187,0.3567819165033027,5.461922128583066,2.582418660100312,1.342282012049391,8.97159259496174,63,male,high,661.0,True,1,2,0,quite rich,education,0,0
0.2924918093552711,0.5708431692446462,0.5338594881783247,3.23467482741261,6.106481100462021,5.393829552476588,41.51743417943092,80,female,high,843.0,True,0,1,0,little,domestic appliances,1,0
2.494720836623212,1.033198493564154,0.3318865792460459,1.402611786695681,4.777154020997854,1.953074300726349,43.32738285672006,34,female,medium,797.0,False,5,3,1,quite rich,car,1,0
2.200859277526137,1.07296884245355,2.064443449165153,0.4085374350341874,0.1573197861629831,1.62183950215052,5.674367499603541,47,male,medium,238.0,True,3,2,0,moderate,car,0,0
0.5656346311777395,0.9243008135044435,1.113971171972542,0.3676523041886212,0.9759520503364693,0.6524944544557449,3.394379233668658,72,male,low,828.0,True,2,2,0,moderate,repairs,1,0
1.355246135831484,1.369437082300746,0.7145671162351673,0.2670293597616086,0.02141993867174365,0.5369288909949409,5.268158113036041,50,male,high,163.0,False,4,2,0,little,education,1,0
1.245838213020807,0.6801707080480451,0.7140771635112368,2.137543915341516,3.945251558418935,2.131356930851479,21.37556213839389,47,male,low,905.0,True,3,3,0,quite rich,domestic appliances,0,0
0.9521941551762088,1.508555090720432,1.023595903403878,1.954145460378551,4.766318997568631,1.605989746532921,9.398932456396166,44,male,high,735.0,True,3,2,0,,repairs,0,0
0.8691811449313509,0.6976436981237508,0.7689372152452053,1.856915244831033,2.337252019519688,1.387222555205615,12.6575783283424,67,male,high,449.0,False,5,3,0,little,car,1,0
0.2540104040651529,1.778913960663585,0.5148669390486518,0.940740971246073,0.7315286214143872,1.74245490819485,14.60139213092074,50,male,medium,820.0,True,4,3,0,rich,furniture/equipment,0,0
0.2802969054758263,1.320216138885492,1.217387037039103,0.7319725039259184,1.003336558946419,0.4862028284967889,5.33226009981404,34,male,high,648.0,True,0,0,1,little,car,0,0
1.829637747964646,1.084081745180489,0.5985500916488491,0.5343063526691038,1.695850255620142,1.030329044202141,25.61473664009972,23,female,medium,544.0,True,3,3,1,quite rich,repairs,0,0
1.096253840771871,0.7789496223043804,0.2573470046503812,7.586612238389375,0.7568516578327756,0.04134504614814112,13.42773406111393,47,male,very_low,520.0,True,5,4,0,moderate,radio/TV,0,0
1.901109620562362,1.662799481682294,0.7528132381673338,2.82869294820275,3.062352272372018,2.315102844257283,11.55710009625878,47,male,low,223.0,True,5,2,0,little,business,1,0
1.016517420999242,1.097437551936472,0.9728957346376761,1.657471733707764,0.980713300841356,0.101524494442396,0.9268955322436163,42,male,high,257.0,True,5,3,0,little,business,1,0
1.031442243956413,0.4551318654522281,0.2722511456288773,1.193320933200303,0.4442229378183513,0.602237699488304,13.48675101661743,60,male,high,547.0,False,5,3,0,moderate,vacation/others,0,0
0.730230573509529,2.222941345747703,0.6559046602886993,1.140353475423065,1.060614422497674,0.524370147866456,3.946765420809475,38,male,high,202.0,True,3,2,0,little,domestic appliances,1,0
0.4700512291652024,0.326016235040693,1.901003426477781,1.115764324879304,1.010802845865339,1.5812527914316,3.777568046325814,37,male,very_low,892.0,True,4,3,0,moderate,car,1,0
0.4633152045881181,1.654888982056378,0.7383142223398933,1.104467590139425,1.886224280454883,2.197717302868214,28.19121516015307,31,female,high,802.0,True,3,3,1,rich,furniture/equipment,0,0
0.892044933961183,1.3203605735716,0.4715526134469299,0.8695210062773681,1.283810519412179,1.814329568054314,19.57780037519349,72,female,high,390.0,True,3,3,0,little,radio/TV,1,0
1.873969301172094,0.6309316449288815,1.036166007724216,0.6442934031406123,2.129713332200215,0.517418387562035,3.231909243085517,43,male,medium,163.0,True,0,0,0,rich,radio/TV,1,0
1.092166631489307,0.495157768881925,1.078468312722519,0.02485842006934378,0.06458224240236415,2.040257656070315,1.211348452590781,68,male,high,833.0,True,5,3,0,quite rich,car,0,0
0.6353522441168042,1.046207600865474,0.3378018177828856,1.748154200931469,3.257272746400768,0.7082176120849158,10.41361809669446,32,male,high,781.0,True,5,3,1,little,business,0,0
0.9112549682856248,2.075601138713924,0.8441464646832351,1.123669191459374,4.357321599800393,0.569830698367128,13.75235964365721,33,male,low,374.0,True,0,2,0,little,vacation/others,1,0
1.118959306994121,0.9338854769662782,0.6930696456410644,0.58464701008028,0.4470423093318757,0.6892103030044059,20.27195162254042,77,female,high,850.0,True,5,2,0,moderate,education,0,0
0.5868360618265338,0.9573798977679653,1.060095130109006,0.4833998727873245,0.7697903837941695,0.4875679721120547,4.330997811775,47,male,medium,856.0,True,4,3,0,little,furniture/equipment,0,0
1.217321479061478,0.6133157139821961,1.13679577474709,0.2575951710179672,0.1876367499270571,1.469228000359085,9.03363818852795,18,male,high,266.0,True,1,3,0,quite rich,radio/TV,1,0
0.5520384734123505,1.086750731673845,0.8314719475855389,0.545774006262257,0.3295027383883591,1.975217137835071,18.05175464748515,27,male,low,729.0,True,5,3,1,little,education,0,1
0.7469313190408865,0.9360224060811926,0.4448664940516899,3.880747312376866,4.919325267238876,4.900766278698942,36.74979889688701,23,female,high,650.0,True,4,3,1,,repairs,1,0
0.7169950430462959,0.8956637283782448,0.6883116337682247,1.895807323527996,2.078684565577223,0.8385895485070259,9.645880495359108,85,male,medium,698.0,True,0,0,0,little,radio/TV,0,0
1.198241541155515,1.063887675372358,1.570004486051274,1.562604743611352,0.713050770363357,0.9887684338348111,2.894036498485884,48,male,very_low,853.0,True,0,0,0,rich,vacation/others,1,0
1.419058600372674,0.7744510872074685,2.627339893844512,0.8751885237153503,0.667074434321491,1.26858129741061,1.476243322169722,21,male,high,464.0,False,0,0,1,moderate,radio/TV,1,0
4.157894818976445,0.5231442299622582,0.5740360970757815,0.4275157714210173,0.9390640393799115,0.8726703354090435,1.013484592334806,60,male,high,266.0,False,1,2,0,little,business,1,0
1.568542206756872,1.112072347684912,1.156328565910886,0.410297960450576,1.458302470466644,0.6561668600749325,2.041107910684612,30,male,high,625.0,False,5,3,1,,vacation/others,0,0
1.11285016460444,1.601834230008136,0.8608479967092151,0.291414696467014,0.733983009578238,0.7979171993255088,11.4880476119005,82,male,medium,252.0,False,4,3,0,moderate,vacation/others,1,0
0.4495437406221156,0.9426576484087701,0.7484630652936861,5.144210567219599,7.110446730239063,3.909282113211686,12.97650198361193,71,male,very_low,852.0,True,2,2,0,,education,1,0
0.6140620304040442,0.7590833117344187,0.4247659859617318,1.942952531590064,3.472969330531924,3.272766355690472,33.68501751665737,28,female,high,538.0,False,4,5,1,,repairs,1,0
1.458151762868751,0.5426394693486791,1.150947822398969,1.585024311439936,4.586326670456581,1.581300494751622,23.15375360338567,61,female,high,266.0,True,0,0,0,little,car,1,0
1.263725528562708,0.8220109741931761,0.7198989055366473,1.208447486443453,5.580492394960238,1.861642993511858,31.53086516644738,63,female,low,473.0,False,3,3,0,rich,education,0,0
0.8719324327614435,1.937622712553562,0.649848939713314,0.6413035753850517,0.9782803220867742,0.7183774231389762,10.85402377363607,72,male,high,540.0,False,3,2,0,little,furniture/equipment,1,0
0.3203019543616862,1.170961109848924,0.9713233406773256,0.2239647376520925,12.98181664079364,2.933406091579507,5.889825596552702,47,male,medium,439.0,False,3,3,0,rich,radio/TV,0,0
1.078028846903497,0.8711550332269481,1.435688684006308,2.222844476550163,0.08161410684872264,0.02829243883482865,14.43050922293203,50,male,medium,971.0,True,5,2,0,little,business,1,0
0.6479589056487786,0.6276719244873519,0.6083869396561755,1.98924450934688,2.600955288089378,0.2358248627057908,2.579290776812475,45,male,medium,573.0,True,5,3,0,quite rich,car,1,0
0.4303566599042899,1.028515904398916,1.032494154885797,0.6562594127005166,21.77441448103137,1.724754181035262,19.20001795896823,77,female,low,487.0,True,5,3,0,little,education,1,0
0.2889861153331261,0.7419822179867992,0.6978843724177719,0.616595379994146,0.9710131552131719,0.7296185057053951,10.76906763122019,85,male,very_low,871.0,True,0,0,0,moderate,business,0,0
0.2715005135506234,1.431303746602482,0.5010838293739948,0.1840302853551478,0.0003285010164684637,0.5273361310517397,13.83823085274362,53,male,high,,True,1,2,0,little,car,1,0
1.320938249646404,1.361630773803535,0.3402529387938085,0.107109454329951,0.2416420842846002,2.767374215508449,3.610267484467249,62,male,low,821.0,True,0,0,0,quite rich,repairs,1,0
1.326060753331581,0.8740715649151563,0.3828839149591168,4.120415603933902,4.259811386720658,2.219730399598155,18.74389278467427,28,female,medium,157.0,True,2,2,0,rich,radio/TV,0,0
0.9935307245988765,1.851885156957945,1.132001589304472,1.70273370513445,2.529400919145225,1.082109898295655,6.526917570575408,69,male,high,266.0,True,2,3,0,moderate,domestic appliances,0,0
0.5324813054119816,0.728146539623716,0.8317949862373291,1.275492322835929,3.982986944370317,0.4687892996643964,10.94518642357773,49,male,high,180.0,False,0,0,0,little,car,1,0
2.255479389714043,1.143830647532879,0.6109669036561187,1.082692351110202,7.243934748241442,0.8113145323659371,4.059047320070738,38,male,high,320.0,True,2,3,0,little,radio/TV,1,0
0.3770484979680513,1.394209379442512,0.532031161590711,1.072684486331376,5.274313468419705,0.7947634604445554,4.723737742094763,37,male,high,686.0,True,5,2,0,rich,domestic appliances,0,0
2.242639596136168,0.5788436615821032,0.5611784933357135,1.068084157887621,3.327369829724213,2.668501177291007,51.9509709510935,25,female,low,945.0,True,0,1,1,rich,furniture/equipment,1,0
1.117489751664914,0.9917257189361077,0.4570733203832505,0.8510857465189913,0.3824083568247266,0.4450728502425148,3.075677202844223,78,male,low,875.0,True,2,4,0,,domestic appliances,1,0
0.4996378104446279,0.5401097025646022,0.8961397740385921,0.6461365488417804,15.61724388713555,1.346497102472359,4.124888380007772,47,male,medium,292.0,True,5,3,0,quite rich,domestic appliances,1,0
1.522905206686223,1.806470155901958,0.6329707606751905,0.2627909190248077,3.416644151413327,2.159271174489093,3.739195766040338,32,male,high,580.0,True,2,1,1,quite rich,vacation/others,1,0
0.2481452805978498,0.6634419047751132,0.1601429602046373,6.591958073329015,6.041566235302243,4.304276980054633,25.75734080285847,35,male,low,197.0,False,4,3,0,little,car,0,0
1.12895242765917,1.03953039656505,0.858061096046207,3.599532034977102,1.756500429830592,0.04885762065814621,1.471899063150861,28,male,medium,514.0,True,1,2,1,rich,business,0,0
1.426481924248012,0.9808603269586582,0.6293347841781952,2.225580317042255,0.8394147559332505,0.1517062319531406,10.17862292292664,36,male,very_low,106.0,True,5,0,0,rich,radio/TV,0,0
1.155531758051226,0.7719150458335994,0.8657773273713533,2.09509263090274,1.261074162389649,1.278534905578194,6.075719513898036,40,male,medium,284.0,False,5,1,0,rich,radio/TV,0,0
1.304073490320673,0.7527931239354435,0.6590274711083131,0.750629977097387,0.62560654810846,0.6611826158403359,28.80725442302274,74,female,high,502.0,False,5,3,0,little,education,0,0
1.591532410252257,1.261187346307224,0.780226856993781,0.4981243569824394,0.9988057120846328,0.8335068708067712,11.28246379878889,47,male,high,320.0,True,4,3,0,quite rich,domestic appliances,1,0
1.48467113792224,0.4895918900206533,3.610686045853648,0.4458402140164884,0.2193802112522751,5.742502011988683,6.158161374895136,81,male,medium,266.0,True,1,2,0,quite rich,business,1,0
1.156854750097192,1.185344870468419,0.9583906298081566,0.3179387548948133,0.5608624137777031,0.8329873252867578,5.418390499884308,69,male,high,186.0,True,0,0,0,little,repairs,1,0
0.3898983036846779,0.5764221860060946,1.133469185727695,0.8444707636204811,15.20217105044505,0.7638322108413154,1.812171545974036,59,male,medium,961.0,True,3,2,0,moderate,domestic appliances,1,0
1.010089076295739,0.6929131809731702,0.7238282518204107,0.7458056902940828,2.280577369880959,0.7652753164072448,5.912748702084766,47,male,high,861.0,True,0,0,0,moderate,furniture/equipment,0,0
2.768162196955255,0.233182035108395,0.7041915346474632,0.04502592690562456,0.393687463528773,3.816665187187867,7.922719035253174,57,male,high,284.0,True,0,0,0,moderate,radio/TV,1,0
1.669080381724729,0.4990270689288236,0.788812308809955,2.140584968297298,4.486370491606421,2.286350004799169,37.36333360899255,20,female,high,531.0,True,5,1,1,little,vacation/others,1,0
1.57678615631058,0.5653959127353582,1.29740902556851,0.7979722225940072,1.355682773643035,4.372169530230792,14.10430563020852,20,male,high,493.0,True,0,0,1,moderate,car,1,0
0.4630937521899879,0.9177650565860077,0.6140069215421916,0.7552369707591786,1.511972420317905,0.752458136307223,10.28492265170827,83,male,medium,733.0,False,5,3,0,rich,education,0,0
0.4912734486930821,1.122013874167397,1.497808677375524,0.6562261484317109,0.5570539769911429,1.605782515839568,6.71018009435898,39,male,high,614.0,True,3,3,0,,car,1,0
1.174705506334749,0.7504093460311888,1.316854788154885,0.5122370056016884,1.450249934329434,0.4887100631765046,4.427709412773188,42,male,very_low,858.0,True,5,3,0,,radio/TV,1,0
1.532739876277727,1.055547350409407,0.4619190922750875,1.025700392342892,1.917892753235574,0.9635275053877623,14.29805455827509,51,male,medium,275.0,True,2,3,0,rich,education,1,0
1.695329535762109,0.8302859895576965,0.8935065567381625,0.9490114472119376,1.182579972897639,0.3233503833877356,5.751114931068157,18,male,high,792.0,True,0,0,1,,business,1,0
0.3011592727881258,0.5539083744698842,0.5721396428241602,0.4112011369427099,7.658420221501533,1.806279253467712,0.7577100816186839,42,male,medium,547.0,False,4,4,0,quite rich,business,0,0
1.130575790920866,0.6974959137795969,0.5033297571944192,0.06259049296520489,0.1729755989059787,3.215758478347884,5.344797346091545,29,male,low,186.0,True,5,3,0,rich,repairs,1,0
0.6016241540089948,1.073346839981712,0.3839122953190282,3.763664080631648,2.644849080827853,5.502067326923465,21.05207214182721,39,male,high,305.0,True,3,3,0,,education,0,0
1.193187798290193,0.9899963776593541,0.6450923197280186,0.5527299968908317,1.532150249801944,2.322791790523387,33.26135733852146,68,female,medium,721.0,True,0,5,0,little,repairs,1,0
1.195753148652266,1.31072499531258,0.9373698354259686,0.4375808724074773,0.3075810413922668,0.5757466762700105,16.50888234375231,75,male,very_low,952.0,False,5,3,0,moderate,furniture/equipment,1,0
0.9625646566269541,0.8630702153422107,0.1224505222046038,6.922308097895601,6.075224459886468,0.9809366526156683,13.86573212892234,80,male,low,773.0,False,5,4,0,,furniture/equipment,0,0
0.7552258349680121,0.759935665147367,0.9929096750039316,3.244569091287948,2.221575720684614,0.08170127651274373,8.234447746667806,62,male,medium,380.0,False,2,2,0,quite rich,car,1,0
1.352398313066055,1.057762137082336,0.3445119574083086,3.188151203737575,3.390964122178842,2.394382106043831,21.92718605658927,19,female,high,653.0,False,5,1,1,quite rich,radio/TV,1,0
0.6104672540503334,2.293293297958828,0.5704222102742764,2.984211074632225,0.1165843531545721,0.05611080774707939,9.938319844483146,46,male,medium,731.0,True,5,3,0,,repairs,1,0
3.232057552958938,0.8189586806893019,0.2831180324539819,1.67238079222017,4.902096182954813,1.325700098529737,21.46043899709302,37,male,high,770.0,True,1,2,0,moderate,repairs,0,0
1.197446479689508,1.723135731291431,0.869691089762748,1.339401560437323,0.5847110494545387,0.1939654920657255,4.858602776980038,76,male,medium,305.0,False,2,3,0,quite rich,domestic appliances,1,0
0.8438843186277852,0.9215427194447449,0.6253525214148431,0.532230187459895,0.1150857851176358,0.4974666178777176,8.316923245572019,27,male,high,736.0,True,5,2,1,moderate,domestic appliances,1,0
1.354329993021607,1.761556305776131,0.7361960135848696,0.4816394001857852,0.7164963829118121,0.6854814079042936,4.810818090495842,32,male,high,478.0,True,4,1,1,moderate,domestic appliances,1,0
1.773705668625637,0.553753312303326,0.3082671091088242,2.629109984463816,9.075274308553366,2.968014615817613,40.12910589562338,68,female,high,516.0,False,4,3,0,quite rich,car,1,0
0.4778168852848373,2.384046190021128,0.4733645514584796,2.51385181188492,1.90191765671878,3.027241327692481,11.68903709759838,57,male,high,495.0,True,4,3,0,little,business,1,0
0.7819554322405036,0.7753563483425429,0.4042101246429975,1.951333875270008,2.738709801147736,1.416985460341493,15.43547514149925,61,male,very_low,631.0,False,3,3,0,moderate,vacation/others,1,0
1.778334250189208,0.6843661787862315,0.5359028388223973,1.432094657865176,0.8243375192100181,5.822500403174848,21.14260243255718,58,female,very_low,223.0,False,5,3,0,moderate,radio/TV,0,0
1.228141231863698,1.109386055565724,0.4604201829497866,1.399042307057975,5.154856896100606,3.050465383631182,36.78856707335023,23,female,medium,885.0,False,0,0,1,rich,car,1,0
1.102825892735665,1.327795715112874,0.8242876800642651,1.000255795175883,0.3690374329037358,0.2477392758199721,7.413545837425023,65,male,high,594.0,False,0,0,0,rich,furniture/equipment,1,0
1.419448947815853,1.142896070204564,0.6983670506057033,0.1792439294016464,0.05634595070730166,3.290366665507487,11.80218195178997,54,male,high,422.0,True,5,3,0,little,business,1,1
1.845576278303777,1.297436326496783,0.5801988539604863,1.199102845014126,1.257730588431799,3.49900920463049,31.10048680991628,79,female,high,860.0,True,1,3,0,quite rich,car,1,0
2.368872470801087,1.082321651205496,0.7023697103185952,0.4481811100951524,0.4179406345176137,0.3857892256843587,3.432955513195698,67,male,medium,218.0,True,5,3,0,moderate,vacation/others,0,0
1.290707692554894,1.056771140470175,1.04930390126551,0.353169619593025,0.1945759537139248,0.5372423041605761,9.333585062218235,30,male,medium,454.0,True,5,4,1,little,car,1,0
0.3797674666031111,1.257298220336958,0.5025357661531684,0.2856077470795807,2.298374999864296,2.147447178424108,2.827484706496322,33,male,high,949.0,True,5,3,1,moderate,vacation/others,1,0
0.6661615024577201,1.409266375423618,0.2886927163209508,5.184867593848198,0.0660349411323746,0.03467035023348142,19.88453059633675,22,female,medium,620.0,True,5,1,1,,repairs,1,0
0.7425312221582101,1.035828719925736,0.1784625688185123,3.551320244854174,7.344204370796168,7.261830038109962,79.87256096452816,34,female,high,305.0,False,5,4,0,rich,furniture/equipment,1,0
0.4327310215608491,0.8789045619463746,0.8907696984754437,3.155843045134017,0.9707593685799174,1.643210131331633,4.368221395496915,76,male,medium,887.0,False,0,0,0,,business,0,0
1.036073198860344,0.4562835490544966,1.228944032698909,1.831217469982954,2.95923964517528,2.819441752823681,15.5964335545015,66,male,high,758.0,True,2,3,0,little,radio/TV,1,0
1.530947656282583,1.609048934351146,1.006385704762736,1.123950101201014,3.546886533677657,1.757636842129145,14.23758231367083,43,male,medium,618.0,True,2,1,0,little,car,1,0
1.732180284902176,0.7852084160849971,0.9314553105065899,0.1388197512159981,0.5959427441772138,1.519476701177364,2.427479253661729,22,male,high,223.0,True,0,0,0,rich,radio/TV,0,0
1.01162929158424,1.515959066098664,0.2678437351676156,2.078299540456215,4.736565429476979,0.7027926049797611,13.03432772206655,77,male,high,725.0,True,5,4,0,little,repairs,0,0
1.025075157200197,0.9748877461601434,1.965028037433474,1.047899337130397,1.017228393929334,1.154161273742096,4.770617513985614,79,male,very_low,500.0,True,0,0,0,little,furniture/equipment,1,0
4.152820863621492,1.32166136048439,0.5708295041526759,0.5834563662466289,0.1018945963101663,0.4260677132649983,5.977781814985924,69,male,high,168.0,True,5,3,0,little,education,1,0
0.8079368208809895,1.767467371469638,1.265276170790675,0.4586841735007193,1.145347756495968,0.5580364754393464,7.18711845946327,40,male,high,825.0,True,0,0,0,moderate,car,1,0
0.5045736747392596,0.8002206266871289,0.9892953199312511,0.339015962472846,0.001900636236714687,0.1743559565337469,6.50615157891062,56,male,low,223.0,False,4,3,0,,business,0,0
1.072251383352997,1.396036115067309,0.4434238127205744,2.583888617379175,0.7166302332870441,1.334235574322449,3.770658753691713,45,male,high,247.0,True,3,3,0,little,repairs,1,0
0.9550645762828093,0.8354163358936778,0.5787505717101546,2.07645462943985,5.250959833407737,1.009386651803636,11.57391526226039,80,male,very_low,631.0,True,5,3,0,rich,car,0,0
2.688939045217106,0.6314875768903399,0.8197248003386425,1.737653536032786,7.420577484410897,0.3404967377368872,4.0594852956217,74,male,high,305.0,True,3,3,0,quite rich,repairs,1,0
1.614868671347951,1.701615439048523,0.7090407024019211,0.2665919204086454,0.6509214875924061,1.198596762223463,4.336064381202353,61,male,medium,742.0,True,0,2,0,moderate,car,1,0
1.312698036916326,1.111999566250754,0.4938407741148981,4.842767789783633,3.028002022129298,3.596307384251787,16.08689533906269,69,male,very_low,852.0,,0,0,0,little,car,0,0
0.8589817452924882,1.305997236699604,0.6964587778517545,1.77064335948689,0.6962911302387674,2.107975742184767,9.000260107393693,72,male,medium,223.0,True,0,0,0,,car,1,0
0.8321301710024208,1.503520437234437,0.961375518170778,1.169633733170953,1.130333870974546,0.219927403693505,3.26626882340553,67,male,medium,420.0,True,4,3,0,little,radio/TV,0,0
1.674233953929022,1.771479787032485,0.8810346090926411,0.3976524789960924,1.068779312628687,0.635835563906551,0.1900735962554313,74,male,high,640.0,False,5,3,0,moderate,repairs,0,0
0.5792710271766102,0.684203619074549,0.2545103602625013,0.318639582855588,0.5950748425329362,1.773787085494886,1.422551255474577,78,male,high,270.0,True,5,3,0,quite rich,radio/TV,1,0
0.5352440698595782,1.253415374928112,1.210487714415284,0.3094026535502623,0.7296325130152839,0.9646048570383521,10.16230044594072,55,male,high,632.0,True,3,2,0,moderate,vacation/others,0,0
0.558286435197059,0.8800402360652972,0.8112486352003849,5.022430016809811,4.820234002296482,7.619785567730181,21.59804002254492,72,female,medium,789.0,True,0,1,0,moderate,education,1,0
1.039340581026703,0.5581670579223932,0.6592775174456545,4.292174276244466,0.4022872987688102,0.03962079496648174,15.62056764381154,76,male,medium,884.0,True,0,0,0,,education,0,0
0.9670599333931522,1.033931209652378,0.8420393078686911,2.027369477834212,0.1565727208613343,0.0634736409075,8.700452674172164,62,male,high,589.0,True,0,2,0,little,vacation/others,1,0
0.6580988828263985,0.940214673649207,1.414396341979755,1.445926261670383,0.927462247627688,0.1076908325611694,3.062986666621044,38,male,high,547.0,True,4,4,0,little,education,1,0
0.5646165591282518,1.275939816594182,0.8233183904494087,0.5434568702449852,0.07026142972400796,0.3460209709294788,14.10565217827309,35,male,medium,669.0,True,4,2,0,little,car,0,0
0.8169647030618287,1.357674245448888,0.5459669163386381,0.5429567534214615,0.2875393292660207,0.4713523458459803,1.050348918285873,76,male,high,464.0,True,2,4,0,quite rich,car,0,0
1.057635087588873,1.002842401393272,0.417310076084891,0.5405056902168403,0.6575535530070845,1.239047882230431,26.50588915922955,30,female,high,560.0,False,1,3,1,little,car,1,0
1.223216108077505,0.4393712186383595,1.305264265449355,0.4351274546423792,0.7725973584382324,0.5158279241658543,6.51088846146126,22,male,high,396.0,True,5,3,0,moderate,education,1,0
1.896800728287277,1.564051379245272,1.10886942035807,0.3277798160523716,0.1034018102547323,0.3699715391574124,2.186978002428414,84,male,medium,635.0,True,5,2,0,quite rich,domestic appliances,0,0
1.399279035411888,1.561664566894878,0.4544328929822963,2.390802079038154,3.694769173536765,2.722616836611377,44.24869346589372,19,female,medium,779.0,False,0,3,1,moderate,repairs,0,0
2.228848854775423,1.062961929075183,0.4541126992301457,0.9759677118121372,0.002785266022582815,0.134776685726091,9.671807670588834,81,male,high,709.0,False,5,3,0,quite rich,furniture/equipment,0,0
1.562228894197456,1.632204697743076,0.5826339900206298,0.1441267518824952,0.2292251853975616,1.709215688974933,5.443561084981067,46,male,medium,709.0,True,1,1,0,quite rich,repairs,0,0
0.7275110103255202,2.174721513077261,0.8242361703897217,0.09687944597544498,0.9679297227628987,2.742485364096266,6.355520459164989,43,male,high,947.0,True,0,0,0,quite rich,radio/TV,1,0
0.8149069738873347,1.387047453900688,0.2778660997761011,3.026443852455612,7.700057189365134,1.677578235222404,27.70833591171819,24,female,low,619.0,True,5,4,1,little,vacation/others,1,0
0.6596899460157061,1.225809275707932,1.466803382044265,1.104936164722677,0.4682436377955737,0.104227349530891,1.94748446792907,71,male,high,99.0,False,0,3,0,little,car,0,0
0.8476216937728368,0.6798956788097692,0.7119395989742314,0.06251633645710859,0.6175156317220087,2.782147005883867,0.8618633221849987,62,male,low,464.0,False,3,3,0,moderate,education,1,0
0.5553927727826726,1.091422925193732,1.534361649037206,0.05370897600788585,0.2487075936435856,1.573262866002832,3.090095055636352,40,male,high,343.0,True,0,0,0,little,radio/TV,1,0
1.424229290176229,1.154467300458305,0.6181734556133954,0.1996092441323838,0.2754133280246318,1.372640176538593,2.826446849038113,46,male,high,266.0,False,0,0,0,moderate,car,1,0
0.6504155472168968,1.596685412968264,0.9480543679391229,0.1960725147148513,0.7205846337951437,1.750521916232831,28.93883234261639,43,male,high,626.0,True,5,4,0,moderate,radio/TV,0,0
0.8499756416069292,1.909059683312361,0.4101142308535351,2.862966608927711,0.340768674276464,0.1043640806408515,11.51346592683046,63,male,medium,238.0,True,3,4,0,moderate,car,0,0
1.6928497138011,0.4194924515904811,1.845836693750619,1.899288380941814,0.2048610487056532,0.02938696572056332,5.46682880653124,19,male,high,820.0,False,3,4,1,little,business,1,0
0.4789371357670125,1.351185305456175,0.7414885762898815,1.630619018392903,3.273989000348432,4.663211647993323,54.98141024490138,75,female,medium,596.0,True,3,4,0,moderate,education,1,0
0.9221310341982576,1.677842097671052,0.3527704737780822,1.339870737604657,2.776356811187897,2.326376533385512,25.62435670925182,22,female,high,,False,3,3,1,little,domestic appliances,1,0
0.8424068056014061,1.292641331842254,0.6235648855375955,0.6653973019977317,0.7557260286072877,0.9978755440822693,12.12186503764522,34,male,high,876.0,True,0,0,1,rich,education,1,0
0.9948209899776167,1.30730145723165,1.756840408733757,0.5273563385984487,0.4792403869898368,1.536932316545823,6.841325644210445,63,male,low,901.0,True,2,1,0,rich,education,1,0
0.4678641023411814,0.997441203013941,1.114361070735781,0.3167431991227343,1.137795128175185,1.179118643175478,15.8291374738322,37,male,medium,390.0,True,5,3,0,moderate,vacation/others,1,0
0.637529442512724,0.6731402839538552,0.6481993554098565,0.2780777836125423,1.657821305940651,1.702662166182038,5.358194674548994,39,male,medium,850.0,False,5,3,0,rich,vacation/others,0,0
2.790897888895463,0.8298012100433061,2.886085236964981,0.1906756532966384,0.2506406859537971,2.611402211810816,9.71452558327689,75,male,medium,157.0,False,0,0,0,little,vacation/others,1,0
2.596570155689198,0.9122202647106924,0.1908455534807656,3.288384799686729,4.792926404637858,6.664144207176376,76.1871209988308,71,female,medium,764.0,True,0,0,0,moderate,radio/TV,1,0
0.3963306722220736,0.8204880301546622,0.8617755322509997,1.207303323937872,1.114073395633658,1.018489535247772,6.463981128669182,64,male,medium,266.0,True,5,3,0,little,repairs,1,0
1.001295077472953,0.9985340300718705,0.3683765174065831,0.9209183826960567,3.341261955073046,7.260392587661959,99.58638582074212,52,male,high,360.0,True,5,3,0,quite rich,domestic appliances,0,0
0.5380162741050691,1.243124757218367,0.5995879310039722,0.403933096120178,1.006761303435661,0.996853950717693,12.94429776512795,36,male,medium,717.0,True,0,2,0,moderate,repairs,0,0
1.885598596367094,0.9130928738706702,0.7188729156557306,0.04918037971219041,0.2476905908982037,3.062648979046537,4.305354380453061,81,male,medium,633.0,False,3,3,0,,radio/TV,1,0
2.341168810895851,1.64811064835465,0.3171602308040536,6.444037298886088,6.375960962964804,2.98424668341736,20.89235379899073,68,female,high,296.0,True,5,2,0,,radio/TV,0,0
1.503087083841661,0.7766484402052769,0.4136764722940972,1.975833616038408,1.108123865881242,0.2311491658397786,2.273772254475132,18,male,medium,266.0,False,0,0,0,moderate,radio/TV,0,0
1.702579775717765,0.9474103135131612,0.98150059988358,0.9583777950447363,0.4009795424076048,1.357166543501823,4.371773524996698,40,male,medium,924.0,False,5,3,0,little,radio/TV,0,0
0.1525621032207041,0.8707581410389302,1.230522500059234,0.8582887577053886,3.028966501170391,0.497953615306163,22.90673303528751,28,female,high,405.0,True,3,3,1,rich,furniture/equipment,0,0
0.9601380633312641,1.277223773680581,1.136379992777953,0.5951795515990929,2.104064627834054,0.5629747462328744,3.624812411330381,60,male,high,778.0,True,5,3,0,rich,car,1,0
0.5515246776970629,1.025941644816183,1.248849105886121,0.3741355094935556,0.1419172597800013,0.3875209586276766,12.4885103196086,34,male,high,710.0,,0,0,1,moderate,car,1,0
1.638824015332893,1.320521494282193,2.270319256120196,0.2964907817272612,1.136433275651664,1.944601164012834,11.72040060092453,38,male,medium,387.0,False,5,3,0,rich,car,1,0
3.124242787038439,0.9057860602822045,2.004729168217965,0.23746045259166,0.5782365354314905,1.531223664184867,9.536812983039942,32,male,very_low,364.0,True,4,2,0,little,vacation/others,0,0
0.589238428123332,1.174975772555165,0.93863234845455,0.00996201151088887,1.442091897788038,8.03813366081998,2.623641580337965,62,male,medium,371.0,True,5,3,0,moderate,radio/TV,0,0
0.4955540721948691,1.146326758911567,0.3462667992796188,1.932209400019113,0.4484654732825812,0.179369847092415,0.9870079672387237,63,male,medium,536.0,True,0,2,0,little,domestic appliances,0,0
1.78702146095932,1.459256877818185,0.377666259771029,3.783518501916431,2.340561588999388,1.332914051033425,9.208573193606354,51,male,high,266.0,True,4,3,0,quite rich,business,1,0
1.232148067597268,0.671587756988383,0.56789160372229,1.420539010221812,0.07880781987467714,0.1685853111230088,19.70645674430538,39,male,high,266.0,False,5,1,0,moderate,car,1,0
0.7218095020226739,1.23884779336445,0.7567851425947804,0.1077705494025954,4.046620584447381,3.498792090463002,0.9283135019275284,67,male,high,619.0,True,4,3,0,little,education,1,0
0.7895948983419975,1.418447588415007,0.5041920940189126,0.03781772786485999,0.7111052848146092,6.400918151060714,7.422850283786385,39,male,high,266.0,False,0,0,0,little,radio/TV,0,0
0.6701473736338862,0.7996340923459752,0.3889858391711612,4.345330333446407,1.995674579589385,1.051896568326063,5.429454229094388,31,male,high,603.0,True,0,2,1,quite rich,vacation/others,1,0
1.559870457615243,1.404528903209571,0.9960737219286243,3.321282495131896,7.516058024719883,1.846518177303111,14.89685888535059,45,male,high,261.0,True,4,2,0,moderate,business,0,0
1.033638572824622,1.317916944068376,0.8148489019163393,0.8502775328437564,0.06133287324842055,0.194526918775643,13.58362505935832,44,male,low,813.0,False,5,3,0,rich,radio/TV,0,0
1.843383879740423,1.178564607953989,1.25021665379432,0.5858473751051961,0.06588344941492329,0.2088803863508992,10.13940314472129,48,male,high,865.0,False,0,0,0,,education,1,0
1.032975728552575,0.6744971361595402,0.9082005479084531,0.4844202383747251,1.435509311945289,0.7310612728072995,4.201360577089048,61,male,medium,729.0,True,5,3,0,rich,repairs,1,0
0.9122461973823154,1.493864543705656,1.221222923006031,0.1937635609352422,12.40778756343488,2.352245313021871,2.058749229366853,85,male,very_low,151.0,True,5,3,0,moderate,car,1,0
0.7143490723197783,0.9051881059961785,0.4237813750322369,3.139751594947934,5.138552901404839,2.311797680019766,21.4082900336446,60,female,high,781.0,True,5,3,0,rich,business,0,0
0.6551629021970663,0.7868592299600085,2.01875675332708,0.4872878184077043,1.51735982850492,1.877811124996243,12.84272769418084,61,male,low,868.0,False,4,3,0,,radio/TV,1,0
0.656037444812052,0.8237547294694603,0.5819278482538393,0.03831678480284385,0.609736958704589,5.563649682656464,8.419977767290565,56,male,medium,885.0,True,5,3,0,quite rich,furniture/equipment,0,0
3.218248256742905,1.083162778747982,0.3799889103115719,4.15562170942904,2.833364231282538,2.629084080314845,12.94794366040412,62,male,high,374.0,False,4,3,0,quite rich,furniture/equipment,1,0
1.611616637274122,1.391755959259885,2.089773841093103,1.136080315274285,1.201275623662682,1.864030918168019,4.587917635178253,72,male,medium,213.0,True,0,0,0,little,furniture/equipment,1,0
0.8963160382761689,0.8820969138241795,1.440085638898085,0.4481276368005211,0.05823298912352216,0.2378803368143349,14.79750313182351,34,male,high,202.0,True,3,2,0,little,domestic appliances,1,0
1.78670966981703,1.783675035665736,0.8969165138475741,0.39704886614858,0.02806061627565519,0.3000403763569623,6.435175615804123,57,male,medium,266.0,True,1,1,0,little,furniture/equipment,1,0
2.378943605578423,1.288608696472004,0.6048296474501156,2.898466685349337,3.801419876694085,1.70543082545186,16.22856175349501,85,male,very_low,658.0,False,3,3,0,rich,furniture/equipment,1,0
2.174608224529099,1.589289396474547,0.582659562560725,2.533745853052155,1.076421296811064,0.1699375753392118,18.29393339148893,47,male,medium,119.0,True,2,3,0,little,furniture/equipment,1,0
0.3839742103929512,1.431796362272596,1.051356396022535,1.434328773420733,1.379510707730963e-05,0.01118070792139726,13.58492562224314,32,male,high,408.0,False,5,3,1,quite rich,vacation/others,0,0
1.661619090264685,1.064014178742808,0.5257295955029974,1.38259364143745,0.003403829977708706,0.06190202604594279,4.029310360079081,47,male,high,545.0,False,4,3,0,little,furniture/equipment,0,0
0.5750648886432946,0.7546162720733453,0.6179044080416058,1.241289383068649,4.478529959404765,7.576704532086962,81.6448350320495,78,female,medium,266.0,False,0,0,0,rich,vacation/others,1,0
1.441802101514377,0.5396254449961096,0.2286695637820281,1.04371648428684,4.865336046868272,1.462330767085521,51.22905766658909,61,female,medium,261.0,True,1,0,0,rich,radio/TV,0,0
0.7517917525543713,0.6890565913169068,0.4327688993137143,3.847300382143695,5.235211985409737,1.517491817622723,9.546762118339258,21,male,high,630.0,True,5,2,1,,radio/TV,0,0
0.08909982241700644,1.033085856251059,0.8125739059534612,1.336277684896938,2.574968056994027,2.42047408811829,20.70544473421712,38,male,medium,514.0,True,0,0,0,quite rich,education,1,0
1.380200439570999,0.8063939730111007,0.5345533875408932,0.8226056689123389,0.07775180175095396,0.3596330587786423,17.63839273729247,50,male,high,485.0,True,0,0,0,quite rich,domestic appliances,0,0
0.990470294915159,0.8300343880383291,0.862390797283463,0.5163865006506017,0.1759657633226469,0.4819734101572716,19.91733109869373,42,male,low,431.0,True,5,3,0,little,repairs,1,0
0.7485870424421779,1.380621540382345,1.578494991761264,0.5111987291086683,3.289288163038262,1.328554456246067,24.30554326987271,63,female,high,825.0,True,4,4,0,rich,furniture/equipment,1,0
0.4339302700338677,1.020833134713511,0.4387698604606174,0.2765708497506851,0.1497054981304932,1.223634063504463,9.195519267401108,75,male,high,374.0,False,5,4,0,little,vacation/others,0,0
0.2405797535467651,0.7585429081134831,1.437364896196999,0.5329796027756732,0.5704401341198917,0.5455786289906052,9.97011133370076,76,male,medium,478.0,True,5,3,0,,business,0,1
0.3773446108810324,1.36459730398371,0.9779094710235506,0.1844932854015302,0.1158238049081769,0.2564352917286092,70.17958583048538,31,female,high,466.0,False,5,3,1,moderate,radio/TV,0,1
0.422657721187082,0.8164224109829757,0.9828071223058296,1.462929266607259,0.987439673599925,0.1441413704576598,2.188826894169662,33,male,high,266.0,,0,0,0,,repairs,1,0
1.227289759550979,0.9749665667810161,2.401115631399206,0.5158257022380989,0.3847123623752493,1.600590076484722,6.174379260160813,56,male,low,666.0,True,5,3,0,moderate,education,0,0
0.9152858360052726,1.305812494165267,0.7397564501037106,0.5055479932686007,3.083156555326656,1.347868978923551,15.9073292157515,69,male,very_low,593.0,True,5,2,0,quite rich,vacation/others,1,0
0.8169459140030225,0.8987698486066698,0.4172632837196801,1.934461771325792,0.7015546785767616,0.2063972215782537,3.611173345220477,57,male,high,452.0,True,0,0,0,moderate,domestic appliances,1,0
1.326716579378957,0.5932198593468253,0.5456050027838851,1.916257208028812,0.1847454969262666,0.1721797134501363,38.63836994627365,43,male,high,371.0,True,2,3,0,,domestic appliances,0,0
0.6543743866135788,0.8488214943522997,0.7200901598360987,1.726670483879303,2.435048854052393,1.190062516894923,9.336449858156794,73,male,low,238.0,False,5,4,0,little,car,1,0
0.6900609031792199,0.7713916598247731,0.7799785060821046,0.7177087555248671,1.820968445773494,2.858875160367164,28.50732799395828,52,male,medium,168.0,True,5,3,0,little,business,1,0
0.6208315817427479,0.8642237143418954,1.526789193620037,5.609323478624889,1.448981982527827,0.01251956503884423,8.159273963380855,30,male,low,247.0,False,2,2,0,,car,0,0
1.65620607463257,0.9053557683238873,0.7263652543764055,2.285623808773169,1.484907130714913,0.4435015733000398,2.057984612552382,85,male,high,452.0,True,3,3,0,,radio/TV,0,0
1.741771774249751,1.803159956150165,0.5571061228741081,0.6324442746385488,0.6392215425029131,0.8059336620093472,12.29928571932066,35,male,very_low,934.0,True,5,3,0,,vacation/others,1,0
0.5560038520826639,2.284796612614189,0.2142275788508551,0.3514850900724006,0.003303645143969099,0.8250874001588339,12.56992533063519,35,male,medium,266.0,True,0,0,0,moderate,vacation/others,1,0
2.360414636178055,0.9764012204708741,0.5741832695277014,1.418580823300481,1.217967766373484,2.30286366589878,13.24561528041668,78,male,high,869.0,True,0,0,0,little,vacation/others,1,0
0.878922518281287,1.585299825260064,0.3155948282855702,1.301162794546699,0.6381594825443292,0.4740357554397038,7.345891694936684,58,male,high,774.0,False,0,0,0,quite rich,furniture/equipment,0,0
0.8190391922860016,0.9883713866472925,1.022808629069321,1.029526375169743,4.81464420919096,0.4967937214609984,9.400663063456667,81,male,medium,977.0,True,5,3,0,little,radio/TV,1,0
0.5115877542276855,1.283583691824343,0.9557255556518274,0.8489779910859344,3.240138692707573,0.6097131469132269,9.76737485458991,19,male,high,364.0,True,0,0,0,quite rich,business,1,0
1.759183110612276,1.451131734985712,1.084638206138949,0.8474402401451151,1.484385389015876,1.187316704196713,14.56074366529969,40,male,high,577.0,False,5,3,0,moderate,business,0,0
2.200372409021966,1.563723156366425,0.4639962156495756,1.283508092525371,0.3262596956119162,0.3119930413360175,7.816320843559139,70,male,low,512.0,False,0,0,0,moderate,radio/TV,1,0
1.094259951652821,1.711199551802895,0.7887279800825625,0.5138284010214933,0.1316650232638956,0.4199109772249685,7.465497820160301,58,male,high,592.0,True,2,4,0,little,radio/TV,1,0
0.8129126023832713,1.25231894381672,1.458852833988758,0.3058614141641073,0.9179527117091159,3.195191174500584,19.11966376581143,22,female,high,560.0,True,0,0,1,little,radio/TV,1,0
0.8401674011869591,0.5635603286366289,2.96081723187916,0.2761460137775219,0.6865549212415775,2.570574885356147,9.236489681137819,81,male,high,643.0,True,3,2,0,,education,1,0
0.6088648353869663,0.9718867799939964,0.9719187146650254,1.860488195747012,1.265827373486099,0.8195780842843471,3.012094077411319,22,male,high,861.0,False,3,2,1,moderate,education,1,0
1.461030833303878,1.099283391169538,1.13964644125405,1.836014574126695,3.29176317062738,1.952190866348304,11.53131292331628,48,male,very_low,718.0,True,3,1,0,moderate,business,0,0
1.644320871648391,0.4784687861246748,1.120815032533315,1.207767337906361,1.90334056292828,1.116551070320373,8.639133323259983,21,male,high,657.0,False,2,3,1,little,car,0,0
1.406811786845018,1.821362742281187,0.7580209420433096,0.8889717603284937,1.27140333879452,3.508650838875798,25.87297857167454,25,female,medium,931.0,False,5,3,1,,radio/TV,1,0
0.6378828751965934,1.642694596371016,1.035088229269011,0.8687078838499431,0.4240435824939532,0.2443545015311271,6.524399502845066,66,male,medium,266.0,True,4,2,0,quite rich,domestic appliances,1,0
2.864153915278474,0.641533116503202,0.5664620192936595,0.547148748160121,0.7129143645624736,0.8456293270565137,7.849654665396343,50,male,medium,652.0,False,5,3,0,rich,education,0,0
0.7548648382783592,0.5511804842191219,0.977904453303761,0.2020620583419951,0.01423132304356798,0.5444972488781923,20.58241088670319,72,female,high,343.0,True,3,2,0,rich,business,1,0
1.109555568841445,2.063497652566624,0.1861391710888856,5.144077871973046,5.534305143950476,7.084352634078931,42.03984077289262,47,male,low,433.0,True,2,2,0,rich,radio/TV,1,0
1.151870063211619,0.8819508027490011,0.6671186596120523,1.323944883441668,1.668835198954793,1.60549953617971,14.98042703414169,33,male,high,898.0,True,3,2,1,rich,radio/TV,1,0
1.530967283520857,1.766471688920925,0.6357202426524644,1.294298698835386,2.10667461220756,1.882260066705406,21.56198322340394,69,female,high,573.0,True,5,4,0,rich,car,1,0
0.6591480056897647,0.7689670791144073,2.097645070740787,0.9065954032842709,0.4515466443621248,0.6037021310275145,1.862770990547491,72,male,very_low,433.0,True,1,2,0,moderate,vacation/others,1,0
1.03134607268406,1.588594025710892,0.8898807734177119,0.7978068605007551,0.5848214340434139,0.6795299174736007,5.901108620320797,53,male,high,634.0,False,3,3,0,quite rich,furniture/equipment,0,0
1.784659934235065,1.204167470337828,0.8355272111286851,0.7613273395653101,3.311144987783821,1.698734582265751,26.46228312940487,73,female,very_low,328.0,True,0,3,0,little,radio/TV,1,0
1.741756104957684,3.147443604609655,2.121882203556167,0.4983728205854432,0.642891973548669,2.285909226871999,6.857021308716162,29,male,medium,723.0,False,5,3,1,quite rich,business,0,0
0.614022097262497,0.9749620039632187,2.251901755683792,0.478898250808534,0.5298192435081944,2.273242163794861,6.809026645299594,74,male,high,943.0,True,0,0,0,quite rich,education,1,0
1.24218425686754,1.251122254486478,1.089776535489202,0.222565780651912,7.122014486214841,2.199322943929255,3.661201112712243,58,male,high,374.0,False,5,3,0,little,car,1,0
0.8780668402068017,1.40053757504211,0.7937391529827584,0.1973388035410235,0.02422394597305517,0.6378514686445225,7.759161493412518,85,male,high,384.0,False,5,4,0,,vacation/others,1,0
0.3374684799688157,0.7828090113603839,0.1405985484558508,7.087504612861018,4.414304834277289,1.992475391214821,20.08337766197758,43,male,high,867.0,False,5,3,0,moderate,vacation/others,0,0
0.92139249340082,0.7074855392079837,0.3628379789802105,4.095664357225969,3.720262734875069,2.438884762392781,19.85294055294223,83,female,medium,197.0,False,5,3,0,rich,repairs,0,0
0.9944117666903705,0.9334969318141816,0.4059367743998694,3.004698413365627,5.916023290639854,3.893469251360412,40.16480755230883,22,female,medium,270.0,True,1,2,0,moderate,car,1,0
1.858949749768425,0.9275868477659875,1.033918854654259,2.68263123467923,3.957466367745078,0.1054278411353856,4.480957595742932,19,male,high,536.0,False,5,3,1,,radio/TV,1,0
1.387755286434698,1.432440460415591,0.967333836084285,0.05089495520761442,0.0374317122980414,1.753240769540129,9.656971052305868,69,male,high,616.0,True,3,4,0,little,furniture/equipment,0,0
0.660804115792219,1.330455841451674,0.8005011226110774,3.215848710676178,3.774128537805936,4.353302459399969,14.35901198337081,79,male,high,390.0,True,0,0,0,,repairs,1,0
0.7552466880560182,1.56949149780429,0.913382479221462,1.569334723057684,1.817611276272439,0.1804205879436927,1.865994370283741,23,male,high,717.0,True,4,2,1,moderate,radio/TV,1,0
0.6868359999290893,1.142679742964296,0.3670892904548797,1.51335752773596,0.02793149452332858,0.1593632020472867,19.29113009181639,66,female,high,619.0,True,5,3,0,little,repairs,1,0
0.2995662113151252,1.295539471510599,0.637997018581052,1.157168255811838,0.1877069518159108,0.2409163588395081,11.97233121488097,69,male,medium,750.0,True,0,0,0,rich,car,0,0
0.2498890361274823,0.9106814967907549,0.7688989227810005,0.3444787279815431,0.2119260507217157,0.6199236144892761,2.437598245550193,41,male,high,288.0,True,2,1,0,quite rich,radio/TV,0,0
1.924349502883529,1.920660460875799,0.649880349436167,0.3287550697029772,0.5074447522493204,1.202736783120217,11.85861448940976,36,male,medium,228.0,True,5,3,0,moderate,car,1,0
0.654825383278426,1.876791316394685,0.4495741466064668,0.2970254058894736,0.06936303743853722,0.767579072465928,3.135000684567085,31,male,high,757.0,True,0,0,1,little,business,1,0
2.319864095808219,1.192134186139577,0.5664200303923891,0.2605292332242287,0.04396870184128727,0.7997268399835019,9.76187654053787,31,male,high,704.0,False,5,2,1,,furniture/equipment,1,0
0.7023605508390837,1.552628925350846,1.566636269072489,0.2184687388270899,0.5730314396058344,0.5772954919191653,1.048919585914689,47,male,high,266.0,True,3,3,0,little,vacation/others,1,0
1.405534122974387,1.232953929377071,2.305025088933993,0.1453180429964122,0.2160625670225367,0.8295798024157176,2.352802816616615,58,male,high,399.0,True,5,4,0,rich,radio/TV,1,0
1.814330105511876,0.3147720960127349,0.48326177269591,2.131386308858817,3.591436783580673,1.656786825398069,26.91460483137422,37,male,high,238.0,True,5,4,0,quite rich,car,1,0
1.70764337342027,1.090998514622454,0.2277301862971616,2.103257759195292,4.576896323097571,1.301374438568721,25.23674632059047,61,female,medium,853.0,False,5,3,0,moderate,furniture/equipment,1,0
0.9036053335407608,0.8445980635423513,1.49053020780639,0.7744954634495685,0.4050812580960412,1.152401913062882,4.85696750670363,25,male,high,781.0,True,5,3,1,rich,education,0,0
1.028448708317973,1.020456367130935,1.225632651315904,0.6671686366736881,1.064703700334037,1.77518662192535,14.63501818466248,23,male,medium,393.0,False,5,3,0,quite rich,car,1,0
0.2906602264938032,0.8407376911018348,0.974926960897577,0.3521124519803625,0.4509227007289855,0.7131875312693577,6.42969531987012,45,male,medium,144.0,True,5,4,0,little,car,0,0
0.8138597899881642,1.347452163258751,0.8804858734957941,0.1864849265004014,0.155762431355296,0.7902852283554536,1.275665924641118,22,male,very_low,247.0,True,5,4,0,quite rich,radio/TV,1,0
1.077411355136265,1.012907242163289,0.82457321450612,1.146407502924019,3.073317260321243,4.758149140236493,12.53012440802652,28,male,high,692.0,False,0,1,1,,repairs,1,1
0.2166904430987101,0.6205683979415993,0.5240486301584115,0.7234054547526952,0.02814209421652383,0.2561599348377249,7.599988662457207,44,male,high,913.0,True,2,1,0,little,radio/TV,1,0
1.205614828037403,0.5605275822392325,0.7404704929363697,0.03158385378306719,0.2622716092652292,4.12483499532596,7.826241470025879,29,male,medium,970.0,,0,0,1,moderate,radio/TV,1,0
2.090818852425893,0.8141346921172936,0.7550275842060686,3.723499093608203,0.4298392573910744,0.04685628525046224,12.21871088509862,49,male,medium,869.0,False,3,2,0,rich,furniture/equipment,1,0
1.119073750502133,1.905763566991203,3.415244791247865,0.7948350419224249,0.6413476447573297,1.367683265283003,3.600680708824309,56,male,medium,257.0,True,3,2,0,little,car,0,0
1.935414329525079,1.094398425231637,0.6886968703796441,0.5746321998875125,11.82845654281746,1.613630680993799,5.668242420564936,44,male,high,266.0,True,0,0,0,rich,radio/TV,1,0
0.3515279065773926,0.8741998803046327,0.3665190829398798,1.103989379057766,0.03046567815068848,0.2650826093274374,27.45712550384937,46,male,high,506.0,True,5,2,0,,radio/TV,1,0
0.9084481909305656,1.058433827409172,1.346293987801847,0.7626290041412744,1.496934883840464,1.007128691103924,3.733806313536187,71,male,medium,257.0,True,3,1,0,moderate,furniture/equipment,0,0
1.240706562004704,1.368878869896002,0.963288662146961,0.5984511625440773,0.2686365901862264,2.574306851560611,13.93901492409737,41,male,very_low,777.0,True,3,3,0,little,domestic appliances,0,0
0.6132383390485434,1.085374300454589,0.5005688956676986,0.563526050689287,0.4241345319922624,0.6269926401403894,2.357694743266618,57,male,very_low,917.0,True,5,2,0,moderate,repairs,0,0
1.187131787986091,0.7911010660236913,2.404753014758929,0.319044142616996,0.569963612772269,1.091687874113729,3.031345622485918,46,male,medium,874.0,True,0,0,0,rich,car,0,0
1.307779303861279,0.6984755044748245,0.4135616332989776,0.2919992411049478,2.446854493416108,2.480040101439182,5.009508540510775,46,male,high,417.0,True,4,3,0,,repairs,1,0
0.6306345580448505,1.254389383250359,0.5030601514078296,0.09628345312433294,13.78504649716645,8.71630344194757,7.341214238923778,74,male,high,106.0,True,5,4,0,moderate,furniture/equipment,1,0
0.7050000076744761,0.8212721059900432,0.5628802649796449,1.65281063000969,4.880364092064095,6.758006402024272,78.26595699575319,59,female,high,317.0,False,5,4,0,,vacation/others,0,0
0.2607792778382743,1.539314959778159,0.3486690159470561,1.646923012865592,0.3493212888229191,0.2920886971805897,7.531138557773071,65,male,low,844.0,True,5,3,0,little,radio/TV,0,0
0.2868340871148303,0.8920082033818824,0.268823583606647,1.140018659162296,0.003628237910205521,0.2019240020772076,20.9780617698442,59,female,high,634.0,True,5,3,0,rich,radio/TV,0,0
1.148931953588994,0.8464807309518019,0.6779959663910121,0.5334499688336893,1.191869282413737,1.434391991431302,23.58619595051084,56,female,high,834.0,True,5,4,0,moderate,business,0,0
1.879203234739381,0.8829039864709567,0.5299802910625573,0.1101280503201762,0.9346426898284903,3.91270181584511,13.13299042620176,53,male,high,722.0,True,3,3,0,little,radio/TV,0,0
0.6696016433164781,0.9275243209878806,0.07017966443691229,5.59255845144515,12.95934842630578,1.487749228670257,26.82282932412186,68,female,high,469.0,False,5,4,0,moderate,radio/TV,0,0
3.94823231678146,0.6329143163777686,0.3438078744262715,3.950846355373275,6.420260380515582,3.416613305772342,37.63722163482909,41,male,high,461.0,True,5,4,0,little,radio/TV,0,0
3.315732785681268,1.938894872999151,0.8358752602997951,2.357815684384397,3.421651280812088,2.984167172576251,17.4823079692393,43,male,very_low,367.0,False,5,3,0,moderate,car,1,0
1.143541509868947,1.141260818194976,3.577922934187028,0.2881453119093258,0.4983480940018506,1.701724838945717,5.37449712873765,61,male,high,693.0,True,4,2,0,little,car,1,0
2.595419075793447,0.7420446739378079,1.040928851669241,0.1909249603976587,0.9302192440067395,1.161778798309139,1.783647160940546,40,male,high,855.0,True,4,3,0,,car,0,0
1.037441503129653,0.8465984159885369,0.5421714157125276,3.302510696525928,5.11108884539435,0.7561653173552375,12.34859241576756,20,male,medium,957.0,True,0,0,1,moderate,vacation/others,1,0
0.8951065886614258,1.059211026149337,1.241276981360112,1.727188185997895,0.121597786179685,0.04736253086423917,5.208507367824815,29,male,high,508.0,True,0,3,1,moderate,business,1,0
1.319141012989198,1.954244072491353,0.6802206140321646,1.656781840214992,1.919957275646519,0.8709379799026922,10.53838349663372,31,male,high,328.0,True,3,3,0,,radio/TV,1,0
1.083133481200553,0.5860063796691488,1.208506918960559,0.808747425583967,0.1723470199867161,0.147424384957506,3.862958868532519,53,male,low,969.0,False,0,0,0,moderate,radio/TV,0,0
1.430723250285085,0.5010456665334604,1.236147853399201,0.3485563514134717,0.7364324292497094,0.7350716764988682,13.50647464044154,77,male,medium,207.0,True,2,2,0,little,furniture/equipment,0,0
0.573474230748692,0.8807547243791437,0.6017010515604186,4.018428415176066,2.965245828971826,4.436577196157585,16.19548026273644,66,male,high,469.0,False,5,4,0,little,education,1,0
0.1128323293181343,0.973643243550244,1.364869064372948,1.377523189836727,3.223645598605062,0.245510767664371,16.78903023384596,52,male,high,207.0,True,3,1,0,little,car,0,0
0.4224967953316627,1.031577585138149,0.6896987883391151,0.3785423588986573,0.01285631623754755,0.3397367762163123,8.085680468242192,50,male,high,666.0,True,5,4,0,moderate,radio/TV,1,0
1.357797275447354,1.700140143670457,0.1060252702266832,5.312738981097253,3.558889978047566,2.904048120252486,32.43789489400501,31,female,very_low,649.0,True,1,3,1,rich,car,0,0
0.8440276470390387,0.8395906505062591,0.8548226722399815,3.295580800416158,1.304852044108269,0.08369444148058156,12.04989117074927,22,male,high,590.0,True,5,3,1,little,education,1,0
1.652895257322173,1.618081667939589,0.4365721828416649,1.460445386004876,2.802322646683221,2.750119400313435,37.6039602064934,67,female,medium,106.0,True,5,3,0,little,radio/TV,1,0
0.7462385858048962,1.73536166754968,0.4330362061217778,0.2752559028997664,0.7192012958301176,2.155131351046102,16.69578982933924,74,male,high,686.0,True,0,2,0,little,car,0,0
0.2739463374391573,1.108758333758797,0.3586607048092981,3.078582302269374,2.028710972782887,2.142944347784699,9.48472085369698,84,male,medium,712.0,True,0,2,0,moderate,furniture/equipment,0,0
0.6987818740160863,1.088029090481894,0.6616962563413239,2.46382709162111,3.872391825707949,2.708632725252655,21.06250999082805,67,female,medium,880.0,True,5,3,0,quite rich,repairs,1,0
1.306668818115217,0.7123186681186015,0.4507943683180149,1.617854143879424,0.04160274321353671,0.1256931367862901,8.395157764584301,58,male,high,473.0,True,0,0,0,little,domestic appliances,1,0
0.4772293306470183,0.7273688786465196,0.3610964358971613,1.562030522258935,2.019150925979588,1.973508659619756,18.41405426429796,36,male,medium,871.0,True,5,4,0,quite rich,vacation/others,0,0
0.8571050012497281,0.9719168392904531,0.7416451517092685,0.4384410125897523,0.003490861571696301,0.2405250878314731,8.555625373428464,41,male,very_low,309.0,True,4,3,0,little,furniture/equipment,1,0
0.9523214142498619,1.136155946004164,0.5579148452708254,0.3577280363923972,1.198941668752379,1.485462066743818,10.02111324901303,76,male,high,744.0,True,2,4,0,quite rich,repairs,1,0
1.167069672626594,0.5981220044019288,1.164242454772444,0.3017536450593121,1.806897318422,1.004776639417031,5.575010450096825,21,male,high,454.0,True,5,3,1,,car,1,0
5.94204917285189,1.208588380021135,0.4069776340371494,0.04900448478967597,0.3235903901364887,4.979115722400262,8.48800379305749,48,male,high,452.0,True,4,3,0,moderate,radio/TV,1,0
0.6574992797652557,0.818260917872198,0.1852879812984152,3.383871629041339,1.984480483633866,1.50096804869559,17.58473803724958,65,male,high,783.0,True,0,0,0,,repairs,1,0
0.9526302804844944,0.9353432851865382,0.3580123094812773,1.665647991371283,4.261087488763216,1.736565595903209,33.34629185903061,22,female,low,157.0,False,0,0,0,little,car,0,0
0.9141168029677266,1.184695222051904,1.203256458551673,1.267415903051195,0.8884353806785853,0.7014025157293136,1.83861054467893,56,male,high,964.0,False,5,3,0,little,repairs,1,0
1.126176192192799,1.083834788176214,0.8037910085363718,1.004491367910182,0.06498903824198003,0.1584112486341054,12.19116377124823,51,male,very_low,512.0,False,5,3,0,rich,repairs,0,0
1.075861832229615,1.336790751587708,0.9167605395317794,0.3710154265204673,1.238980017440088,1.842234494318149,21.81465985427084,66,female,high,884.0,True,0,1,0,rich,furniture/equipment,1,0
0.8935732442790549,1.763282764788929,0.9974906248629082,0.2594066844189438,0.6944954289359074,1.328326041293352,19.26020637032546,65,female,very_low,836.0,True,2,4,0,little,furniture/equipment,1,0
2.994812989475977,0.5222723464521009,0.429537351931526,0.171848613853436,2.375433459352278,3.354722610548874,2.780486656078595,74,male,very_low,228.0,False,2,1,0,moderate,education,0,0
1.491766723619856,0.7307312983130955,1.113741996082994,0.8742358746705513,0.8096190290867031,0.2434473502233988,2.485560011516476,66,male,high,180.0,True,0,2,0,quite rich,domestic appliances,1,0
1.351260748938828,1.283293901481535,0.4576846656704919,0.1552886191052566,0.07258781076961716,1.440305506018937,3.436968481790299,47,male,medium,974.0,True,3,4,0,moderate,repairs,1,0
2.679210009321373,1.665194592331579,0.4516197821169278,2.250901118238411,1.88361843333155,2.392352356500665,20.74801129653692,31,female,high,890.0,False,4,3,1,little,radio/TV,0,0
1.588033519824552,1.451246826342118,0.7133291287649669,0.8025252402285102,4.862534520203496,1.857075874889013,33.23427261565031,72,female,medium,807.0,True,5,4,0,little,furniture/equipment,0,0
0.6330865731703176,0.8522514872624118,0.5060534342209778,0.6179667395052308,0.529977909291683,0.6996065510750198,5.344294078807629,73,male,medium,590.0,True,2,2,0,rich,furniture/equipment,0,0
2.911342620936468,1.947757994562309,0.4477433931900117,0.610351783721443,2.375825010456169,1.345957032123999,12.31673804763501,58,male,medium,789.0,True,2,3,0,,radio/TV,1,0
2.80579451350139,0.7517757373357716,1.62369461411813,0.4307490876844801,1.691782538106241,1.754525279465332,11.54335263156387,37,male,medium,752.0,True,3,1,0,little,vacation/others,0,0
0.3123727884732743,0.98055109757338,1.942844192571458,0.419551348978998,0.5094995234989104,1.82738772784196,8.032001882110091,75,male,high,845.0,True,5,2,0,rich,repairs,1,0
0.45595281559137,1.099613223941545,0.4892243766252806,3.903553937577019,3.571876813186765,2.989246984979133,27.69211572884721,78,female,medium,393.0,False,5,2,0,quite rich,education,0,0
1.132846548378191,0.8886535304653282,0.3418097962653422,3.405865872927518,5.599049506805626,3.671366513907049,35.33946514812379,85,female,medium,339.0,False,5,3,0,,radio/TV,0,0
1.356520467589313,1.091836764808453,0.3255764863025012,2.888181510746786,1.933222252294394,1.701710297174878,12.51116752092551,85,male,low,567.0,True,5,4,0,little,car,1,0
0.6112495388265712,1.115303488422484,0.2111181654706354,1.456513300308392,2.909862991405605,4.552190757122781,62.86410724729315,75,female,medium,357.0,False,5,2,0,,car,1,0
0.7186493491537229,1.688426235325454,0.6622633175101967,1.358293405797535,4.995309558951736,2.352180870266743,36.34349387410502,61,female,high,266.0,,0,0,0,moderate,radio/TV,1,0
1.660416108500619,0.3613665591305524,0.2928352076749881,0.9470049556906021,5.346978316758008,1.143870195667716,1.235860357674988,59,male,high,343.0,True,5,3,0,moderate,education,0,0
0.4196320200045598,1.945292421560719,1.266069692095686,0.6696714236621084,0.2224661176566838,0.9632117140414992,4.252556929770833,26,male,high,701.0,True,4,4,1,little,domestic appliances,1,0
1.114212071080693,1.405318547347788,3.206669132772569,0.5945837225458374,0.145332762968581,2.667059029297167,2.076968228009117,38,male,medium,459.0,True,3,1,0,,radio/TV,0,0
1.647148785645052,1.679620598485335,2.091356060922439,0.1963187874984287,0.6783171148952245,3.734324991011717,33.1622226584761,69,female,low,157.0,True,0,0,0,moderate,domestic appliances,1,0
0.6068847583057004,1.637442875217883,0.2707661894628317,0.1305531288298906,0.005391467516531883,1.758949951713706,19.63883837847809,65,female,medium,659.0,True,5,4,0,quite rich,radio/TV,0,0
0.9100833570078803,1.335628300205505,0.9039290721990512,2.799171110303555,1.751016920500973,1.614086412036225,5.669616173553454,46,male,high,673.0,True,5,3,0,quite rich,vacation/others,0,0
1.374741942511099,0.4326005210438909,0.6900683108374901,1.860431508477703,1.71799112584175,2.136446098309613,15.77118897527756,50,male,high,641.0,True,4,2,0,moderate,vacation/others,1,0
0.6066781329477997,0.82879989996198,0.1906089566843345,1.596602300027963,3.698220783896052,1.57078217937796,33.0400540804638,50,male,high,243.0,False,3,3,0,moderate,radio/TV,1,0
0.5608617385252299,0.6807158566214543,1.532423261515381,1.134001629302794,1.702591810481762,1.888140809961291,8.617393077527494,78,male,very_low,157.0,False,5,4,0,,radio/TV,0,0
0.9559624050259762,0.7370773665709732,1.905173159445235,0.6211020139238554,0.4105425600887483,2.729038871430502,8.694613858654746,24,male,very_low,317.0,True,0,1,0,,car,1,0
0.7514971478195549,0.8612848647595345,1.048444664799398,0.4765844146193747,1.095104821571711,2.643538030613191,26.95123126506929,75,female,high,847.0,False,5,3,0,little,radio/TV,0,0
0.3009285293224757,0.9640001992110419,0.3004296950414888,3.351071550490829,1.028610442193764,1.120580993502446,4.304815268992662,48,male,high,191.0,True,2,0,0,quite rich,education,1,0
1.088434655727201,0.3288580931507261,1.37097393502257,1.606842766870626,0.01950900273846847,0.02401219062891076,5.272200690458498,66,male,low,151.0,False,0,0,0,little,repairs,0,0
1.752896076556245,1.183128802939552,1.301495578373084,1.384484507350972,1.496176330770588,2.3183024463516,7.695637233093231,64,male,medium,780.0,True,0,0,0,little,radio/TV,0,0
0.6017739689125868,1.373255616198787,0.9126596609629124,1.15836097307559,2.240924266371041,3.421150323455748,22.16743340007348,74,female,high,750.0,True,3,1,0,,car,1,0
0.4744490717270463,0.7681861867463035,0.530907709267363,0.267573511401984,1.159155636738302,2.127681242745759,16.75575148213447,74,male,medium,360.0,True,4,2,0,quite rich,car,1,0
3.176555311042509,1.168156907991499,0.4854353347645869,0.1502462123765873,4.573625334151126,4.646171421332763,8.291923297273655,49,male,medium,514.0,True,2,4,0,little,vacation/others,1,0
0.9552116425005439,0.731369639629092,0.4495800464989688,0.7223973385317071,1.699553205476802,2.031974436217852,28.21080732337883,47,male,high,144.0,True,1,1,0,rich,car,0,0
0.324363149872389,0.8416738449618807,0.5562747872542166,0.6078166008229772,3.000824713475654,1.481223425681382,18.97786815203374,56,female,high,852.0,True,5,4,0,rich,radio/TV,0,0
1.463359773166574,0.819283736893764,0.7535110128534752,0.4557656429465943,0.237047226457593,0.5425863922293863,5.677456191585881,59,male,high,119.0,True,2,1,0,rich,furniture/equipment,1,0
1.017121292493901,1.209135937166458,3.159557799466383,0.1837561967479945,0.4554378609854996,0.9653080683235734,6.927779812361962,25,male,very_low,808.0,True,4,3,1,,business,1,0
0.7081974452934613,2.073106185882458,0.2816143991581608,5.226564088528423,2.688394253266721,0.314310145366106,2.639856343828024,39,male,low,238.0,True,3,3,0,quite rich,car,0,0
2.747909408226627,1.122419033540019,0.8439219403064484,2.128007923935811,3.832628017781525,2.655996746508704,21.06174232444099,72,female,medium,213.0,True,5,3,0,rich,radio/TV,0,0
0.9930439228613306,0.67795599633838,0.7129761390399892,0.1855940187107103,3.306215189589476,2.57002943197616,1.859182149607243,40,male,medium,608.0,True,5,1,0,quite rich,vacation/others,1,0
0.695259957007226,1.305293447407809,1.630727483832521,1.180693181070038,0.5450985115704586,0.09425795970600508,2.616718220399327,23,male,high,275.0,True,5,3,0,rich,car,0,0
2.566611225528014,1.607091378950092,0.6114498320129996,1.113890562414614,0.1086912296998061,0.187631953405437,6.451542339937815,79,male,high,223.0,True,5,3,0,quite rich,repairs,1,0
1.440681257379966,0.8251326103381118,0.4164790431010195,0.8664088630825316,0.1538826757391397,0.4062752013307198,4.610019405208519,81,male,high,936.0,True,0,0,0,quite rich,domestic appliances,1,0
1.589122298688966,1.023781807148188,1.520115638047881,0.3191279083410737,0.009905384310765836,0.1867531083268786,11.04196433046543,80,male,low,677.0,True,5,3,0,rich,vacation/others,0,0
1.165628760799226,0.9745358555267273,1.275312495502265,0.1801819076536369,0.8774983720679024,0.9639607297253878,1.071720897029574,41,male,high,562.0,True,2,1,0,moderate,car,1,0
0.6058683435846374,1.429028254030265,2.912324380430544,0.3681432726702248,0.1441368454460373,1.239829240277904,2.074050007240454,32,male,high,266.0,False,0,0,0,,business,1,0
3.540352905668023,0.8327214549970102,0.5058044643151853,2.472031018396685,3.071978632465687,1.174423151949557,6.191428812410682,51,male,medium,709.0,True,2,3,0,,education,1,0
1.667538567809048,0.541433996961507,0.3989659917468524,1.676101408688908,0.2819827384452454,0.2294323411390072,13.96722179887003,20,male,medium,890.0,True,3,3,1,rich,car,1,0
1.171850364433298,0.521503909383027,0.6475078114400731,1.323455699404551,0.04283774809601421,0.1000601370858737,5.59418695122165,80,male,medium,754.0,True,5,3,0,quite rich,domestic appliances,1,0
1.894405107263774,0.9860732482896866,0.4087306439771293,0.1525017825941907,1.058678029024758,3.422712069152305,6.197211948079593,45,male,high,266.0,False,0,0,0,little,domestic appliances,1,0
0.3626934534712311,1.466648947501401,0.4012841576846096,2.205446580756803,0.7448232330831961,0.2363502378761571,9.705415924874448,47,male,high,436.0,False,4,3,0,quite rich,radio/TV,1,0
0.6121759774945702,0.9645643397060513,0.5778180683755192,1.802642945385336,1.107977088936578,4.307649931761732,19.44602103738296,61,female,low,867.0,True,5,3,0,rich,radio/TV,0,0
0.577759890177755,0.6070595863446082,0.8525935857462313,0.8892475787213611,1.559506283091149,2.737773484159866,30.33197055409628,33,female,high,266.0,True,3,3,0,little,domestic appliances,1,0
2.792291736386853,1.002119901869277,0.4142397521227816,0.5408527628965765,1.541626124980731,1.904404672911814,56.43834949599483,84,female,low,888.0,True,4,3,0,,education,1,0
0.6253196982803064,1.153726818837384,0.777494247071696,0.3054391458866086,0.1841386757886214,0.6371389635337837,2.941864095409785,36,male,high,735.0,True,4,3,0,quite rich,furniture/equipment,0,0
1.103788650756077,1.593640625938795,0.5434776487806944,0.1803990958478482,0.008769350791104625,0.772894059726797,6.716732702192595,23,male,high,464.0,True,2,3,1,,radio/TV,1,0
1.637091729249399,1.495494745371593,0.5802098439769594,1.400682195906066,2.194959078191652,1.024802425983885,20.38111762015066,52,male,high,243.0,True,3,2,0,quite rich,car,0,0
3.697428808035739,1.577439566635345,1.009481320635781,0.7680419714078268,3.329755029481149,2.128911489459002,21.53141396099242,66,female,medium,174.0,True,5,3,0,little,radio/TV,0,0
0.9295352894050771,0.92568680241016,0.7746090601021709,0.05606698235344873,1.138300719034706,4.25485681466396,10.62361876337729,48,male,high,493.0,True,5,3,0,little,education,1,0
1.526169705200135,1.52030544087364,1.202626296617604,1.091759526542859,0.3797799593923998,15.77374998113506,24.45899367978918,19,female,low,881.0,True,5,3,1,little,vacation/others,1,1
0.377089516172594,2.046832776128512,1.121840293747808,1.214393005364242,0.1469136314662738,0.1023066005410906,5.691637828251084,54,male,high,633.0,True,0,0,0,quite rich,vacation/others,1,0
0.5544839347376377,0.6432282561318076,0.232181311893277,1.101201938597421,6.85445744065779,1.435328936888209,59.34560945523975,58,female,high,168.0,False,0,0,0,moderate,vacation/others,1,0
1.080808638980996,0.6045067476794653,0.5317008531942167,0.7577051019294114,2.662932092223,1.036914638528922,13.81381653677083,76,male,high,902.0,True,3,4,0,little,car,0,0
0.8474715437940467,0.9365844507954627,0.9513791928191132,0.4954533573629797,0.6829643789429738,2.041849157028595,10.26091381293113,51,male,very_low,884.0,True,0,0,0,,business,1,0
0.8252333199084699,1.121358237778669,0.830654826996682,0.04628444902167694,1.789013604847763,4.596702117573214,3.189080973460316,41,male,very_low,926.0,False,5,3,0,,repairs,0,0
1.394224207194033,1.203810867564929,1.481506142594555,0.1606070341474957,0.672308973038555,3.885002464793609,2.132851318357783,72,male,medium,343.0,False,4,2,0,moderate,business,1,1
1.196152898682721,0.5702660735397088,0.4319890427347639,7.484408703932277,2.24360643966742,9.508791600404214,22.06898381244669,73,female,high,896.0,True,0,0,0,rich,radio/TV,1,0
0.3530930556227083,1.131478135435879,0.7516107222444985,2.865098936181179,4.60446226044562,5.549530039794445,51.66273323863453,33,female,very_low,687.0,True,5,3,1,quite rich,radio/TV,1,0
2.250757022378187,1.2504664982403,0.1850413186599267,2.801432719621683,7.837510664413846,1.368321142493384,39.20270059465162,36,male,low,417.0,True,3,3,0,little,car,0,0
0.6214750957988802,0.8615630374120193,1.682813486432887,1.525330916584206,1.219380168979699,3.471390825637845,13.22658317646196,57,male,very_low,207.0,False,4,3,0,moderate,car,0,0
0.6266618326557717,0.6106911236771849,1.028544199472976,1.003751134108922,3.659680519112552,0.319733756459648,0.5417260456732285,45,male,medium,589.0,True,0,3,0,quite rich,vacation/others,0,0
1.879029898187505,0.3503713589052059,1.148859281240395,0.9995537100205046,0.6222645486061255,0.2189329763656122,7.449807740751975,42,male,very_low,510.0,True,0,2,0,,car,0,0
1.473015631757034,1.474478041122137,2.273089974395129,0.9614956549710807,1.210993514666483,2.679018574836431,11.97628368414616,58,male,very_low,750.0,True,0,1,0,rich,car,1,0
1.173778561867495,0.9368272957775778,1.072603969019555,0.3694000838375963,1.614119709448006,1.545503575860261,23.68326302049571,82,female,high,809.0,True,5,3,0,moderate,car,1,0
0.299238882037108,2.041562199522862,0.5478429454623612,0.2452314968502753,17.67818685002423,5.320005429597686,14.66244995279766,34,male,medium,642.0,True,5,4,1,little,education,0,0
0.298656388839042,1.592692144831388,0.9918934032723852,0.7616640370118668,6.579530207382127,0.8276126509565409,1.846661665748706,77,male,high,498.0,True,5,4,0,rich,business,0,1
1.58286695498542,1.251173296990854,0.2871373791752541,5.422238557276602,7.932310414749448,5.269522739078318,30.65250617734667,66,female,medium,776.0,False,0,0,0,little,vacation/others,1,0
0.7517906227535016,0.7015697546031282,0.81822337278965,2.360098389591565,1.213652124507338,0.08630399241072995,0.9184543664730943,80,male,medium,428.0,True,0,0,0,little,furniture/equipment,0,0
1.144078759188304,1.439414918764296,0.3633600532091736,2.26975401121891,3.799305815223128,3.529500481027819,23.57251861692667,60,female,high,694.0,True,0,0,0,quite rich,car,1,0
4.682249069212244,0.8065461503357269,1.134549307056824,1.874470675135067,1.165634894810207,0.9507034667993678,2.410760084862645,34,male,medium,867.0,True,5,2,1,,vacation/others,1,0
0.3935700246323623,1.482217557124841,0.4173740246547463,1.808266625119244,5.708206328041038,5.223392029927417,74.72050547376688,71,female,high,687.0,False,0,0,0,little,furniture/equipment,1,0
0.9461555400197317,1.7711294385753,0.4326369173708046,0.5481621030519108,3.066047700906179,1.864046675076707,16.33358592590365,55,male,medium,710.0,,0,1,0,little,radio/TV,1,0
1.33738453293529,1.017205501193552,0.1260515556041286,3.763285610742506,4.067273777148014,4.346817212920941,43.96188535176704,69,female,low,682.0,True,5,3,0,little,car,0,0
0.1788099263208525,1.312677983261191,0.8603729627819536,2.285657846924408,1.150311702298747,0.1058701365074214,6.87137360014678,27,male,high,726.0,True,5,3,1,,domestic appliances,1,0
0.7603854521259744,1.235024556723664,1.298552658369187,1.884059025796746,0.4767228591208147,0.066983755161083,8.850883242838904,45,male,medium,106.0,True,0,0,0,quite rich,car,0,0
1.028473911142927,0.7167721907079114,0.9071370324317277,0.3864140478822766,0.303098508838309,0.518685840709619,2.218107164497268,60,male,high,899.0,True,3,2,0,moderate,car,1,0
0.5852036149063441,0.9119976979265103,0.2384522155020601,4.808053334225929,5.248190798485527,1.378723361637448,12.3679601534153,27,male,high,243.0,False,4,3,0,rich,radio/TV,1,0
1.00001313690319,0.6403185315688217,0.5572499088238632,3.558656970342049,1.754558331587379,3.824383644307,10.41050295851585,27,male,low,879.0,False,3,3,1,moderate,repairs,1,0
0.789687377798529,0.5190175650443548,0.8470957604187254,2.532020168558095,2.481675204824579,0.1185860234966949,3.427254629911014,51,male,medium,266.0,False,5,2,0,little,radio/TV,1,0
1.15599170054328,0.3207191645825914,0.5989070318137683,1.057489018327891,0.4102459181078555,0.3169840517224591,4.037221958818064,80,male,high,252.0,True,5,4,0,,radio/TV,0,0
1.017053523967794,1.697747218733958,0.2201142795211218,0.9176862786432206,0.02118367277518908,0.4490734151957348,33.9526332687516,39,male,high,788.0,True,0,2,0,moderate,radio/TV,1,0
0.829349565837244,0.9271295401858769,0.5369169270181493,0.889187871165519,1.2881599133151,2.585541957141439,29.06319332304788,64,female,very_low,498.0,True,2,2,0,moderate,radio/TV,0,0
1.362703711625197,0.9516125111519941,0.4920204578869544,0.8505075223189351,0.2627955296604782,0.4670424569712583,13.98165353049418,71,male,high,,True,0,0,0,little,vacation/others,1,0
1.122425296848961,0.666653825499782,0.8660100400189256,3.80886166410513,3.53013647034718,4.079949160287724,14.06312082748407,18,male,high,466.0,True,5,3,1,moderate,radio/TV,1,0
0.545017538722494,1.219693503202213,0.4087819788057905,2.300843049523186,0.08132155802854871,0.07757901588760788,2.856975147595916,25,male,high,641.0,False,2,3,1,quite rich,radio/TV,0,0
0.797120229902078,0.7273960811017107,0.3965188877516063,1.71321151362486,1.117058884523425,0.3619763925371222,10.23096549294898,84,male,medium,186.0,False,3,3,0,quite rich,car,1,0
2.300579394278965,0.8646887014418275,0.5095939035300393,1.576021490319016,0.3209022240224749,0.1952061790905115,4.905772024225418,27,male,medium,180.0,True,5,3,0,moderate,domestic appliances,1,0
2.399069087101969,0.5359283381478755,0.9504994672194162,1.492167174874355,1.630341117728015,2.71189288176679,15.3562596307202,67,male,very_low,618.0,True,5,3,0,little,car,0,0
0.9825323680054104,0.9534367309351317,0.6364894110146936,1.469374860023702,0.8976941169874344,0.2729268895059379,5.362350282371603,34,male,high,715.0,False,4,3,1,little,radio/TV,0,0
1.157074287070855,0.9436027257598204,0.5583783941254029,0.5374099792484934,2.272065501268027,1.050029587659447,2.132004213498651,51,male,medium,682.0,True,5,1,0,quite rich,furniture/equipment,1,0
0.637853897571534,0.3789345890252764,1.226777999724578,0.4246070076625485,0.369050814906185,0.7519846825487485,2.874076683242924,79,male,high,945.0,False,0,0,0,,education,1,0
0.1715739314855197,1.564160220741579,1.172397652648959,1.333671442325868,0.3725700711363287,0.09834648252547508,3.766670130937237,53,male,medium,257.0,False,5,4,0,quite rich,furniture/equipment,0,0
0.7785405569992196,1.465240358923054,1.217986737539331,2.109973785795667,0.6223124506495689,0.06073973806327519,4.141160183615697,46,male,medium,339.0,True,3,3,0,quite rich,radio/TV,1,0
0.5395103296009917,1.060022114095003,1.435556891778601,1.854041124775709,2.444207411071176,3.813581924288942,14.54554952948531,28,male,medium,305.0,False,4,3,0,rich,education,1,0
2.086735628723092,0.8759869088202991,2.176085800285848,1.435603938485897,2.645956171658546,7.63328869997501,42.60292276884967,45,male,high,493.0,True,5,3,0,quite rich,repairs,1,0
0.6401021693079108,1.559253086215816,0.6626962526028816,0.7923037810023672,1.873800128687702,2.245987458805567,23.95845391550955,52,male,medium,725.0,False,5,2,0,quite rich,car,1,0
1.707043516824267,0.4747633506093581,0.4977125409407187,0.4277104205198427,4.339102237563558,2.246295699705759,12.07342332067939,58,male,high,213.0,False,5,3,0,,car,0,0
0.729852302917605,1.112385065559654,0.7758879455025124,0.3952207870984391,1.266190145762503,1.237275194797349,15.58285540394227,58,male,high,168.0,False,5,3,0,quite rich,vacation/others,0,0
1.740813555216408,0.4872520363897338,0.2555777952211644,2.475936647747228,2.329752685441992,6.986356536352566,59.60754357562786,48,male,high,567.0,True,3,1,0,,domestic appliances,0,0
0.6352669020758941,1.123833578434196,0.5128582757757855,1.86292234348505,2.671303457531308,3.394485132282922,21.57459014937369,37,male,high,873.0,True,0,0,0,moderate,vacation/others,0,0
1.083173487854397,0.9841059223106756,0.9005322122798785,1.214914582438461,2.659244367016727,2.8906172371373,25.04760794034888,20,female,medium,266.0,False,0,0,0,quite rich,radio/TV,1,0
0.6208228344220613,1.091037714363053,0.4260291454607488,1.168458636437757,1.362814485468228,1.812742850444576,28.29675377823429,76,female,high,587.0,True,1,0,0,little,vacation/others,0,0
1.585587900521574,0.721192131416218,1.612150692637916,1.084086447719073,1.344360223229275,2.444146727071777,12.1449810991251,25,male,medium,652.0,True,5,4,1,rich,radio/TV,1,0
1.335262921758669,0.5109275402461416,1.544617545463497,0.8619675765999824,1.178941601490833,0.9723348811900129,7.996875254782168,31,male,high,542.0,True,0,0,1,quite rich,repairs,0,0
1.110802001181312,0.3047556401489083,1.142956799520706,3.940918271800819,3.927296442145588,0.04976802021836622,2.438160677255699,67,male,high,,False,5,3,0,little,vacation/others,1,0
0.5483432692698932,1.56409966030466,0.4680894542883386,3.695039584176543,2.640848305213661,1.18999419697206,6.268820702065263,58,male,medium,157.0,True,2,3,0,moderate,vacation/others,0,0
0.5781276153010773,0.932244482860679,0.3535968208250075,3.254038588353625,0.8309844396155635,1.738521332561523,13.77150889644163,26,male,medium,839.0,True,5,3,1,moderate,radio/TV,1,0
1.262879580649437,0.7412505716393472,0.86095217633903,2.238108514967937,0.06319761396102937,0.04484959722589497,16.27378715271278,43,male,medium,882.0,False,5,3,0,rich,furniture/equipment,1,0
1.756355876092934,0.6441985546455316,0.9044550688810842,1.975264617768808,1.394523007634386,1.039876318119234,3.269838699894196,22,male,high,257.0,False,5,3,0,moderate,furniture/equipment,0,0
1.161823764161757,0.8394141857885299,0.6398434075258504,1.021867238468712,3.004001795113322,3.25036338726547,41.85782490332507,62,female,high,266.0,True,2,2,0,moderate,car,1,0
0.5049923120541425,1.613385840062076,0.7706154890201177,0.8450878794009644,0.06495842767862585,0.1825307522489459,7.676359868386816,43,male,high,596.0,True,5,3,0,quite rich,radio/TV,0,0
1.743988779210887,0.826573952206136,0.5636330687180325,0.7332025242329094,0.2021306498891547,0.5175015178533001,20.62624921480803,22,female,high,727.0,True,3,1,1,moderate,repairs,0,0
0.9441588250608414,1.925859325012546,0.5255050037957426,0.6071635417675474,0.1475416838180428,0.4606599052514632,4.921818610440457,40,male,low,487.0,True,3,3,0,quite rich,radio/TV,1,0
0.9617793594479191,1.566793519680654,0.9896947605746814,4.310224190912177,0.09156063873349606,0.0130835503865652,7.096208288921671,22,male,medium,504.0,True,2,3,1,little,education,1,0
0.6819178269095247,0.5887373603977457,1.64455015042654,3.089143434697667,1.911193870050128,1.044216809452212,3.137864106541727,82,male,medium,266.0,True,0,0,0,,furniture/equipment,1,0
1.982019427818828,0.9857404407096646,0.848159358328191,2.456300371452336,2.140870758204502,2.369453501592586,9.909348796160668,33,male,low,788.0,True,5,1,1,,radio/TV,1,0
1.638251113977566,1.085399610606226,0.5430065421569107,1.594173673212941,0.2474889286840297,0.1813596382239007,8.074554626719006,70,male,medium,417.0,True,2,2,0,moderate,furniture/equipment,1,0
1.257029063276286,1.138776795042457,0.3632259840759419,1.101492896970033,5.875578600515068,3.939474767318749,91.57717441231003,49,male,medium,,True,5,3,0,quite rich,car,1,0
0.5791418886959321,0.464719876563072,0.9080867289420685,1.092851388731825,2.148141262756987,0.3134093487476651,2.732787049607005,45,male,high,313.0,True,5,3,0,little,business,0,0
1.187982548944216,0.9068370591564863,0.9149922832079813,0.6384754447085647,0.6342422189391332,0.4884428817048675,11.12590546574659,30,male,low,686.0,True,5,3,1,little,car,1,0
0.5885815281287307,1.104940169629412,0.5783245874576896,0.02801075053277553,3.273204920102367,8.772543814929323,2.35547548160513,58,male,medium,684.0,True,3,2,0,moderate,car,0,0
0.4874116371269507,0.3830643655912329,1.16208106536496,2.106079916753661,0.3668626000010382,0.07218162252036439,14.31325166532282,38,male,very_low,266.0,False,0,0,0,little,vacation/others,1,0
0.7656685154441126,0.7667833050007486,0.3954530404028222,1.237688116954685,1.921714361442355,1.858508865200222,27.54902046577957,20,female,high,275.0,True,5,1,0,little,furniture/equipment,1,0
0.6991923193711425,0.7510171500860294,0.4142909292493833,1.208268937117859,0.005088177649317878,0.1044256370521618,4.128061710321299,70,male,medium,414.0,True,3,3,0,rich,radio/TV,0,0
0.737670260717639,0.3524372069075283,0.497575327828089,1.19515436483196,1.367766328671161,1.900293997729251,18.75687236084708,28,male,high,565.0,True,2,3,1,little,business,1,0
0.9276167657021038,1.260974511975692,0.8706876250516074,1.110763091459416,0.2194607172916637,0.1706725688271146,9.268628919410952,21,male,medium,707.0,True,2,4,1,rich,repairs,0,0
1.927965361242175,0.7737152124811278,0.7624003922369413,1.016745671056548,0.8666571373046112,2.392017639870109,12.83142174843609,73,male,medium,399.0,False,0,0,0,little,vacation/others,1,0
0.6758416992014457,0.5426801842534635,0.7668555055842567,0.7982917511706799,0.1744171878821732,0.2864936761865172,11.87336765382183,74,male,high,119.0,True,0,3,0,little,radio/TV,1,0
0.9049064566928351,0.7334293533540615,1.056297054311966,0.51317237104008,0.9787065603022335,0.6426023943883087,11.21310044385925,45,male,high,456.0,True,5,4,0,,radio/TV,0,0
0.946330334981009,0.9661450463129521,1.039537269635118,0.3928119600663846,0.05731247885809886,0.3447978815613866,7.429498530288519,61,male,medium,661.0,False,0,0,0,,radio/TV,1,0
1.338754662417444,0.9042033026675829,0.9994292922778634,0.192505164165576,0.4766933125644345,0.4154173442028799,4.806885780427963,46,male,high,909.0,True,5,3,0,little,domestic appliances,1,0
1.112327190564723,1.006817872163257,0.7369321275801316,0.08280925043803948,0.7123194518884821,3.108894244904547,7.081200952047423,28,male,high,266.0,True,0,1,0,quite rich,car,1,0
0.871722941130092,0.829944166571507,0.1829171373969691,9.818619666198948,5.12141901904108,1.549103001998802,7.634602591798483,85,male,high,750.0,True,3,3,0,quite rich,education,1,0
1.510449983592784,1.365710905510009,0.2757100404132309,6.087167079883423,7.854008140757263,2.988069736744636,38.01878868614263,48,male,high,218.0,False,4,3,0,little,furniture/equipment,1,0
1.43864305431902,0.6130235483122445,0.5794380921156081,2.926035864395471,2.892374059522681,1.799642976653566,12.02956498975774,80,male,high,728.0,True,3,3,0,little,education,1,0
0.7633454232349483,1.297703354060154,0.3503681540803665,2.607223073742032,3.981779924161996,8.788708487928345,85.1577760385082,85,female,low,275.0,True,5,3,0,,car,0,0
1.628794937864715,1.069528646074285,1.330769672422879,2.186213397118277,1.267697889715422,3.592228159502,7.333132302295644,46,male,high,737.0,True,5,3,0,moderate,vacation/others,0,0
1.331741906319578,2.560968457199162,0.9679983278905526,4.298563818879657,2.725750075043547,1.552817925070849,2.580100751181434,19,male,medium,744.0,False,4,2,1,little,radio/TV,0,0
1.414664944217807,0.296906625793334,1.218186622940889,3.096721325387118,5.997072566617117,0.1326538002207489,33.55983663134849,67,female,very_low,853.0,False,0,0,0,rich,furniture/equipment,0,0
0.8945086335172884,1.197238197167811,0.702834798983571,1.143059183071463,2.558736095876073,0.430122384004248,3.924275479145614,27,male,medium,522.0,True,5,4,1,moderate,car,1,0
2.22167322455513,0.8793198010928815,0.7025527328141341,0.8753299778791731,1.141996138389857,0.9145412849965177,10.2305341379652,20,male,high,168.0,False,5,3,0,,car,1,0
0.7160090546966449,0.992787881283325,0.9504880853693365,0.5325419469685811,0.1812855035144394,0.2942000662493491,1.253712977036642,80,male,high,838.0,True,5,4,0,little,domestic appliances,1,0
1.10828376651226,0.6566619654440958,1.143133013774412,0.2642845154880895,1.361894480312884,1.49521266845359,17.09183328771762,70,male,high,841.0,False,2,3,0,moderate,education,0,0
0.589839091550521,0.4811321310984569,0.6419985072162232,1.192132423555032,0.6976334546668166,0.3119891679349182,9.154310339398805,59,male,high,729.0,True,4,3,0,,radio/TV,1,0
0.6241117634023029,0.7462512365405457,1.032431813552449,0.4684387885747698,2.652286553631422,0.7635979481717937,2.67117670528129,19,male,medium,651.0,True,0,0,1,little,car,0,0
0.3471067669772526,0.941610248890279,1.546705833444441,0.4330133396356326,0.2014924646513201,5.743380919846354,28.52611597002824,66,female,medium,752.0,True,3,3,0,quite rich,radio/TV,1,0
0.5412778970649199,1.835400420193283,0.7071029846110589,3.53037341592143,2.750329521176729,1.896982595694583,12.16312595636325,72,male,very_low,733.0,True,2,2,0,moderate,car,0,0
1.073103751979138,0.3795966890250025,0.458266364071119,2.437034744802819,5.4237177703136,4.10417577093086,33.07759387623685,42,male,high,549.0,True,0,0,0,little,business,1,0
2.162205891998608,1.671872810399901,0.7646065320069328,1.832176764142865,1.19269715908158,2.327330081276846,7.221239781761836,74,male,high,774.0,False,3,2,0,moderate,vacation/others,0,0
1.168413298875715,1.043248394805893,0.9056401484391109,0.8364935704907358,1.330603246887816,0.8549850750759578,7.3726738900733,28,male,high,317.0,True,5,3,0,little,repairs,0,0
1.036764688415931,0.4653177234781667,0.2193604582179541,3.193678478693819,3.171085442709475,1.429192707260777,15.17792445553522,64,male,high,399.0,True,2,1,0,moderate,domestic appliances,0,0
1.657854839725935,0.4566997397539586,0.8959169827742471,2.24216385285532,5.090752871895545,3.763586306412414,31.79634903292068,42,male,medium,,True,5,4,0,little,repairs,1,0
0.9492773175477708,0.8731538206999685,1.248452067071888,0.6647225582674515,3.270319028242699,1.655818465489941,23.99660531488858,25,female,high,971.0,False,3,2,1,little,radio/TV,0,0
2.157455067447382,1.312364850442346,0.5209759112212724,0.5708448307073145,0.6489498674584571,0.9122804858904655,10.24149446539123,27,male,very_low,929.0,False,5,3,1,quite rich,vacation/others,0,0
0.2581115635480272,0.9216897651767386,0.5961605325405265,0.2119408591719875,0.03966904383076732,1.031594676073052,18.48144660663588,82,male,high,779.0,True,5,4,0,quite rich,repairs,1,0
1.584037018973925,0.8835028416838606,0.3612184263137138,2.161087221657351,4.07504283815698,1.735385003230323,22.40609797941766,39,male,high,464.0,False,5,3,0,,education,1,0
1.488580930962267,0.810777518235765,0.2542167935153676,1.696434633816122,0.9396607796438123,4.053680229600422,39.09291314089926,65,female,medium,799.0,True,4,4,0,little,furniture/equipment,1,0
1.118209449169107,0.8483397045934463,0.9568933090218631,1.318902002324859,3.757851266278298,2.161809927216349,19.23767242745114,52,male,very_low,168.0,True,0,0,0,little,furniture/equipment,1,0
0.980438462023889,0.8568259861728534,0.4719624269065887,1.055706221655219,1.053577181324419,0.5898778047231568,14.22861623964523,25,male,medium,818.0,True,2,3,1,moderate,furniture/equipment,1,0
0.6609275175076229,0.6485894380770572,1.006952291207946,0.9402628601011106,0.1067457369864197,0.1334023779776039,4.380401974014313,76,male,high,800.0,False,3,3,0,quite rich,car,0,0
2.332673800908034,1.072756087827282,0.5790862861917582,0.8916494421637723,4.618256137567259,0.8617879710688675,5.447983663273373,23,male,low,752.0,True,5,2,1,little,furniture/equipment,0,0
1.323159447213187,1.11600451657119,2.167736345786699,0.8542413032377314,0.38029336424402,1.4541736424788,4.993085223295156,80,male,medium,431.0,True,0,0,0,rich,vacation/others,1,0
2.227582347049467,0.7680539583763006,2.319369512791552,0.1803256731531981,0.2960384143119165,1.585513808641942,8.465235968985983,72,male,high,893.0,True,5,4,0,quite rich,furniture/equipment,0,0
0.769055238928447,1.113024009314443,1.092430155940193,0.9999429917259229,0.9914157477115254,1.7209883992502,12.17778487288397,55,male,very_low,926.0,False,4,3,0,little,domestic appliances,0,0
0.3640806184965247,0.9634557054228823,0.7937381355291475,0.9683715471367962,1.637436450648607,3.471702767661658,25.68584627927068,68,female,high,675.0,True,5,3,0,little,car,0,0
0.6937513210736808,0.7819210769214667,1.48703310903834,2.086295100505335,1.308162555226418,3.660749460399851,12.82038877289504,28,male,low,168.0,True,5,2,0,little,education,0,0
0.2681668139522149,1.338245579810438,0.4197300702200984,2.00800484476433,7.608892508472382,1.098918115306514,16.34808999463582,34,male,low,292.0,True,5,3,0,little,education,0,0
2.812134677059507,1.120104876519438,0.9667774209239204,1.864820081319816,2.364476429581426,5.245022847320191,26.56667029333345,43,male,medium,393.0,True,0,0,0,,business,1,0
2.698684162338726,2.743032707798069,1.855544709999168,0.85466098911026,0.5246265902229503,0.8988568507740134,0.7205860988759862,56,male,very_low,912.0,True,3,3,0,,car,1,0
0.5092468430224044,0.5728064777629029,0.6526032991380922,0.3861127923859148,0.1840607356071592,0.7619781993445218,13.57912984386658,81,male,high,909.0,False,0,0,0,quite rich,business,0,0
3.239695718279715,0.6443499899266387,0.3504861085840176,0.3718810840239799,1.803046387462324,2.239043570657242,4.041282480942429,85,male,high,436.0,True,1,3,0,moderate,radio/TV,1,0
0.783258460129654,0.535877282941423,0.6069000679274417,0.1925994046743387,1.165919976176657,0.4733708059536286,15.95220245305724,21,male,medium,637.0,True,3,3,1,rich,domestic appliances,1,0
2.897275127078324,0.431307406860256,0.3938840620396566,0.09519164714109082,2.3514230239834,5.64752036319811,4.228292175243874,34,male,very_low,717.0,False,0,3,1,moderate,furniture/equipment,0,0
0.4090557571631805,0.9338561637707389,0.3796757487764973,4.362704129160725,2.262067244888959,4.937953612600511,24.42252887499138,46,male,high,859.0,True,2,3,0,rich,furniture/equipment,0,0
1.462188359726184,1.446591398065144,0.6858570459178381,3.545051283647787,0.3233301551200175,0.06664703142681626,37.8074626123128,70,female,medium,,True,2,3,0,moderate,radio/TV,1,0
0.6707514648397546,1.684513707027463,0.4095841888660875,2.060586602364867,2.046302305690221,0.5190909818619962,9.669480008835299,72,male,high,859.0,True,5,3,0,,radio/TV,1,0
0.555931670555061,2.219962500233102,2.631224505180749,0.3848213131591829,1.183493769376826,2.351438487857984,11.27458282996903,21,male,very_low,266.0,True,3,1,0,little,domestic appliances,1,0
4.865143959040413,0.6193429896821004,0.2679371849116204,7.171525092852042,7.677533123726137,2.015777824818294,17.16012022324689,23,female,medium,493.0,False,3,3,1,moderate,business,1,0
0.9424652115317069,1.455699126518235,0.09284994017151944,6.234712213003808,9.406378646147793,9.20964755509901,98.62291062620577,43,male,high,744.0,True,5,3,0,little,education,1,0
1.324827267302138,1.37233568086341,0.7304822345270732,3.406264942294722,1.54191771448925,0.0918317906935135,17.23013723831785,31,male,high,144.0,True,3,3,0,,repairs,0,0
0.9896549115451675,1.86904546485801,0.3374898244360468,2.89806427842766,4.236683633529609,1.080697487971409,13.67455485138652,43,male,high,871.0,True,3,2,0,little,vacation/others,0,0
0.6663431410929661,1.331886506239202,0.5679779555412119,2.537576095074951,1.660472178690394,0.7047909096384724,1.892835516781832,61,male,high,266.0,False,4,3,0,moderate,radio/TV,0,0
0.6204776088127437,0.747706521829236,1.034158240418169,0.9534462427482736,0.5022097239780953,1.085991035241253,3.472762304961903,29,male,low,464.0,False,5,3,1,quite rich,education,0,0
1.468750010047703,1.623184570848578,1.10394244911211,0.3299794860304854,48.42039802307364,3.011092298220575,1.51672063407877,41,male,very_low,832.0,True,5,4,0,,radio/TV,1,0
1.221966593238988,0.977947994224362,2.53347640635566,0.101471020554425,0.1540643534315002,0.5782353606660048,2.028120762280523,32,male,medium,744.0,False,4,0,1,little,repairs,1,1
0.5518209721645047,0.3977289757700363,0.5976626140613572,4.445562289566556,0.5539926768430775,0.04379760984486158,12.25547836104661,40,male,medium,766.0,True,1,2,0,,car,1,0
1.217045353863059,0.9993772670351011,0.6201038911692462,2.879887473498715,1.574313372069423,1.848345220668933,11.52122275649913,25,male,high,531.0,True,3,3,1,little,repairs,1,0
0.8366345832992501,0.7558508241828592,1.041135005194366,1.949059110990437,1.882877720198831,0.1691215332353251,12.42519866074497,52,male,medium,863.0,False,5,0,0,little,radio/TV,1,0
1.854544007326938,1.317471070966839,1.706085737672786,0.3393975329953991,2.896437005669868,0.6538056436985338,1.941039992452599,21,male,medium,909.0,True,5,0,1,quite rich,business,1,0
0.8648761050255005,1.020138342471361,1.2187835921848,1.1413351817708,0.2241744572142697,0.1032454057100981,3.578224494080217,44,male,medium,752.0,True,0,0,0,little,car,0,0
1.692327790647048,0.4277026652849322,0.8915232086819953,0.9167785094830326,0.1228183334461403,0.1906881901106178,12.08387965265779,83,male,high,247.0,True,5,4,0,little,business,1,0
0.7359404021085506,0.8850167806965237,0.5915996302444193,0.7836567179931492,0.1687895954209784,0.3258274680614475,4.970031301382554,58,male,medium,288.0,True,4,1,0,moderate,radio/TV,1,0
1.25886275212697,0.9828627246439603,0.6482785559307201,3.377780876845551,0.8192644267533333,0.0719162826607647,5.960803871713871,32,male,high,597.0,True,0,1,1,little,radio/TV,1,0
1.070324524062652,1.557176173554755,1.052141776458164,1.182067333067296,0.9417387821529556,2.083191743006392,12.80855279092919,69,male,high,257.0,False,2,3,0,quite rich,car,1,0
0.6030533457970008,0.8563136080250187,1.354394561095304,0.867906595444878,1.331326689225047,0.4790759035561566,3.975289180924505,23,male,high,809.0,True,5,3,1,,radio/TV,0,0
1.645171751037757,1.065399054863338,0.9459332176412031,0.4744549253237095,1.255319161908194,0.6622332102772195,2.896988134466638,43,male,very_low,350.0,True,3,2,0,little,furniture/equipment,0,0
0.8327801741532707,1.193101938315093,1.004940927061981,0.2535607129516245,3.2138883116467,1.592812157251614,5.174965844910081,43,male,high,545.0,True,3,5,0,,education,1,0
0.1959910715086163,0.6984913945618736,0.6339877799648408,2.987494901590314,4.938289486198843,5.847305630746146,26.44636170734715,27,female,very_low,207.0,True,5,3,0,rich,radio/TV,0,0
2.497020719884697,0.9406784113960315,0.2673500031821525,1.952052357866021,1.829981140369449,3.621260415070727,29.28490975514688,59,female,high,132.0,True,0,3,0,moderate,furniture/equipment,1,0
1.004345082195707,1.348314845538021,1.806797176985153,0.5391397857220886,0.116758923259985,0.127474614105681,2.153962207765208,73,male,high,625.0,False,4,3,0,little,domestic appliances,1,0
1.00585495792226,1.805536921612037,0.7752242705800133,0.01634241474464186,0.1479235659062453,5.421042785786288,13.64653832455862,76,male,medium,261.0,True,4,4,0,little,vacation/others,1,0
1.261341969481896,0.918759159227335,0.776870130975782,1.017943959818266,2.840794365984083,1.543834683795072,13.20586913473252,74,male,medium,243.0,True,2,1,0,quite rich,vacation/others,0,0
2.111834209400083,1.324377064388385,1.067181916176561,0.8713049392357688,0.5864365281651995,0.3239809373552093,19.63714386498196,56,female,medium,606.0,False,5,3,0,,radio/TV,1,0
0.712630812778972,1.058497173033941,0.4076973699208866,0.4599976088915132,0.06817579886209381,0.6950562240699241,9.591921124394355,32,male,medium,869.0,True,0,2,1,quite rich,education,0,0
1.753895482743618,1.944132668227711,0.3373811223357477,4.06665903272034,2.561872525421129,1.215291809453519,4.480352106763549,23,male,high,894.0,True,2,4,1,little,education,1,0
0.8505609597872762,1.558319534535404,0.6975715167966487,4.054536539110515,0.4597574063401402,0.04861300673539799,28.08704966545125,53,male,high,441.0,True,5,2,0,little,repairs,0,0
1.327691157424463,0.6499245126047679,0.635292970794939,0.1554537962743978,0.1929261129949865,1.352711633561222,1.639924177324599,81,male,high,266.0,False,2,3,0,moderate,repairs,1,0
0.5070450749624275,1.118168024945603,0.4025131795878769,3.551254783449904,4.026199000892065,0.7297287647347914,4.515486689042056,59,male,medium,638.0,True,5,0,0,quite rich,car,1,0
0.3391242800270115,2.322200375416639,0.9005662756009358,1.732879115606955,5.511635565510111,0.3103067439440239,8.801958562644938,37,male,high,842.0,True,5,3,0,moderate,car,0,0
0.6996058904739051,0.5821726510635171,0.8493108080058248,1.005612520370006,3.292062054929837,2.726700527192446,31.14766067783764,19,female,high,218.0,False,3,4,0,quite rich,domestic appliances,1,0
0.8710968468284055,1.097329410630969,0.872596684020744,0.7089576122130326,1.206064798755182,1.541272795246153,14.54935244477942,37,male,medium,748.0,True,1,2,0,moderate,radio/TV,1,0
0.9516720376040297,0.6567528671815128,0.4577011041167121,3.312283557481313,0.003515820630775993,0.02437040815898137,33.17572485465234,34,female,medium,489.0,False,5,3,1,moderate,repairs,1,0
1.008994177973094,0.9465765958845082,0.2733293704535773,2.174601439729188,1.348809298087411,2.253214068640328,33.44384190326167,33,female,medium,638.0,True,1,3,1,moderate,vacation/others,1,0
1.739568684480431,0.6791267326328647,1.259190998470588,0.8661767539754347,1.771118103368046,5.433314333687558,44.5407907566775,65,female,high,974.0,True,5,3,0,little,car,1,0
3.269479698488182,2.065825877844744,1.434173984218541,0.4939401652733748,0.7217864973141382,0.9049046750446313,3.826138802874912,54,male,high,288.0,True,4,2,0,moderate,radio/TV,1,0
1.914236970505376,1.01036828445035,1.463183990646654,0.4280256799246284,1.059095120557152,1.049013095044724,15.28398969527827,64,male,high,704.0,True,4,3,0,moderate,business,0,0
0.4529816648833616,0.8818806978094975,0.4220178244097454,0.3493926207153566,2.339550922830198,2.04514573725142,4.875662080553689,59,male,high,665.0,True,1,1,0,,car,0,0
1.125136791907659,1.761748779761066,0.8413111504609695,2.568850968534008,7.142587874113763,3.757321442948092,45.50784615002941,60,female,high,191.0,True,1,2,0,,business,0,0
0.9333605375404503,1.339356934812914,0.5420249992318327,2.517059039802509,4.75097619566426,2.114410917535521,37.70404794850768,72,female,high,218.0,True,4,3,0,quite rich,education,0,0
0.6003973740823543,1.489048384150262,1.009539099485999,1.622401179737615,1.571899348745072,2.070449487481331,8.1739774865134,25,male,medium,238.0,True,1,2,0,little,furniture/equipment,1,0
1.260918687950296,1.04049388354271,1.032417226222983,0.8485824364588177,1.098276975049243,5.729915005813753,27.53291509933483,35,male,medium,928.0,False,0,0,0,moderate,vacation/others,1,0
1.050998033010978,1.43344289472543,1.733434322822428,2.151658918968193,0.08753125055520988,0.01488751574164701,1.23255448838048,80,male,medium,202.0,True,5,4,0,moderate,vacation/others,1,0
1.014111084805052,1.554035804065119,0.8571541109615579,1.67316266387131,3.657180141126734,2.345952903365593,23.53956466067226,66,female,very_low,905.0,True,0,0,0,little,radio/TV,1,0
0.6318183402313976,0.8801300142089774,1.033315054299713,1.652886933516828,1.215740861346779,1.723751636086152,5.760511384959365,44,male,high,266.0,True,4,3,0,quite rich,car,1,0
0.8640833679299097,0.6472215477405309,0.791861450821497,1.214040118008868,2.133437348720154,0.9734280063176203,8.053547065997854,31,male,very_low,838.0,False,2,4,1,moderate,vacation/others,1,0
1.226187073884447,0.902733952221981,1.169488052285236,1.092437465327568,2.379235268283406,3.918926429496928,30.90865290076201,53,male,medium,186.0,True,5,4,0,moderate,vacation/others,1,0
1.146767528539037,0.9047093395338418,2.913184563797469,1.015761412258985,0.2611769724419342,1.341853970076846,1.549838406864419,20,male,low,794.0,False,5,1,1,,car,1,0
0.638167487973715,1.539998631071996,0.5887726469521524,0.867287770015779,0.3140366082843239,0.4081801494221992,7.535480767749796,40,male,high,939.0,True,0,0,0,moderate,vacation/others,0,0
1.118607680278052,1.6089544389699,1.14326078407017,0.2482528707140781,2.004283502439916,1.195286432681245,2.512975929307837,64,male,high,266.0,True,3,2,0,little,business,0,0
0.4654098239419808,1.628027479309714,1.115039364860487,0.06876272552265654,11.48158884222895,5.340846788002281,4.483361911864066,74,male,low,485.0,False,0,0,0,moderate,radio/TV,1,0
0.6715731895756163,0.988021081682399,0.4540151186639881,2.469358456541037,1.821857942954835,1.699720467107515,15.71980439480041,39,male,high,694.0,False,4,2,0,moderate,radio/TV,0,0
1.500038961777647,0.6320017302951075,0.9071233134848619,2.405314025033137,2.959972053188431,1.369296906025664,8.677696603058353,63,male,medium,876.0,True,1,3,0,rich,vacation/others,0,0
0.5252513526248513,1.298427946625341,0.4194021098389218,1.403169207718907,1.419650480593556,0.4471629421723724,7.969827467884684,58,male,high,576.0,True,0,3,0,moderate,radio/TV,1,0
0.4994614628701678,0.8634438017081006,0.4796815148298624,1.160179195521519,1.985664223543429,7.706653849254628,98.51220315698379,80,female,low,801.0,True,0,0,0,little,car,0,0
0.6365287653161354,0.6935348247746305,0.2802495335870179,0.08116496199271675,1.25294682165612,6.89362289948219,14.15208398127636,77,male,medium,867.0,True,5,0,0,little,radio/TV,0,0
0.8253913825505745,1.072595812152868,0.7916523336228053,1.624146111900398,0.9011551183791422,2.086275482886137,11.95491490686699,42,male,medium,270.0,True,3,2,0,moderate,furniture/equipment,0,0
1.346422655033154,0.560570003963896,0.7670598201683998,1.437290620264414,0.2238193397495178,2.310759224410141,4.703437917230752,66,male,low,266.0,True,2,2,0,little,car,1,0
0.8001826274961102,1.007685181879284,0.6071068120208617,1.140438871364713,3.034683371675831,0.6366082267840457,8.567426098557801,20,male,high,180.0,False,4,4,0,,furniture/equipment,1,0
1.974945498298422,0.9277319640044728,0.6377528320195717,1.061039464204383,2.038687097458,0.5781177565235133,9.806294816885744,52,male,high,933.0,True,5,4,0,,radio/TV,1,0
0.7752331365672359,1.102449318532237,0.7353820618163992,0.9554683545990723,2.310742588830337,2.120779772198886,19.99086969815405,67,female,medium,218.0,False,5,3,0,moderate,radio/TV,0,0
0.8150742096655346,0.7502906792638173,0.8555638980543595,0.9346615901933659,1.421515913579708,0.356601193004114,1.987823965125495,81,male,medium,168.0,True,5,4,0,,radio/TV,1,0
0.5006948785684757,0.7633105994813738,1.607883457766466,0.7115830690191006,0.07911608210206858,0.1014854149245157,4.458401986319514,48,male,low,751.0,True,3,4,0,quite rich,vacation/others,1,0
0.6301335288504615,1.167255025552839,0.7901612049869319,0.3511121545536767,0.6553840586186955,3.059552716826559,19.9315508224017,32,female,very_low,600.0,False,5,3,1,,car,0,0
1.012050861051996,1.164949015363121,0.2027611570224592,0.1455408432863717,0.003127512480110407,1.526905009076053,8.850383960355316,36,male,very_low,671.0,False,5,2,0,,radio/TV,1,0
0.3764099513096433,1.152865844361207,0.4681490581267851,1.981122555548605,0.1440469966865393,0.1196275498325522,6.218914879693104,25,male,high,889.0,False,0,0,1,little,repairs,1,0
1.36569924714252,2.432135212693221,1.462190849644588,1.319394873323778,0.4211632294080705,1.462295510019597,2.833836540275896,80,male,high,811.0,True,2,3,0,little,business,0,0
1.076732375282618,0.851577220056476,0.5293147273087165,0.8919155033803026,0.3914979377444016,0.3890975805732392,4.641084162004976,69,male,medium,626.0,True,5,3,0,little,education,0,0
0.6760202176508856,1.897164828265345,0.9616028924068302,0.5934481946763855,0.03742798074422171,0.1440618141713828,0.5140313229789855,75,male,very_low,433.0,False,0,0,0,little,furniture/equipment,1,0
4.029143839918436,0.5584986238575915,1.094063629223131,0.567417473360771,4.451114467505255,0.8743825457766378,9.58303631240265,21,male,high,328.0,False,5,2,0,moderate,repairs,1,0
1.754538693445548,1.021686971861058,0.7863655856800928,0.4318809780421123,0.5448815265032659,0.8635355128190734,8.851626522549319,20,male,high,313.0,False,5,3,0,quite rich,education,0,0
0.8520699585192979,0.9045196871432498,0.1582715594444298,0.3629915804627857,0.266697674359694,2.377080897687802,16.83824664663308,64,male,medium,680.0,True,5,2,0,,car,0,0
3.228054364186789,1.403368762710322,0.2990616387772584,0.2939220417333819,0.0270373631231086,0.8266721433766804,2.37532229671931,28,male,high,408.0,False,0,0,1,moderate,car,1,0
1.388366283454414,0.6058262129393516,0.6411589714997681,3.437109311375321,0.01443436049274659,0.02064614942566013,14.15650725533124,68,male,high,771.0,True,5,2,0,moderate,business,0,0
0.8320207183383787,1.050406785102745,0.5366672944475898,2.361098408772966,2.799107361015015,4.036344341895841,45.79243549021297,82,female,high,626.0,True,5,3,0,quite rich,radio/TV,0,0
1.91808871350881,0.6997340463355558,0.6077757479250844,1.43294432547182,0.03662584316877698,0.1320610306935975,24.9735933139645,23,female,low,565.0,True,5,3,1,quite rich,car,0,0
0.7506791085926767,1.078699275356363,0.4445026270870541,0.802626862648866,0.08511384610512429,0.4014115959443392,10.26746056811994,24,male,high,525.0,True,5,3,1,quite rich,furniture/equipment,1,0
0.9264006570654171,1.896893046262356,0.8596034977828387,3.191983012508955,0.08154362028750661,0.0304259034094111,15.89665339916685,25,male,high,632.0,False,3,2,1,,radio/TV,0,0
1.671697514430963,1.201893238806863,1.265374135012717,1.125079644003342,0.8433558750406781,1.530492615334096,9.021740330226443,44,male,low,577.0,True,5,4,0,quite rich,vacation/others,1,0
0.586560253965273,1.578499314775403,0.4972891495756627,4.065876310030463,2.899390619035216,1.694264863649359,9.751581502771456,35,male,very_low,464.0,True,4,3,0,,car,1,0
0.6072756506507975,0.7568319964519328,0.9592043323918604,3.304601814948128,1.418303111305788,2.824788946801794,7.032940392499847,48,male,very_low,590.0,True,0,0,0,moderate,education,1,0
0.7653646740796817,0.4562058477191902,0.6322625629474823,2.181023006975303,0.7857727149187096,0.1508720063112255,13.03771878330457,69,male,medium,163.0,False,5,2,0,little,car,1,0
2.333279480178454,0.8142672612967302,1.175628050924688,2.05534677872762,2.482389732149851,6.119877275966317,23.04523417440937,58,female,very_low,933.0,False,5,2,0,moderate,vacation/others,1,0
1.68304112984107,1.085772629613328,0.338807482819357,2.018831423380147,0.8859396871822759,0.3292831519163663,10.77922812697798,25,male,high,339.0,True,5,3,0,rich,car,0,0
1.046294906118929,1.616697510636844,0.480309288891699,1.772473978529721,1.210057468688334,1.052187827137283,12.86778397660962,25,male,very_low,701.0,True,3,2,1,little,education,0,0
0.715043952153651,1.076938865324845,0.8992921436104901,1.023534375803053,0.295888090633212,0.2141143690997717,6.724699901784385,68,male,high,,False,5,3,0,quite rich,business,1,0
1.249079732058963,1.004550616472287,1.128091682284359,0.3146631997222861,1.302188208340431,0.9097330007926554,6.449991942001184,47,male,high,339.0,True,4,2,0,little,car,1,0
1.061084854213025,1.117437781246734,1.326554872469951,0.2946057498956147,0.7251959704480865,1.962363359625281,22.5203050188466,30,female,high,804.0,True,5,2,1,rich,radio/TV,1,0
0.4167708763995246,0.4826497226088202,4.353600081584569,0.254446420000157,0.1750276479096373,0.6974158534385477,1.343515297388886,35,male,high,371.0,False,0,0,0,rich,furniture/equipment,0,0
1.552980528990432,0.7640492016811006,1.351730620813894,0.1840296937157836,0.56890240061088,0.848410205060391,2.405988168562907,74,male,high,907.0,False,0,0,0,little,vacation/others,1,0
0.8888852901521591,1.179637661019864,0.5731657588139686,3.969703565743721,1.680303462967103,5.399766665058902,16.20470970050719,55,male,very_low,163.0,True,3,1,0,,repairs,1,0
1.058034657519014,1.858649434959012,1.465704036202046,0.3079006875051948,0.3902924825755034,0.4242869481740971,1.737134544352691,67,male,medium,571.0,True,5,1,0,little,business,1,0
0.7223914263581491,0.3109486545599245,0.1549708162742942,0.1034743180785235,10.62674419975026,10.87758979354181,0.6422073124371387,49,male,high,747.0,True,2,3,0,little,education,1,0
0.9514116049248528,0.8373380064799499,0.4132662476993649,2.472069818559975,0.08957812625678936,0.1114929692906908,22.07942432971945,64,female,low,912.0,False,5,2,0,,furniture/equipment,1,0
1.829839252381689,1.351215060531699,0.6391802196746655,2.209595097489967,2.230049364930403,0.2434458193679229,12.24836860954345,73,male,high,180.0,False,0,0,0,quite rich,repairs,1,0
3.262499861487419,0.7398534907081237,1.614858896531874,1.612446632136858,0.7224350505596718,2.242685709986537,5.682022260306933,40,male,high,706.0,True,4,4,0,little,education,1,0
1.212317787989592,1.563959549958104,1.914272078067116,0.450635011048959,0.4666323480599096,1.084161473205997,5.495763662756017,35,male,low,838.0,True,1,1,0,moderate,car,1,0
0.821725334581812,0.8802843298780565,2.160571586766337,0.7897337143664016,1.603731313188124,1.228867287832646,8.760780636388832,28,male,high,552.0,False,5,4,1,little,education,0,1
0.8425642398689551,1.262532411963586,0.4316529168626177,2.107008424848619,1.830700791622984,1.270890713571522,7.448579762399397,68,male,high,476.0,True,2,2,0,quite rich,radio/TV,1,0
1.318337951542033,0.8979389303037454,1.687522260463065,0.9709124515406861,1.407313842037129,1.848117710269964,8.921708924941477,42,male,medium,367.0,True,5,4,0,quite rich,radio/TV,1,0
1.271022308451591,1.973283939332741,0.553374542492495,0.4478827808008294,0.06609084985095919,0.6452446350175394,17.66935121456862,77,female,high,821.0,False,0,0,0,,radio/TV,0,0
0.9577616176318521,1.003936350875755,0.3152672943291659,0.3142993023917314,0.6641259322212638,1.812142827466668,2.953501824281251,85,male,high,266.0,False,2,1,0,little,radio/TV,0,0
0.7355593178514335,1.293133033723848,0.686151658825233,0.05824443687649492,0.2650762384918418,3.21617128404311,7.771834310946777,41,male,high,675.0,False,5,2,0,rich,furniture/equipment,0,0
1.367096316685552,1.206777885164318,0.1781423950177444,3.07781243367767,1.982186317626775,3.167939667827802,20.65586667222581,40,male,low,482.0,True,5,3,0,rich,vacation/others,1,0
1.217727694766551,0.723757817861797,0.6551686508651517,2.821973919449864,4.30545652500589,1.95198012717862,12.79677096044067,65,male,medium,614.0,False,5,3,0,quite rich,furniture/equipment,0,0
0.7589870236417653,2.088082318881112,0.6532043064490863,1.942923408473373,0.3375162066975193,0.1129442646753176,3.295650493663032,53,male,very_low,328.0,True,0,2,0,moderate,radio/TV,1,0
0.6624468055845487,0.6161927659163271,3.847275513600407,0.2091597542991282,0.3397145732281603,1.298208420916561,3.08520171517142,65,male,very_low,951.0,True,5,2,0,little,repairs,1,0
1.127297405677048,1.779765305446787,0.9947706344892097,0.1849597269655575,0.03788092306796177,0.5678443540353644,4.686865759764932,36,male,very_low,663.0,True,4,3,0,little,car,0,0
0.7865274960231607,1.363702243640956,0.4872303457360393,3.902828609573665,3.435704908291927,1.364121957420491,5.109113619837467,23,male,high,489.0,True,5,3,1,moderate,furniture/equipment,1,0
1.158983460110447,1.127267488529942,0.4130882619210904,3.770882904966951,4.811339963096915,3.311703829456285,19.03690770698212,42,male,medium,625.0,False,3,4,0,,radio/TV,1,0
0.3647632729499711,0.5092530307944557,1.122560082168634,1.369871613361095,0.486202421851691,0.1156196381608711,4.157013360327197,52,male,medium,694.0,True,0,2,0,little,radio/TV,1,0
0.6408648231271671,1.348552992361006,1.73884165739906,0.9159956553151158,1.275210219775323,2.253824164449774,19.17835770363065,39,male,medium,632.0,True,2,3,0,moderate,car,1,0
1.893351856503376,0.5072215240607556,0.9253341773556081,0.8183622376051597,3.359093934027492,0.5457264476825479,2.943330919727896,47,male,low,951.0,True,0,0,0,moderate,furniture/equipment,1,0
0.8378126072181901,0.9783109592078495,1.1596742648119,0.583869583376223,0.102204438640425,0.1951738307070917,2.476789616292591,55,male,medium,247.0,True,3,2,0,moderate,furniture/equipment,0,0
0.7951513607336632,0.7720217920462367,1.293154260421091,0.5802153030911706,0.4776836259333548,1.085315266450034,6.10100905013352,40,male,low,261.0,True,0,0,0,rich,vacation/others,1,0
2.448985572747191,0.4463339895575558,0.6752435751530554,0.5067129100265534,0.08223790728972095,0.4428777620127733,6.677542933713178,30,male,low,324.0,False,0,0,0,little,furniture/equipment,1,0
0.3666335403321165,0.5627201043589415,0.7124226111566209,0.0511040242435356,0.1629670388483387,2.782665616756542,3.920211736749243,21,male,medium,151.0,True,3,3,0,moderate,education,1,0
0.8195245163148034,0.7908091283336034,0.4518232727317415,0.6177858178549538,0.5111280741310119,0.7163519321551601,5.223451237172407,45,male,medium,823.0,True,2,2,0,little,repairs,1,0
0.7481616222756898,0.8119840151706741,0.3113118820975145,0.0855289798267827,4.318672502699288,8.696122163155112,4.278657917292128,75,male,high,126.0,True,0,0,0,,radio/TV,1,0
1.058419048654958,0.8789592303313338,0.7106224672219219,1.640775637890721,0.3409937828478439,0.1412141959375486,7.187134089514752,26,male,medium,257.0,True,5,3,0,little,car,0,0
1.138826246068769,0.8363277691575027,1.516636788170702,1.328008233770497,0.8902776264516786,1.603851519849817,9.07354492501448,82,male,medium,436.0,True,0,0,0,,radio/TV,1,0
1.526442531346942,0.8787538424826524,0.4526079830023248,1.042626433015404,5.86591053297259,0.3681194285644432,12.66369615366061,81,male,high,767.0,False,5,3,0,rich,furniture/equipment,1,0
1.325286413352424,1.402294657798141,0.6109364177544746,0.5372880557922866,0.09242229888124287,0.4285378606346746,5.958729666784142,58,male,medium,207.0,True,1,3,0,quite rich,vacation/others,1,0
1.592152256960229,2.982854016541731,0.4805079753063448,0.3074586137395295,0.1878265914758396,1.072694982278178,5.781420562664113,52,male,high,755.0,True,4,3,0,moderate,vacation/others,0,0
0.2423062400301753,0.9914273230333056,1.609903466261634,0.2733461759283601,0.7718076197441999,0.2770520207366995,1.979032681115067,50,male,medium,623.0,False,1,3,0,rich,radio/TV,1,0
1.249213899107508,1.378057035967474,0.2786168634000538,2.774959812456395,4.246003600905412,2.471216245385545,15.83255346794848,19,male,high,266.0,True,0,0,0,little,car,1,0
1.440346872384557,1.184363467848776,1.05473659630945,1.26815375068706,0.4818528611786167,0.9423728712585725,3.304205927966577,43,male,high,324.0,False,0,0,0,rich,furniture/equipment,1,0
1.127071594382797,1.244364993045917,0.7340652851483433,1.219631155306814,0.9480881892302824,0.3143591316815182,9.417945811574548,54,male,high,495.0,True,3,3,0,moderate,radio/TV,0,0
0.3245509031112189,0.9360936016370976,0.7175761345275721,1.024884758170885,0.05750869395991764,0.1602724747253935,11.43726684629631,44,male,medium,706.0,False,4,4,0,little,education,1,0
1.328671694628729,0.8337688215607887,0.6114998651649756,0.8410399574481754,0.4344841221590926,0.4564297261099322,10.27293703487369,63,male,very_low,641.0,True,1,1,0,rich,furniture/equipment,0,0
1.003401400642464,1.430198536955931,1.178880969878701,0.7056935614355246,1.944287175460948,2.872590298304382,20.43023839974164,79,female,very_low,533.0,True,4,3,0,little,radio/TV,0,0
0.496788021088386,1.582300801975817,0.8449422184747659,0.3720444858502173,2.325165727453837,1.053358211676313,1.716057906474434,53,male,low,266.0,,0,0,0,rich,furniture/equipment,1,0
0.6403565598110452,1.24110252484958,0.1767227062078942,2.481671826571913,1.552666033097488,1.186824199171868,9.494799932530904,79,male,low,670.0,True,5,4,0,moderate,furniture/equipment,1,0
0.3354411439214866,1.415637091748424,0.4840346373929373,1.495438884817622,8.424048212124715,4.466745329496758,86.71194982349782,73,female,low,775.0,True,5,2,0,rich,education,1,0
0.297867416492889,1.555399322551182,0.5835037315903892,0.7332370734363599,0.191220503195009,0.5233058617501031,29.75530627975976,46,male,low,748.0,True,5,3,0,quite rich,furniture/equipment,1,0
0.6801156665047661,0.5399562757102171,1.022320724651252,0.311810969208662,0.4633762197943856,0.6445551182797062,2.134433444249824,58,male,high,709.0,True,1,4,0,little,car,0,0
2.00033617679784,1.392367802865932,0.3409100280516696,0.2730769293712092,0.6248326081320653,2.074121811001276,6.254225845236622,45,male,very_low,768.0,True,0,0,0,quite rich,radio/TV,1,0
0.6506841943378916,1.057586413432044,1.115618790203351,0.2523658327275709,0.1707434333429914,0.6551212485637419,9.849340853500607,44,male,very_low,202.0,True,5,4,0,little,car,1,0
1.014781921629047,1.439979246546213,0.9335936469663912,1.971752759900422,0.07224482471996514,0.04975830794138375,7.387541690832721,69,male,very_low,863.0,True,3,2,0,little,radio/TV,1,0
0.38802730888825,1.173240159941635,0.411796223412247,1.83725357884395,1.890120350725369,1.517673424516035,10.81649751002411,29,male,high,703.0,True,3,3,1,quite rich,car,0,0
1.322798253503524,0.9659744371418026,0.8273952940641208,1.702171547237834,0.246869038189165,0.104675942637068,5.26956887126658,40,male,very_low,138.0,True,3,2,0,little,business,1,0
0.8119823867763317,0.9770695799898057,0.3724761814700594,1.599236019761828,3.872822984535751,2.04587811060509,35.54648917615773,65,female,high,691.0,False,0,0,0,little,vacation/others,1,0
0.2599516531162653,1.749240296653941,0.5905712138680297,1.389738947872375,2.088217487687916,0.7452087837967817,6.359547507555156,46,male,high,710.0,True,5,3,0,little,furniture/equipment,1,0
2.425592695771464,0.3778200156146361,0.5752528764063667,0.7150199639765292,0.3963829304263988,0.5441127068100469,7.567263332405637,49,male,very_low,875.0,True,3,3,0,quite rich,car,0,0
1.021072251111096,2.550284430987182,0.7753416591502911,0.5269370638256218,2.451535464792904,2.421224164310366,50.8785479929352,81,female,medium,174.0,True,5,3,0,moderate,radio/TV,0,0
1.601040321357691,0.673694816166076,0.7867909947152545,0.3714256461360018,2.655705903652592,1.556787101124259,10.65186104445595,50,male,high,557.0,True,5,3,0,quite rich,radio/TV,0,0
1.15375387021097,0.8437680142927169,0.7892277343568914,0.2091174123321672,0.4188052799384491,1.066128627861363,1.423431624533314,68,male,very_low,948.0,True,0,0,0,quite rich,furniture/equipment,1,0
1.077198173481624,0.7486913045980028,0.1874829242018055,8.79924452302174,8.575037938569146,3.976574679052995,34.46739508452975,58,female,medium,514.0,False,5,3,0,little,business,0,0
0.9260117872810832,1.412957317748709,0.9721557057993507,2.207871302759998,2.100806820794325,2.899048740137376,12.8896873423862,74,male,medium,698.0,True,5,3,0,rich,car,0,0
0.6579496808888686,1.361103733162809,0.418131135294262,0.7911149385194528,3.525255256996437,1.31905005100431,8.203415917011194,73,male,low,858.0,True,3,3,0,,radio/TV,1,0
0.6226365193486239,1.043101755479971,1.110119160329852,0.7053384629042119,0.8628752577159082,0.3301687965264032,2.636931547374475,65,male,high,466.0,False,1,3,0,quite rich,vacation/others,0,0
1.348198368494493,1.090641252563838,1.820991247016975,0.5959677859255956,0.6205639169200278,1.696018870104601,6.504293590299332,18,male,medium,197.0,False,4,3,0,little,education,1,0
1.236941863019076,0.3725171876352569,1.54733683401524,0.3353363110461008,0.009775742094063017,0.1372975656794191,2.979908660628717,40,male,medium,599.0,False,5,3,0,rich,car,1,0
0.7915251507246576,0.6846907376696385,0.3102993820733875,9.005598740175472,0.04240309410575388,0.009963278059659107,38.67160152642124,63,female,high,266.0,False,5,3,0,moderate,domestic appliances,0,0
1.269359423515741,1.260681856766419,0.590249924527464,4.407811239342631,2.026099596927709,1.824503632725931,5.520476433861833,46,male,high,758.0,False,5,2,0,little,car,0,0
1.110388218565249,0.8833005135070234,0.3538007151223916,2.795692016578451,6.380523347699349,5.652663610381829,63.50663725227722,42,male,high,233.0,True,5,4,0,rich,business,0,0
1.034519405339285,0.6745396387677208,0.6638468998896668,2.220121140110635,2.089151398973738,2.584088023588738,26.60472759954237,44,male,high,830.0,True,5,2,0,,domestic appliances,1,0
0.8119759987539661,1.330711758223781,2.29495464970468,0.5823641092457328,0.9138893601210257,1.725440211830415,12.95378092461966,54,male,high,610.0,False,0,0,0,quite rich,radio/TV,0,0
1.26206091257663,0.9505955229276328,0.4936108076020573,0.4635327615568998,0.1893586968003512,0.741512059810531,5.842322208551173,42,male,high,803.0,False,5,4,0,moderate,car,0,0
0.7905814109074414,0.8002439644449828,1.016224646094815,2.721716372355278,0.3800203200301317,0.04342189076549851,4.715270594293263,82,male,medium,601.0,True,5,2,0,,furniture/equipment,1,0
1.165121200750836,0.8038253502632524,0.4863325121617296,0.6462954824612556,1.831729187206006,0.6679857552969012,17.05372026854329,46,male,high,949.0,False,0,0,0,quite rich,radio/TV,1,0
0.4256062975244541,1.51565013707081,0.3351840868364013,0.4788702976796011,2.260706651255725,1.81160558894932,4.779250299512966,29,male,high,186.0,True,5,3,0,,repairs,0,0
0.7137916315987006,2.070944450462099,0.5248463685230976,0.3802395659992682,2.657244688998264,1.777223379901985,4.465109183062395,27,male,medium,829.0,True,4,3,1,moderate,radio/TV,1,0
0.2463587990616891,0.9529285665542989,0.7021117648920217,1.668991345537792,2.368227569519511,1.839528535497421,16.6942950314227,51,male,very_low,387.0,True,2,1,0,little,radio/TV,1,0
1.259713854528518,0.959640748992911,1.050151524601881,1.01929787833617,1.975316547382483,2.422004191100068,20.94492273566451,64,female,high,180.0,True,5,3,0,moderate,domestic appliances,0,0
0.7054643852116074,2.400143384109909,0.8163691234511006,0.2608981670820967,0.4065533863482663,1.011997894781016,4.937447061412116,38,male,high,784.0,False,5,3,0,little,education,1,0
0.3925100750221167,0.7873742724338832,0.3328509125982478,1.062880771761184,0.02613537029970568,0.2714740059449522,13.11850988679356,73,male,high,266.0,False,5,2,0,rich,vacation/others,1,0
0.640011655641563,0.6699221867895642,0.8312531110778983,0.2396632303102199,0.5697616063240506,1.091322880234323,2.31933338078305,27,male,high,313.0,True,2,3,0,quite rich,car,1,0
0.9999914058409213,1.006153811156377,0.3153968306777952,2.946269984581525,8.576306642571907,6.826796591027112,95.07484291042925,21,female,high,531.0,True,3,3,1,rich,radio/TV,1,0
1.269468554780952,1.567194348781268,0.4820102222248492,2.011574843110695,2.073291576433562,2.028958145700829,21.82047012211753,54,male,low,396.0,True,2,1,0,moderate,radio/TV,1,0
0.7565840728851909,1.250147904610856,0.6670948413182609,1.62572112221945,1.343394776374241,0.280892529199053,12.29721992534694,23,male,high,510.0,False,5,3,1,moderate,furniture/equipment,0,0
1.292861229250152,0.7986362457502113,1.344043739047427,0.910195127290831,2.417661489952482,1.829728920156358,9.521548203308322,37,male,high,252.0,True,0,2,0,,radio/TV,1,0
0.4988741704890294,0.9890578833412831,0.5114014837392308,0.7855813336821724,1.298927979321311,0.693592024537882,13.03331569771798,84,male,medium,806.0,True,2,2,0,moderate,repairs,0,0
0.9085825381036615,0.878261475795227,1.17017821680134,0.3664074126154058,0.139282938281164,0.3662416556895134,4.877405681531467,78,male,high,328.0,False,5,3,0,,repairs,0,0
0.469373252562413,1.089850746688724,0.7215833784653741,0.2752814990594548,0.6695406592293492,1.576011306335945,21.42738574547833,51,male,low,144.0,True,1,2,0,little,radio/TV,1,0
1.263443932126596,0.7817829144273888,0.7516007321026259,3.396572937123131,0.45536345069342,0.05942018123109732,18.09634454428001,66,female,high,697.0,True,0,0,0,,repairs,1,0
1.121151940224363,0.5749420617519544,1.249677715307737,2.425354919902268,0.02046431580440212,0.01785801630439792,11.18667975104173,85,male,medium,570.0,True,5,2,0,little,education,0,0
0.7057338284997687,0.7408218613679268,0.4704429514146454,1.86041810026514,0.3650357132019321,0.2079477442755656,11.93194010258795,21,male,high,732.0,False,0,0,1,little,business,1,0
1.1475339992005,1.530132892248358,0.5820703777697471,0.8058493466387456,0.6222517373668855,0.5127697188004838,12.53283076948182,25,male,high,771.0,False,5,3,1,quite rich,car,1,0
3.888888895191096,1.259289189810575,0.4290412724959409,0.4776444708657622,1.961937215511189,1.094933214835177,30.54974461432364,82,female,high,779.0,True,0,0,0,quite rich,business,1,0
1.095258781379666,1.159419553773676,0.6467116486036623,0.4074287447995749,0.7995126479999682,1.074006894619717,7.543067084601576,22,male,high,788.0,False,0,0,1,moderate,domestic appliances,0,0
0.6829333502883861,1.319585703138778,0.6317182235153668,3.747743904862048,7.820198230027342,3.674328937446929,30.42375987838074,28,female,high,510.0,True,1,1,1,little,radio/TV,1,0
1.981619700060237,1.039884560121532,0.7578998432423082,2.323282602243489,1.052594676001113,0.07645651525213457,0.5154915562697864,45,male,high,701.0,True,5,2,0,moderate,radio/TV,0,0
0.7682699128442247,0.9014334779261444,0.3211501629115235,2.052328831704132,2.865683841249569,1.88626973751839,25.8210181161328,52,male,high,596.0,False,5,3,0,,repairs,1,0
1.065027594328356,2.334417417690205,1.097185261628724,0.3890444921021806,0.1035088903654249,0.3590717838216465,6.114118291122731,82,male,high,163.0,False,0,0,0,rich,car,1,0
0.5741089913454578,0.5121510827297392,1.68897552367451,0.1234437330334957,7.112426216601787,2.134804721894782,1.768545947767471,32,male,high,357.0,True,1,3,0,quite rich,radio/TV,1,0
0.8253989641165911,1.145283144541196,0.748640907385623,1.492797842310069,2.449567669264373,2.800218958434266,23.50198132301401,28,female,high,813.0,True,5,0,1,rich,radio/TV,0,0
1.52627651200074,2.606679322775149,0.2564248990115603,1.28702000336204,3.334758889259082,0.5144792345040365,15.7647537213067,51,male,very_low,367.0,True,2,3,0,moderate,car,1,0
2.148574239358991,0.8880373076416619,0.6218237602535912,0.849071057139514,0.04840322781914238,0.2054544440398929,4.326160474257422,19,male,high,480.0,True,3,2,1,little,car,1,0
0.876056259650627,0.981737767412016,0.6054211934850481,0.7737544885017145,6.807574706622009,1.088575154435832,4.228408246092307,52,male,high,574.0,True,3,3,0,little,repairs,1,0
0.6812766782635943,1.728944430789292,0.4924578050649567,0.7359570220970661,2.428049144459052,1.441093762757159,26.50202118997392,76,female,high,,True,3,3,0,quite rich,car,0,0
3.283231288680336,0.7852109270109686,1.235259555021442,0.6180981772521831,0.6382082868945456,4.461291926788701,21.19579057860902,60,female,very_low,,True,2,2,0,moderate,education,1,0
0.9898420793891066,0.645575180660044,1.174578369203743,1.680325771580456,2.525547066376995,0.1509262004636693,2.805069553369373,73,male,medium,106.0,True,5,5,0,little,car,0,0
2.972999209025483,0.6918590420638603,1.303925627296346,1.633644599952341,1.873813814456707,4.138992605372851,19.66791111976019,48,male,high,364.0,True,1,0,0,moderate,radio/TV,1,0
1.568556687476291,2.32008710916045,0.5531667897042899,0.2266607410240614,0.1843649792004394,1.171517344785226,5.911746446335769,18,male,high,816.0,True,1,3,1,quite rich,car,1,0
0.626712378859997,0.4336955307749137,1.638323844128921,0.2170428191968171,1.314808077644914,0.9821226564207527,11.2921292774417,27,male,high,630.0,True,3,2,1,little,vacation/others,0,0
0.5681876306078013,1.052566005987098,0.7096306251266431,1.396592645509646,2.066471156595265,0.3138192550760033,4.969764263500702,28,male,medium,266.0,True,2,2,0,little,business,1,0
0.3687983880646338,1.75797556011167,0.2399240256686391,0.9980465831315696,2.681678715094232,1.160209484670734,4.909829250983816,26,male,high,119.0,True,2,3,0,rich,education,0,0
1.421251152586501,1.952521444063995,0.5177532629495677,0.8662203735614483,0.8122015775361933,0.5703349480104889,6.685063549722403,43,male,high,768.0,False,0,0,0,,furniture/equipment,1,0
1.060019706510948,0.4706892017513045,1.450858157428545,0.6753297838685475,1.442110841333267,3.470075469529192,28.30259277009761,63,female,high,174.0,True,4,3,0,little,car,1,0
0.7432786124093518,1.222500631208612,0.5249756564601585,0.1783440400620878,0.05905671253047423,1.21571720632404,5.816362289805051,49,male,high,257.0,True,5,3,0,rich,business,1,0
0.4909563884855023,0.4642824170767107,0.6610021004864638,1.71644640942845,1.592249994485148,1.703947880232741,9.224189118526368,81,male,low,823.0,True,0,0,0,moderate,education,1,0
1.112769031661985,1.426829359102324,0.1998366363410343,1.116172463184799,5.3528663725849,1.541233006778167,41.15714433501488,54,male,medium,518.0,True,5,3,0,rich,car,1,0
0.9498183619303765,1.274284532261366,0.7530652633140401,0.648019867575756,0.6910568947720347,1.457295377306189,13.16916602322317,40,male,high,615.0,True,5,4,0,moderate,business,0,0
0.4101144528513854,0.6597226370300642,1.855803597678781,0.6094844437594605,1.759903096623842,0.421052223319544,11.38028021181021,22,male,medium,536.0,True,5,4,1,little,repairs,1,1
0.4484793281269721,1.291285151694048,0.380082747027724,2.748340903557741,5.239464348273294,2.375492337573545,22.31905658579027,46,male,high,296.0,True,0,0,0,,business,0,0
2.539236314035017,0.5571209477556709,0.7795259478533813,2.714619340222114,1.257672211960365,2.331235629525689,7.890186068806916,49,male,high,202.0,False,3,3,0,,radio/TV,1,0
1.922829537479622,0.5629102686414424,0.6423333677332922,1.835055844697037,2.673406639467462,1.106729568351127,10.53677713440315,55,male,medium,266.0,True,2,2,0,moderate,vacation/others,1,0
0.5141291285329725,1.229610082168327,1.240239803212795,0.3215216497179593,0.7414460781032152,3.576172072243348,28.3129407743785,35,male,medium,753.0,False,5,2,0,,radio/TV,1,0
0.6908190758384555,0.9154584990672155,0.468921510655844,0.2945565624998778,0.536740423754687,1.555258653045125,9.415360287708168,70,male,medium,882.0,True,4,3,0,rich,business,1,0
0.8431214626233463,0.7423016655016721,0.3875916899837885,0.287514159678993,0.1449411699223802,1.357388838506004,9.698116098326988,58,male,high,655.0,False,0,0,0,,car,0,0
0.802279351371208,1.212711519283422,1.340742793633004,0.06324989545804961,8.8718626828829,4.15965891165155,1.691540284708769,20,male,high,653.0,False,5,3,1,rich,radio/TV,0,0
2.775191259102757,0.7203888230621619,0.3409409143190704,1.822699361401297,1.684658260386428,1.689117559371435,27.12753228517718,27,female,medium,727.0,True,1,2,1,little,education,1,1
0.902921465636527,0.9299870776882698,0.7556352013544202,1.436484863204633,0.6595945088629902,1.614821819910524,4.469778665130307,47,male,medium,632.0,True,4,3,0,quite rich,car,0,0
1.393117563132419,1.053988720251582,1.171548711991958,0.4604078367886248,1.573819736788599,2.246940479650429,31.23509441852594,85,female,medium,270.0,True,0,2,0,rich,radio/TV,1,0
1.059271338311369,1.128148761457277,0.3570579755078839,4.075027196244404,4.375155306604318,5.133496108186766,47.90102947412939,52,male,very_low,266.0,True,0,0,0,moderate,car,1,0
0.7814705437107372,1.506635784683936,0.3485062696016575,1.892088267557914,3.428770636326854,5.259434323005706,56.00357571648343,67,female,high,524.0,True,5,2,0,quite rich,furniture/equipment,1,0
0.7191123902125948,0.4990349479481044,0.5358336234776979,1.698969979467049,1.296448805623416,1.906581221585493,10.47341733900379,22,male,very_low,191.0,False,5,3,0,,repairs,1,0
1.650195323371807,0.8983139768393592,1.706536334607812,0.7263930831921612,2.272157908194377,2.51574298507526,24.00258347204219,43,male,high,894.0,True,1,1,0,quite rich,education,1,0
0.4613349464025194,1.35000854317575,0.6668156073086312,3.238521482352798,0.05725583714823968,0.03208817751607584,15.15952723280532,29,male,high,550.0,False,5,3,1,,radio/TV,1,0
1.76593789521132,0.9642828828873862,0.6821728967180638,3.051204219237906,2.954184042743635,2.289026300858461,14.71508510332919,19,male,high,266.0,True,0,2,0,little,car,1,0
1.021658179067294,0.7810801319224543,0.6456083682262468,1.100885451908107,0.01032257406282362,0.09047162964737489,5.136344341713318,46,male,medium,489.0,True,3,3,0,rich,car,0,0
0.8946496281197515,2.855545377867977,0.3360565630260481,0.9537739618218198,1.492922581367149,0.8234007549755494,4.501255387983285,46,male,low,266.0,True,5,4,0,little,furniture/equipment,0,0
1.444189564524741,1.899419839977305,0.6917847959179567,0.5901320671121169,7.119048519143168,1.679099623691425,19.33929791434579,47,male,medium,480.0,False,5,3,0,rich,education,1,0
1.415986231543314,0.859520212647855,1.117165440983301,0.4136074127997211,0.4930399609386484,0.6109696902844829,13.9323996831448,83,male,medium,792.0,True,5,3,0,,radio/TV,1,0
1.261052005968571,1.628641193108967,0.899739994101949,4.987320672438183,3.129843840022232,5.210026356330506,20.72942018832073,32,female,high,870.0,False,3,2,1,moderate,car,1,0
1.598900027244021,0.9362201701728161,1.380937076836899,0.5919408694287834,0.5823595485327493,0.3005456828106352,4.955491441757211,64,male,high,909.0,True,0,0,0,moderate,car,0,0
1.427469047608979,1.259239893117587,1.10892767398441,0.255043918516276,0.1270275050164277,0.5388390969155522,3.470331269376956,46,male,high,860.0,True,5,3,0,quite rich,business,1,0
0.6761868754432918,1.020614918516035,0.2995919006425701,0.1876989908874884,0.08550639847733338,1.903325105287071,10.20514634098756,69,male,medium,962.0,True,1,4,0,quite rich,furniture/equipment,1,0
1.198942286115797,1.538122763546294,1.522242697478557,0.167210015029523,0.3801710578728451,0.6447263357817048,5.64436003146273,46,male,high,504.0,False,4,2,0,little,furniture/equipment,1,0
0.887749853277333,1.163717533862968,1.078138315089824,0.8241258059903307,3.355818836522076,1.229652523761452,3.237188424297932,53,male,medium,574.0,True,5,3,0,moderate,car,1,1
1.226662916570627,1.478696001987882,0.713460516561624,0.9195406911946393,3.132604597014984,6.371230356611989,70.87281745992621,65,female,medium,305.0,True,3,3,0,,education,0,0
1.151347421554401,0.5324781370359553,0.6407779005840383,0.5432091970157245,0.8994910493145909,0.4935353632769783,9.163144070063904,22,male,high,266.0,True,2,2,0,little,business,1,0
1.960748274066129,0.9758833043402539,2.094873416948541,0.3297346280768226,0.2466879637186611,1.581922474716357,7.516606186149055,69,male,low,835.0,True,1,1,0,rich,radio/TV,0,0
2.299778589373472,0.7247959607395685,1.473643405402408,0.2980903886128778,1.264734903301859,0.9220042795119333,12.93373714274354,63,male,medium,275.0,True,5,3,0,little,radio/TV,1,0
0.6773749484576512,1.015652452058225,1.968784857327917,7.030879913218136,0.8364305571952938,0.003884421209750908,13.11288310863991,20,male,medium,495.0,False,3,3,1,moderate,education,1,0
0.8510734550397447,0.5953546925730314,0.8055143145448348,1.640996590787004,0.6696637816064298,0.2390379361620079,40.49329938236045,64,female,medium,599.0,True,5,3,0,rich,domestic appliances,0,0
1.174496326406691,1.312328006566598,0.8084290485462718,1.118218394854658,0.1280979080296811,0.1903932889332273,12.21828417008735,53,male,medium,266.0,True,0,1,0,moderate,furniture/equipment,1,0
0.7957924461002788,0.960621476039776,0.8417414377593853,1.112857512899053,8.725782836849554,0.6033529923184446,3.339536003012507,64,male,high,547.0,True,2,4,0,rich,radio/TV,1,0
1.184100275653189,1.060714065768445,0.805832225075279,0.1828560972015228,1.329329802532644,2.206224384367832,17.69928589844929,64,male,high,,False,4,3,0,moderate,domestic appliances,1,0
1.115790485074753,1.478731290339818,1.511822384228347,1.738751302906467,1.120515451070735,1.32756590025343,3.377670599914847,74,male,medium,877.0,True,5,3,0,quite rich,vacation/others,0,0
0.8135678275607237,0.9684649762580831,1.105071716827366,1.207739876703406,3.300122523729139,2.090660510433007,25.27625652798706,18,female,high,357.0,False,5,3,0,quite rich,repairs,1,0
1.292689110334852,1.268635141782777,0.9294488775337794,1.06244486788594,0.7570456009004984,0.8361909591168804,8.479691339463296,58,male,medium,772.0,False,5,4,0,moderate,vacation/others,0,0
2.427000805828862,0.6092800243185601,1.706777956012946,0.4997975262749736,0.6847897498185022,2.902189863111103,24.96664232561368,72,female,very_low,433.0,False,4,3,0,little,domestic appliances,0,0
2.515461162165442,0.9780852378502799,0.5057693741987324,0.4030541618582979,1.781078943982082,1.570495188661312,7.536347798447673,77,male,medium,673.0,True,1,2,0,moderate,furniture/equipment,0,0
2.340395562123418,1.279661456643096,1.137709454537805,0.2881909497944294,0.005747385920367132,0.2108790333926067,3.296115341718433,39,male,medium,809.0,True,2,2,0,moderate,vacation/others,1,0
0.5981778700847155,1.082702907476473,0.3472652372703842,6.188141583813215,11.50458030778322,1.121004279514261,12.33587723049702,36,male,medium,665.0,True,0,0,0,quite rich,business,0,0
0.3818677949466897,0.842670922011473,0.5433031661301819,2.432331174694626,1.905377595544097,1.565456390958472,9.645217968836656,18,male,high,138.0,True,5,3,0,little,domestic appliances,0,0
0.4828468192602457,0.5370524506698634,0.8941935859575115,2.279867689405978,1.544963894788232,1.214154112656263,5.647004010456701,55,male,low,228.0,True,5,3,0,little,car,0,0
1.923425445649915,0.6999946769387847,1.220024898648348,0.5063998244598161,0.282894081952807,0.3928657704791285,14.43997925871555,75,male,high,625.0,True,2,3,0,quite rich,repairs,0,0
2.285585220087082,0.9519450951910507,1.257890723854733,0.4904522765101496,0.3393327931601625,0.3402153291263739,6.179139100468511,71,male,high,266.0,False,5,3,0,little,business,1,0
0.8899587876760147,1.588547547726805,0.9995261445399175,0.4164525845832017,3.379801117174448,1.275458731555141,24.76708770375144,62,female,medium,266.0,True,5,2,0,little,car,1,0
0.6282805265120325,1.551164230708726,1.640927014603968,0.343261632164321,0.9520491041107436,1.978755824814549,14.36619938145257,20,male,high,547.0,False,0,0,1,little,radio/TV,1,0
0.910498333616252,1.49000234318695,0.8125783872192007,0.312294057599606,0.0166197516862871,0.4655450950845298,24.02313962034643,41,male,medium,191.0,False,5,3,0,,domestic appliances,0,0
1.183329629975108,1.084784630011618,0.9182206439329572,0.1327083370532843,0.3362185615990869,1.380942656713611,3.045368673744162,45,male,medium,317.0,False,0,0,0,little,radio/TV,1,0
1.515785002045965,0.7741260413216867,0.5574074193386556,3.865936936201916,3.568045834058986,2.324657605237311,12.73008101984609,34,male,low,719.0,True,4,3,1,,car,1,0
1.286917785975078,0.8819495932706061,0.4628897362534471,2.489342376662513,5.282595689015544,3.212366094115727,39.6989690910214,82,female,very_low,742.0,False,3,2,0,,car,1,0
0.492304894926342,1.004766479222312,0.1470042652916505,2.106856274753243,12.17148898258352,1.772489064410588,60.9073629889071,70,female,high,493.0,True,0,0,0,quite rich,radio/TV,1,0
0.4443260917643896,0.5920492101588389,1.001006605260586,1.40144457686414,0.1907578044911317,0.1080217836076255,8.749807231072666,24,male,medium,906.0,True,4,2,1,moderate,furniture/equipment,1,0
0.9077924946069142,0.6239868765590687,1.684571199169056,1.381022568165814,1.426102793894875,2.4640941683245,8.74160420506471,58,male,high,780.0,True,0,0,0,little,repairs,0,0
0.3371318017674723,1.437877343523694,1.039149737532581,1.475181599491897,4.154468088539785,1.465685447289422,18.78162073281075,73,female,medium,658.0,True,0,0,0,moderate,radio/TV,0,0
0.6324753177077745,0.5793838987917207,0.4789352619947192,0.8966622971013889,0.1796773410946405,0.3558349373933353,7.298859491089084,26,male,high,663.0,True,5,3,1,,car,1,0
1.226700838123457,1.220653661600112,1.019109300919544,0.6002487252375602,0.841737371221478,2.425633763025394,18.96558309380186,67,female,medium,723.0,True,4,3,0,moderate,car,1,0
0.5041787459458095,0.6276160451205067,0.7613941097068406,0.3652425095884248,2.454367219343876,1.185676594473307,2.037835017907666,39,male,medium,266.0,True,2,1,0,moderate,car,1,0
1.694208477831012,1.074644641967517,0.5030620220134593,0.2413794280067552,2.432857010622735,2.112952101673811,1.558753197205526,30,male,high,570.0,True,3,3,1,little,furniture/equipment,1,0
0.9987273350067462,1.755785203072033,0.8036214040932951,0.08270103871985703,0.6783317537697208,2.681145573127021,6.811830347371095,27,male,high,910.0,True,3,3,1,little,furniture/equipment,0,0
0.6465807220180564,0.9612310655211402,1.23421315059678,2.372065897455775,0.909312722924842,1.755035499120182,4.046909933985933,70,male,low,508.0,False,2,2,0,rich,furniture/equipment,1,0
2.162165902649887,1.649397481126458,0.4066100792875665,1.539406138715657,0.1612360750023308,0.2502928977773695,21.10896235478429,24,female,high,202.0,True,5,1,0,rich,car,1,0
0.9467840129890194,0.687657003107713,0.6199545908190882,0.4921607551087836,0.007495164376898233,0.2575857353040519,8.122671525758568,34,male,high,686.0,False,3,2,1,little,furniture/equipment,0,0
0.9000729719971831,0.485256525065903,0.4061079727721767,1.947105543432902,3.757815796179021,2.363029602424832,25.46931203665689,79,female,medium,881.0,True,5,3,0,little,business,1,0
1.305967986514465,0.6150174065940246,1.064916926762309,0.7788581307660858,1.552406762382414,0.4220514695820254,5.804482354565762,43,male,very_low,599.0,True,0,0,0,little,vacation/others,1,0
0.5877913231645476,0.8165752415085776,0.641906147210365,0.6944658920268924,1.333401818564422,1.424420194050676,12.1411444106857,32,male,high,660.0,True,4,4,1,moderate,vacation/others,1,0
0.7658204365663329,1.03862321710447,0.541418504901572,0.5193388927967549,7.510371264891033,2.295017743158648,13.22966766422634,23,male,medium,266.0,False,2,3,0,rich,furniture/equipment,0,0
0.3698007684100778,1.505495950745461,0.5375953550368993,0.286568680226488,2.050368757601984,1.510610511021803,0.2689009921965697,51,male,medium,949.0,True,4,1,0,little,vacation/others,1,0
0.4791806992519066,1.419243756731909,0.8268426620752132,0.1326045329821496,0.4323057132944062,2.180817452175617,19.10239663219343,52,male,high,144.0,True,1,2,0,moderate,car,1,0
1.445700231419752,0.8517408283970791,0.8037965846008012,3.254195799887573,2.223285300437112,1.507578513435694,5.818566204850686,73,male,medium,843.0,True,5,3,0,little,repairs,0,0
0.6236108707300801,1.102561913954231,0.5490119534222319,1.97082682831429,1.088206038097775,1.705333356870589,8.688624305275779,75,male,medium,966.0,True,0,0,0,little,business,1,0
1.938381182623433,1.061125328043004,1.842496476258852,0.6745240443746097,0.3039544054570619,2.05042691541448,6.390659577116304,38,male,high,266.0,True,0,0,0,little,car,1,0
0.6762979088095135,0.6207398388154675,0.9352197286624172,0.6142801228948536,0.5190966058079488,0.4107787410536778,6.616977787553172,56,male,medium,357.0,False,5,4,0,little,car,1,0
0.94017327797036,0.7797489492039047,0.563073731115339,0.5970139506275187,0.4290407853515862,0.7255117147974405,10.69983991093693,47,male,very_low,894.0,False,5,4,0,,furniture/equipment,1,0
0.4792992221294219,1.09527796977186,1.507425238209847,0.2841177370103287,8.808137859918924,1.320899111086916,3.091641773831435,64,male,low,869.0,True,5,3,0,little,repairs,0,0
1.310688001048625,0.5035311560091329,0.4199473261199231,0.1684072671668332,0.2764429391986778,2.703578016468656,20.54609147274696,55,male,high,929.0,True,0,0,0,quite rich,radio/TV,1,0
2.518442460913399,1.565068040417558,0.1224454762817954,4.365618015763251,7.22384142727234,0.8714144633062374,15.05481219673777,29,male,very_low,514.0,True,5,3,1,little,car,1,0
1.024096535520807,0.8796343724535625,1.453776966010822,3.536379749521485,0.9648976641167943,5.847236516813032,7.901587851019116,36,male,high,266.0,True,0,0,0,quite rich,business,1,0
1.649014876747701,1.029893446410749,0.2078608487257473,2.271026330582011,0.06080901836377811,0.1561279931067814,8.529897630956722,82,male,medium,545.0,True,5,3,0,moderate,car,0,0
0.6703374104844233,1.43483202781889,1.177313056477032,1.840665398024713,1.883215748981126,0.9001843561206174,2.956944368291019,33,male,medium,576.0,True,3,1,1,little,furniture/equipment,1,0
2.158996557010208,0.7624243483323484,2.901804470037815,0.3087194932741884,2.151475125924645,3.300285535560375,37.43439730796095,32,female,high,953.0,False,3,3,1,moderate,car,1,0
0.4880125903871819,1.191368510840244,1.100191518747193,0.02851811398338593,8.739619231746136,7.767029622951455,3.560391661675978,51,male,high,624.0,True,2,1,0,quite rich,repairs,0,0
1.965465226271009,0.4378893306121924,1.297236396248902,2.966477916038428,0.002835327413569129,0.006802300375463243,20.24277482814396,70,female,medium,555.0,True,4,3,0,little,furniture/equipment,0,0
0.6909739517546871,0.6703471907555012,1.069426494539112,1.295912142373901,0.8273608611548925,2.645920877469929,7.487048668970429,40,male,high,550.0,False,3,4,0,rich,furniture/equipment,1,0
1.386418600778507,1.283595113391659,2.006442953017676,1.144029569610539,0.7987539952076586,2.999687597957053,8.7076563077148,21,male,high,238.0,True,4,4,0,moderate,radio/TV,0,0
0.9861051802012141,1.190088784340193,0.8125279728569781,0.7783330675753581,0.9197111531511277,0.4852357403274335,9.581626590353995,32,male,high,826.0,True,3,2,1,,vacation/others,0,0
2.59894503792527,0.8993122956048691,1.775910053039735,0.4294992492781461,0.84528083416181,1.816239382566144,11.83918339713567,59,male,very_low,604.0,True,5,3,0,little,radio/TV,1,0
1.106269049106699,1.655535253014478,0.7121274695034948,2.109486282606909,1.03381925889507,0.1710396896229834,16.02715187360375,83,male,medium,266.0,True,5,3,0,little,vacation/others,0,0
0.5620566975072511,0.9181866304985038,0.4462042589443632,0.9445999624159892,0.07293485174343353,0.2938997159246452,10.66924769536976,39,male,very_low,618.0,True,2,3,0,little,car,0,0
0.5560429917253612,1.55615992552715,0.341481674181438,0.7462592099146356,0.2696286150665916,0.5331409940770466,1.563514031682628,38,male,high,922.0,True,5,3,0,little,car,0,0
2.205651954043154,1.454726599489818,0.8653383986487906,0.0225344560632997,2.66165801548452,7.677875569625907,4.240029935634195,64,male,high,233.0,True,0,0,0,,vacation/others,0,0
0.8749646799654812,0.9804292512906587,1.112325446024924,0.3049826209606052,0.9401257850780678,0.1040371097287389,28.33087903109432,32,female,low,741.0,True,4,4,1,rich,domestic appliances,0,1
2.420215730890475,0.9487821940281959,0.4521527799520264,7.065909560188212,1.824894590505789,1.647666533871008,3.052671645645479,53,male,medium,180.0,False,5,3,0,quite rich,radio/TV,0,0
0.9914079442189327,0.9353733191106456,0.7918502517396289,2.922405039718501,0.20696429145569,0.03409444093710902,3.313176836995386,62,male,very_low,343.0,True,3,3,0,rich,business,0,0
0.1971840422565522,1.732086823317698,1.2423914956246,2.077101699796214,0.0222885417750794,0.0236836759602288,12.0738083282656,31,male,very_low,889.0,True,3,2,1,little,car,1,0
1.294429973443693,1.008327767195631,0.7488769151966972,0.9509647538112825,3.821544703125681,0.3896238006782127,9.81673750505498,28,male,medium,930.0,True,0,0,1,little,vacation/others,1,0
1.068592769181237,0.7390395252715867,0.5875903922986424,3.749137648446899,2.454049615825562,2.05654923949106,12.27131146617821,27,male,medium,786.0,True,5,4,1,moderate,education,0,0
0.9324763782816231,1.656071876228312,0.4873160387463141,3.247089050764178,0.1590946183060618,0.06445781617702258,13.07405532537478,27,male,medium,946.0,True,0,0,1,moderate,vacation/others,0,0
1.317435991849726,0.6860847309670436,0.4068544169265879,2.595744547557267,3.633926401030426,4.035138772784586,61.94015712403331,69,female,high,144.0,False,0,0,0,moderate,car,0,0
0.76897114024843,0.9244629095976598,0.8326430172251967,1.642367615476854,1.522451830965798,2.284000995387795,13.37123382054935,55,male,high,693.0,True,3,2,0,little,business,0,0
0.4415570272787826,0.9933409749444334,0.1573920570298978,1.092120065358755,2.805419031142363,0.4626894772831606,15.82447407529028,67,male,very_low,266.0,True,3,3,0,little,repairs,1,0
1.99081516012841,1.12419386703469,0.6076774506908444,0.302095699676387,0.1079830893680998,0.6467057540801305,1.638929516584608,30,male,high,180.0,True,5,3,0,little,education,0,0
2.56475147261228,0.9713105397026226,1.274130002374036,0.2845818841307243,0.70089398903397,1.596974456565173,10.5494173003984,57,male,high,905.0,True,1,1,0,moderate,radio/TV,1,0
0.6700036706477772,1.106351665966606,0.6013171193488118,3.641388906387088,2.719029139213538,1.325187228390863,5.614976201232412,65,male,high,151.0,True,4,3,0,little,car,1,0
2.889394392824181,0.5363079342228242,0.5793557310730072,2.209464643013029,2.771890060884399,1.721181657774441,10.18321827168391,24,male,high,393.0,True,1,0,0,,domestic appliances,1,0
0.3465276516751823,1.87961635449887,1.002677229489171,0.7137078448623542,1.160063869162572,1.65020660284262,8.521551547963858,21,male,medium,207.0,False,5,2,0,quite rich,car,1,0
0.2753551225446207,1.464937496140573,0.4733271327902399,0.7114503742261904,0.05749450482178294,0.4277856532212117,10.86114753893249,82,male,medium,792.0,True,1,2,0,quite rich,education,0,0
1.348003911374321,2.321264233577476,0.6183682243814437,0.6334402373989257,0.1445609560699586,0.4507436753784858,11.1636187068862,30,male,medium,719.0,False,5,4,1,rich,furniture/equipment,0,0
1.005691766548732,0.9346650447639938,0.9062947988091455,0.2975488597254918,0.2819620459402621,0.7243761052390527,3.953239196799242,74,male,medium,721.0,True,3,1,0,,repairs,0,0
0.8534549277179423,1.624958593220551,1.169652736830338,2.094987064270366,1.125839879938774,3.49595723168353,7.295793359751713,77,male,medium,112.0,True,4,3,0,,education,1,0
2.207749382736289,1.028458495220449,0.9639345246117467,0.1790515016415458,0.01919417455330987,0.5489424040584381,4.468670407406425,84,male,high,738.0,True,5,3,0,moderate,education,1,0
1.023516020822293,0.5779262923504925,0.2987427134040661,1.724799462694144,2.959251171918465,1.097224565679454,13.11363856901186,44,male,high,852.0,False,5,3,0,,furniture/equipment,1,0
1.013295952938565,1.687375823183528,0.721630166370663,0.7145099691145259,0.08629103754746177,0.2756201482207766,6.761861407491603,52,male,high,243.0,True,5,3,0,little,radio/TV,0,0
2.05009900406788,1.107650980131997,1.516510016850584,0.4349240292458179,0.889431396289527,0.5283773027772984,3.828255911388501,28,male,high,634.0,True,2,3,1,quite rich,furniture/equipment,1,0
0.7340363125115125,0.8700136823036848,0.5810977150132145,2.190069912694331,0.2332108774378052,0.1337838860180249,22.47283157559954,19,female,low,119.0,True,5,3,0,quite rich,domestic appliances,1,0
1.500260182499304,0.841304942597411,0.6836161531951687,1.673659393962434,0.2273134698516878,0.1493193586471235,10.05086207976976,82,male,high,747.0,False,5,4,0,little,car,1,0
1.672248306480296,1.195645677500263,1.22618495544233,1.574387090921175,2.17537506293598,3.233503420902168,14.43841656421442,43,male,medium,794.0,True,2,2,0,,car,0,0
0.6361162621817115,0.7140687320653335,0.5096332222109174,0.187002047913551,0.01545680452910765,0.9213572044507201,8.919299118633507,68,male,high,545.0,True,1,0,0,moderate,repairs,0,0
0.816573774446546,2.24336158268629,0.2302987050093023,3.203528495450715,9.403014965107504,0.9940965881667905,26.00605546730782,49,male,low,,True,4,2,0,,education,0,0
2.043740131594227,0.4970911977946328,1.134984993021152,1.088935436658033,0.09640394609947188,0.1041260018918117,6.802833891229224,58,male,low,529.0,True,3,2,0,little,radio/TV,0,0
0.5335341454598272,1.36390401760351,0.31379606922578,0.6398450309837578,0.1470791185447789,0.833699312882041,20.35846017481468,44,male,high,892.0,True,0,0,0,quite rich,repairs,0,0
1.329845813323997,0.8218743698039347,1.339304288142887,0.1826264641976441,2.055677164536542,1.134858061223464,1.121204316612215,32,male,medium,377.0,True,2,2,0,quite rich,radio/TV,1,0
0.5588703660690236,0.9527069786727383,0.3399404544427625,0.1448380531161098,1.230423766674728,4.334606305845036,10.56697818727141,57,male,low,717.0,True,3,4,0,quite rich,furniture/equipment,0,0
0.8383011067511373,0.9921181781701328,0.3580474704550778,0.1152639457131737,0.03097976151973365,1.855536961145767,3.954343992583846,39,male,high,904.0,False,5,3,0,,vacation/others,1,0
0.508094005603814,0.7110223373350549,0.5835823548034894,4.957735049078329,2.144626888913709,2.324008592815321,5.228916923064638,68,male,high,920.0,False,5,3,0,rich,education,0,0
0.8912840513933528,0.9661644786583609,0.2849261672117092,3.40720739797482,4.073625089308893,3.082387192391584,28.96506877244413,70,female,high,191.0,True,2,3,0,little,vacation/others,0,0
0.9454604507687595,0.4556669230577615,0.5695306097847352,1.411233212996612,1.341651440349936,2.302300067302801,23.91105117673399,23,female,high,659.0,True,3,3,1,,car,0,0
0.8494598209540842,1.031009178433514,0.8346244232949516,1.337805732999514,3.245653645627089,0.9557501544709481,9.75180323156808,21,male,low,764.0,True,4,1,1,quite rich,radio/TV,1,0
1.223708675687671,1.749370244377054,0.7446174549913178,1.170101996037711,1.869445829937194,3.329405027742119,30.85199019557106,77,female,medium,399.0,True,0,0,0,moderate,radio/TV,1,0
0.8284610663023685,0.9912219561444042,0.516002483157336,0.9383905944188001,1.835668261798064,0.7599796221449276,9.26625660807527,56,male,very_low,132.0,False,3,3,0,little,radio/TV,0,0
0.8067736301028258,0.7463584702499847,1.240188268934392,0.5473987852299269,1.111764298759716,0.4806171913480548,4.905748057779642,83,male,low,439.0,True,3,3,0,rich,car,1,0
1.003529929384919,1.360140280739013,0.4653226767558623,3.164430878536443,3.448817922738167,6.064612834051617,33.21738125517079,45,male,high,911.0,True,4,1,0,moderate,vacation/others,1,0
0.6042814336513046,0.9296282958775864,0.5552572449846404,2.696449339515827,1.091531952286109,0.8411503515052979,4.512975362835551,43,male,high,687.0,True,3,3,0,rich,repairs,0,0
0.8737639113747467,0.7986091497421609,0.41039035531942,1.815503872566619,1.266189805669795,1.803404129547563,12.16692677094875,85,male,high,658.0,False,4,3,0,little,domestic appliances,1,0
1.572447894931108,1.53189491154117,0.5132397545934337,1.127870241438276,0.7582775370284456,0.4279652402795738,6.311009682316275,82,male,medium,266.0,True,5,4,0,little,vacation/others,0,0
1.899670568337623,1.07583987841032,0.8649522770171226,0.1293133745456844,0.1144657059572973,1.328548135904653,12.21510434985225,21,male,high,266.0,True,0,0,0,little,business,1,0
1.202470186250179,0.4970390408428688,0.8110347494255574,0.7612003067552715,2.264285879130087,0.6020025313263735,5.028223349735645,57,male,medium,247.0,True,5,3,0,moderate,radio/TV,0,0
0.08736996281484666,1.112899910871286,0.6935844935854403,0.6422787536113799,0.7946469839678214,0.556467919900285,4.529732982022131,58,male,medium,328.0,False,3,3,0,,repairs,1,0
2.379507034879246,0.5142715113541932,3.229075091776937,0.559391226464226,0.4031693165775096,1.829373384269602,2.196478685829199,82,male,high,619.0,False,3,2,0,rich,radio/TV,0,0
1.513801903572977,0.9073793889588626,0.4860226441045196,0.4439438823456419,1.516741739012298,1.210576654041765,2.042563736144356,57,male,medium,614.0,True,5,3,0,rich,vacation/others,1,0
1.722927307452073,0.6045819222870267,1.563929980314691,2.508899910633263,0.8496884349388916,1.512219653236405,2.818739790147197,37,male,high,724.0,True,4,3,0,little,business,0,0
1.122402132094146,0.8433460707682822,0.9566969593844318,1.679848649455447,2.137487781407087,2.094660685863203,9.110604660714344,43,male,high,313.0,True,3,4,0,moderate,repairs,1,0
1.432340441794365,0.4133163234927036,1.414985256117008,1.575425574533079,1.087840134296235,5.679876896991558,16.76763909440247,36,male,high,677.0,True,5,3,0,little,radio/TV,0,0
1.955546537165394,0.4854644765047428,1.084983440925228,0.7297326579460965,0.845840155467059,0.4439689173321333,17.1501994049382,80,male,very_low,796.0,True,3,2,0,,radio/TV,1,0
1.034051265584564,1.212211260545845,0.6973105325170076,0.399749166545854,2.403634695960331,1.054123882023576,20.68103008461483,60,female,medium,924.0,True,5,3,0,moderate,business,1,0
1.218830441425386,0.7624531787803078,0.7645622720118083,2.360248352223717,1.694503808458352,1.036877297428617,5.998089812523872,43,male,high,552.0,True,0,0,0,little,furniture/equipment,0,0
0.8178333046985392,0.7785256919307076,0.2275625122076468,0.9092539330415043,0.7333407421757373,1.152504930342459,27.09710122753987,52,male,high,919.0,True,4,3,0,little,furniture/equipment,0,0
1.33514317160461,0.9072546630745634,0.9194404442944861,0.7699753234387314,3.923985104903074,0.7000288870934692,10.32110867552152,21,male,high,711.0,False,5,3,1,little,radio/TV,1,0
2.42531249923571,1.71069103472894,0.7548441600389348,0.555199801730986,2.183134140440083,1.194492574212195,24.31815104224519,42,male,high,144.0,True,5,2,0,quite rich,furniture/equipment,0,0
1.285068242144184,1.818018615324375,2.288455534118076,0.3141063069090433,0.7913201142461203,3.236721693234814,27.40529238253039,45,male,high,422.0,True,5,1,0,rich,radio/TV,1,0
0.6754470265081636,0.806881468990724,0.8480658507776243,0.27643827468718,1.189475199338951,0.9713863317951087,22.86623157429112,45,male,high,847.0,True,5,3,0,,furniture/equipment,0,0
0.4244425566169783,0.9311853557896073,1.204826687626344,4.365317826030254,2.275963084120019,0.8501620434606133,1.529357176654702,35,male,high,317.0,True,2,3,0,,domestic appliances,1,0
0.8513762998454375,0.797130912695453,0.8046739676897386,1.779935823464161,4.071384614524402,0.2706935569462872,5.860552277198535,78,male,high,807.0,True,5,3,0,quite rich,domestic appliances,1,0
1.4100361405981,0.5225221601667418,0.5756821746614372,0.8877501470217186,3.145777121012501,5.518241469144995,87.40206883383898,79,female,high,857.0,True,3,4,0,moderate,car,1,0
1.333646494251618,0.9000806473872487,0.8784596321947656,0.843394994113025,0.06931184705990738,0.2166904648678908,19.88664161385197,67,female,high,266.0,True,5,3,0,rich,car,1,0
0.1941971629312282,1.271958159828966,0.866048999161262,1.34499144300111,1.753275451017876,3.466168045633019,25.05600789007865,37,male,high,710.0,False,0,0,0,little,car,1,0
1.258963577133509,0.4902922924578283,0.6898359935584892,1.277263015509867,1.358152318483561,0.3963055236762864,9.614412156093707,32,male,high,734.0,False,3,3,1,moderate,radio/TV,1,0
1.786716938211211,0.7911074442421564,0.5469743047456552,0.7433582942038718,0.6643043090888024,1.931411929076015,14.84983822062123,18,male,very_low,834.0,True,5,2,1,,radio/TV,0,0
1.195429725152199,0.6859164807237932,0.4188636996125318,2.84106873343876,2.20902212450472,3.849800298664696,19.97124289820171,70,female,high,414.0,True,5,3,0,little,furniture/equipment,1,0
1.684032141542413,1.659481633216705,0.4225797927189542,1.705885461975353,4.935256810141116,0.6311932741755021,10.39931037813454,71,male,medium,498.0,True,5,3,0,rich,furniture/equipment,1,0
1.464364489988802,0.7000625199577131,0.801702510302819,1.157434316334063,6.625514120575851,0.6544689495534727,10.2825357771356,78,male,high,144.0,False,4,2,0,,education,1,0
0.9786109350848331,0.7859457976503175,0.643651708031392,0.1305911243732558,0.3834098568833154,2.314407986420726,10.67456225877232,63,male,high,843.0,True,2,2,0,little,repairs,0,0
0.6758296484886478,0.8853059061213054,0.524490210972959,4.780957448773067,3.586747732981141,3.433692084060545,11.40301840231881,44,male,high,471.0,True,5,3,0,little,domestic appliances,1,0
1.021260183444238,1.240022135872273,0.3334449942182,1.014683509312075,0.03967814406963698,0.23276632804466,2.650916776267014,23,male,high,763.0,True,0,0,1,quite rich,repairs,0,0
0.9746658676929914,0.9679696896077016,0.7454307724262937,0.4766144202896396,0.4459517241341786,0.7687326806336674,22.46959364566412,75,female,very_low,812.0,True,0,3,0,,car,1,0
0.6686918949599877,1.396711147760767,1.665692828617898,0.4099129782504748,1.009885922916882,1.484453977314961,15.99461417346372,23,male,low,320.0,True,3,3,0,rich,education,1,0
1.065266252248115,1.450816867983092,0.954152816417863,1.834251105933214,2.733615906137434,2.142551472933832,11.00710329837236,27,male,high,839.0,True,5,1,1,moderate,education,1,1
1.169231605953363,1.240927241211322,0.9535649027478446,2.001662821023944,1.586587250085563,0.151296556107176,10.52802292282643,35,male,medium,694.0,True,0,0,0,rich,education,0,0
1.746226862513972,0.7416933337975212,0.3970898405864639,0.706740737727326,0.5539069611714494,0.8103318930586929,10.13933693166397,48,male,high,671.0,True,0,0,0,quite rich,education,1,0
2.727630557922002,1.591714793023718,1.329618729880526,0.3022790110230393,14.37912018930814,1.671472647222216,3.439592934271162,30,male,high,687.0,True,5,3,1,rich,furniture/equipment,1,0
0.156504865628744,0.8487070202626865,1.071619655263797,0.8219738682267024,1.982427623510985,4.980200098572738,35.51777151758192,18,female,high,495.0,False,5,2,1,,business,1,0
0.3965502762129966,1.175011082794129,1.269396387025987,0.8110802596430864,0.9559560235120461,0.9584491815257021,6.001071665972047,39,male,high,862.0,False,4,3,0,moderate,car,1,0
0.8926658247693581,0.9372217251605571,0.8444316092168136,0.6416425118330342,1.799686689941711,0.6185358976253896,4.500706559484924,82,male,medium,266.0,True,2,2,0,quite rich,repairs,1,0
3.026197023363613,0.6050814080439367,0.2595850433607148,0.6189369717975225,0.1063125084195065,0.8563347040714486,18.33258169420085,54,male,very_low,911.0,True,1,0,0,,repairs,1,0
2.24689388749275,1.410787405635963,0.6112520882145428,1.429322143286155,1.514330657062057,2.326093621302556,15.68925651111335,37,male,medium,839.0,False,5,3,0,moderate,car,0,0
1.579677232642107,0.9544793116183687,1.388162425680665,0.7261636691024639,0.02903298856849628,0.0850634227633884,3.588804740896492,62,male,medium,827.0,True,5,3,0,quite rich,vacation/others,0,0
1.143312744846661,1.422912624777016,0.3947460518006494,0.6306345025419017,1.326164730741219,1.123298888048784,6.56619610750907,74,male,high,357.0,True,1,3,0,rich,car,1,0
0.4664329965610423,0.9987700895058363,0.4727840203339935,0.4320954577704781,13.58706995850979,3.382327739417537,13.84140803646572,46,male,high,956.0,True,0,0,0,little,education,1,0
0.8137463596056161,1.019592395040863,1.30522615526855,0.1175829031156688,1.401630144106334,1.639630563409289,3.455521863327772,32,male,high,802.0,False,2,5,1,quite rich,domestic appliances,1,0
0.3588246037629829,1.533611477650075,0.8354102184954987,5.694422040170494,0.01061558298761209,0.003884316360251903,5.757927467838102,47,male,low,357.0,False,4,3,0,rich,repairs,0,0
0.4696259051998229,1.261319938925524,0.6177794250154982,3.840019714736823,0.5221747721333351,0.04342984486427466,2.79072165556313,66,male,medium,959.0,False,5,2,0,rich,repairs,0,0
0.8354032902724589,1.438453952071046,0.3337086512631033,2.35680564338097,4.728352716952248,3.768034063002979,40.96192560986887,31,female,high,191.0,True,0,2,0,moderate,vacation/others,1,0
0.1875022467954925,0.9033449191968916,0.6146392554281652,1.473522096370572,3.556603781170815,1.363880552952446,13.99104654595622,55,male,high,891.0,True,0,0,0,little,repairs,1,0
0.7365436407399196,0.9519124545326534,0.8025294958690214,0.6876199732045702,1.10183156968755,0.5466693661567482,4.989702085442932,83,male,medium,863.0,True,4,2,0,,radio/TV,1,0
0.7962041515453274,0.4601708069040608,0.7688064307068555,0.6834027360368747,2.733841733072156,1.156268497196382,16.69585018122669,53,male,high,846.0,True,2,4,0,quite rich,domestic appliances,1,0
1.690566150014778,0.3725313860021403,0.7176764605273971,0.5672882979201307,2.239549449375163,1.316933972491321,20.09676487810697,65,female,high,436.0,True,2,3,0,little,car,1,0
3.09793860427789,1.399124784493466,1.145562293726065,0.4484077746503068,1.048467415725284,1.508871852761332,23.69035816268184,66,female,medium,797.0,True,0,2,0,little,education,1,0
0.9125224722962308,1.225295261692163,0.4336478012715049,0.4478443440138273,2.740920659702528,1.977262458399959,7.37800705356165,21,male,low,887.0,True,4,3,1,moderate,car,0,0
1.730501709100823,1.093850357129815,0.5411217541845027,2.071707987559324,4.022663581248909,0.3405157263994247,8.95448177220936,81,male,high,,True,5,3,0,moderate,radio/TV,1,0
0.8591201641882104,0.968813226052294,0.83607207296764,1.692884574105848,1.943339006055412,1.647737983432743,14.01976409840366,52,male,high,803.0,True,5,3,0,,education,0,0
0.1278034153562918,0.7784248993457303,0.4441957683419739,0.9238857814734748,0.7317728395570501,0.4937085318410771,2.833798817380051,77,male,high,441.0,True,5,1,0,little,furniture/equipment,0,0
1.897261447089782,0.814720918762796,0.6159234062530577,0.6112374068738992,0.09376494574653892,0.402433642094654,12.3991523900784,27,male,high,354.0,True,5,3,0,,car,1,0
0.744723440551995,1.588610375756923,0.9983925318913474,0.5453557918118097,0.9368823654033563,0.6463197545749785,15.01918992381377,74,male,medium,,True,0,0,0,quite rich,car,1,0
0.4851244656875661,0.7441538654247718,0.6982374917288671,0.2350440469854023,2.494618617296025,1.989538580266679,4.013457458503787,25,male,high,819.0,True,4,2,1,rich,car,0,0
1.174035079446084,0.881955911641798,0.1611210329183459,3.760548250973057,2.3727650028382,1.309276178583234,12.52920863045746,19,male,very_low,562.0,,0,0,1,little,radio/TV,1,0
0.559133517533458,0.5365883498714484,1.279124649754646,0.9290000820324001,7.795272827113391,0.5166293214823251,3.664827050943973,18,male,high,243.0,False,4,3,0,,car,1,0
1.857941566770064,0.9769264404934683,0.5132084176097254,0.7079979617350634,0.176079223340309,0.4445416047094102,10.77807021110085,78,male,high,643.0,True,2,2,0,moderate,domestic appliances,0,0
1.207779528967564,0.7820060343131147,0.5571928788213774,0.1861878332908405,1.029377200703743,0.54694536541568,16.71760091808732,70,male,low,690.0,True,5,3,0,little,domestic appliances,0,0
0.5795989791437849,1.191785391519893,0.4993008639294383,1.139520049476624,0.08079932328533854,0.2611270627820039,23.74892049075307,84,female,very_low,498.0,False,5,3,0,little,radio/TV,0,0
1.439362073379182,0.8812593360469889,0.6402862043378157,0.6963686987436178,1.778512995439017,0.80608390389348,14.84734302575503,34,male,medium,817.0,True,0,0,1,moderate,radio/TV,1,0
